run_id,date,commit,command,seed,optimizer,lr,beta1,beta2,weight_decay,momentum,ns_steps,batch_size,max_steps,best_val_loss,final_val_loss,step_to_3_28,reached_3_28,diverged,wall_time_min,train_time_sec,cooldown_frac,adam_cooldown_frac,leon_eps,leon_ns_iters,world_size,device,torch_version,cuda_version,run_path,notes
base,2026-05-04T14:54:40-05:00,c89e2b8041680c72c91963246f35d98a723301d5,"records/track_3_optimization/launch_leon.sh --trials 1 --out-dir records/track_3_optimization/runs/leon/20260504-leon-screen1500/base --set train_steps=1500 --set leon_lr=0.025 --set leon_wd=0.025 --set leon_cooldown_frac=0.7",unset,leon,0.025,,0.7,0.025,0.95,6,524288,1500,3.57447,3.57447,,false,false,11.958,717.477,0.7,0.7,1e-09,6,4,NVIDIA H100 NVL,2.11.0+cu126,12.6,records/track_3_optimization/runs/leon/20260504-leon-screen1500/base,"1500-step screening run; did not reach val_loss < 3.28"
lr0225,2026-05-04T15:07:43-05:00,c89e2b8041680c72c91963246f35d98a723301d5,"records/track_3_optimization/launch_leon.sh --trials 1 --out-dir records/track_3_optimization/runs/leon/20260504-leon-screen1500/lr0225 --set train_steps=1500 --set leon_lr=0.0225 --set leon_wd=0.025 --set leon_cooldown_frac=0.7",unset,leon,0.0225,,0.7,0.025,0.95,6,524288,1500,3.58408,3.58408,,false,false,11.396,683.756,0.7,0.7,1e-09,6,4,NVIDIA H100 NVL,2.11.0+cu126,12.6,records/track_3_optimization/runs/leon/20260504-leon-screen1500/lr0225,"1500-step screening run; did not reach val_loss < 3.28; worse than base by +0.00961 final val"
lr0275_sandbox_fail,2026-05-04T15:32:19-05:00,c89e2b8041680c72c91963246f35d98a723301d5,"NPROC_PER_NODE=4 records/track_3_optimization/launch_leon.sh --trials 1 --out-dir records/track_3_optimization/runs/leon/20260504-leon-screen1500/lr0275 --set train_steps=1500 --set leon_lr=0.0275 --set leon_wd=0.025 --set leon_cooldown_frac=0.7",unset,leon,0.0275,,0.7,0.025,0.95,6,524288,1500,,,,false,true,1.48,,0.7,0.7,1e-09,6,4,,,,records/track_3_optimization/runs/leon/20260504-leon-screen1500/lr0275,"Launch failed before training: sandbox denied torchrun local TCPStore localhost sockets; no run directory or validation logs"
lr0275,2026-05-04T15:45:58-05:00,c89e2b8041680c72c91963246f35d98a723301d5,"NPROC_PER_NODE=4 records/track_3_optimization/launch_leon.sh --trials 1 --out-dir records/track_3_optimization/runs/leon/20260504-leon-screen1500/lr0275 --set train_steps=1500 --set leon_lr=0.0275 --set leon_wd=0.025 --set leon_cooldown_frac=0.7",unset,leon,0.0275,,0.7,0.025,0.95,6,524288,1500,3.56625,3.56625,,false,false,11.392,683.522,0.7,0.7,1e-09,6,4,NVIDIA H100 NVL,2.11.0+cu126,12.6,records/track_3_optimization/runs/leon/20260504-leon-screen1500/lr0275,"1500-step screening run; did not reach val_loss < 3.28; better than base by -0.00822 final val"
lr030,2026-05-04T16:00:31-05:00,c89e2b8041680c72c91963246f35d98a723301d5,"NPROC_PER_NODE=4 records/track_3_optimization/launch_leon.sh --trials 1 --out-dir records/track_3_optimization/runs/leon/20260504-leon-screen1500/lr030 --set train_steps=1500 --set leon_lr=0.03 --set leon_wd=0.025 --set leon_cooldown_frac=0.7",unset,leon,0.03,,0.7,0.025,0.95,6,524288,1500,3.55506,3.55506,,false,false,11.420,685.189,0.7,0.7,1e-09,6,4,NVIDIA H100 NVL,2.11.0+cu126,12.6,records/track_3_optimization/runs/leon/20260504-leon-screen1500/lr030,"1500-step screening run; did not reach val_loss < 3.28; best current 1500-step screen; better than base by -0.01941 final val and better than lr0275 by -0.01119"
lr0325,2026-05-04T16:16:39-05:00,c89e2b8041680c72c91963246f35d98a723301d5,"NPROC_PER_NODE=4 records/track_3_optimization/launch_leon.sh --trials 1 --out-dir records/track_3_optimization/runs/leon/20260504-leon-screen1500/lr0325 --set train_steps=1500 --set leon_lr=0.0325 --set leon_wd=0.025 --set leon_cooldown_frac=0.7",unset,leon,0.0325,,0.7,0.025,0.95,6,524288,1500,3.54514,3.54514,,false,false,11.410,684.573,0.7,0.7,1e-09,6,4,NVIDIA H100 NVL,2.11.0+cu126,12.6,records/track_3_optimization/runs/leon/20260504-leon-screen1500/lr0325,"1500-step screening run; did not reach val_loss < 3.28; best current 1500-step screen; better than lr030 by -0.00992 final val"
lr035,2026-05-04T16:31:36-05:00,c89e2b8041680c72c91963246f35d98a723301d5,"NPROC_PER_NODE=4 records/track_3_optimization/launch_leon.sh --trials 1 --out-dir records/track_3_optimization/runs/leon/20260504-leon-screen1500/lr035 --set train_steps=1500 --set leon_lr=0.035 --set leon_wd=0.025 --set leon_cooldown_frac=0.7",unset,leon,0.035,,0.7,0.025,0.95,6,524288,1500,3.54084,3.54084,,false,false,11.389,683.320,0.7,0.7,1e-09,6,4,NVIDIA H100 NVL,2.11.0+cu126,12.6,records/track_3_optimization/runs/leon/20260504-leon-screen1500/lr035,"1500-step screening run; did not reach val_loss < 3.28; best current 1500-step screen; better than lr0325 by -0.00430 final val; improvement narrowing"
lr040,2026-05-04T16:47:22-05:00,c89e2b8041680c72c91963246f35d98a723301d5,"NPROC_PER_NODE=4 records/track_3_optimization/launch_leon.sh --trials 1 --out-dir records/track_3_optimization/runs/leon/20260504-leon-screen1500/lr040 --set train_steps=1500 --set leon_lr=0.04 --set leon_wd=0.025 --set leon_cooldown_frac=0.7",unset,leon,0.04,,0.7,0.025,0.95,6,524288,1500,3.52678,3.52678,,false,false,11.417,685.016,0.7,0.7,1e-09,6,4,NVIDIA H100 NVL,2.11.0+cu126,12.6,records/track_3_optimization/runs/leon/20260504-leon-screen1500/lr040,"1500-step screening run; did not reach val_loss < 3.28; best current 1500-step screen; better than lr035 by -0.01406 final val; skipped lr0375 per branch plan"
lr045_oom,2026-05-04T18:30:27-05:00,2e94bf1b042931c00b014296e64644b6b0e452b2,"NPROC_PER_NODE=4 records/track_3_optimization/launch_leon.sh --trials 1 --out-dir records/track_3_optimization/runs/leon/20260504-leon-screen1500/lr045 --set train_steps=1500 --set leon_lr=0.045 --set leon_wd=0.025 --set leon_cooldown_frac=0.7",unset,leon,0.045,,0.7,0.025,0.95,6,524288,1500,10.82584,10.82584,,false,true,0.375,0.007,0.7,0.7,1e-09,6,4,NVIDIA H100 NVL,2.11.0+cu126,12.6,records/track_3_optimization/runs/leon/20260504-leon-screen1500/lr045,"Failed before first training step with CUDA OOM; GPUs were already occupied by python PIDs 2362380/2362383/2362386/2362388 using about 62940 MiB each; process ownership not managed unless username is rj23424"
lr045_retry_2gpu,2026-05-04T22:27:27-05:00,7e0c2c7f2cfc681192bf8ad03ecda2e7c9e4db65,"CUDA_VISIBLE_DEVICES=1,2 NPROC_PER_NODE=2 records/track_3_optimization/launch_leon.sh --trials 1 --out-dir records/track_3_optimization/runs/leon/20260504-leon-screen1500/lr045_retry_2gpu --set train_steps=1500 --set leon_lr=0.045 --set leon_wd=0.025 --set leon_cooldown_frac=0.7",unset,leon,0.045,,0.7,0.025,0.95,6,524288,1500,3.52062,3.52062,,false,false,21.225,1273.506,0.7,0.7,1e-09,6,2,NVIDIA H100 NVL,2.10.0+cu128,12.8,records/track_3_optimization/runs/leon/20260504-leon-screen1500/lr045_retry_2gpu,"1500-step screening run on 2 idle GPUs; did not reach val_loss < 3.28; improved previous 1500-step best lr040 by -0.00616 final val; wall time is not directly comparable to 4-GPU screens"
lr050_2gpu,2026-05-04T22:57:36-05:00,18d8a2c97e068df83e8890d68a7fd3ec27ad1e4c,"CUDA_VISIBLE_DEVICES=1,2 NPROC_PER_NODE=2 records/track_3_optimization/launch_leon.sh --trials 1 --out-dir records/track_3_optimization/runs/leon/20260504-leon-screen1500/lr050_2gpu --set train_steps=1500 --set leon_lr=0.05 --set leon_wd=0.025 --set leon_cooldown_frac=0.7",unset,leon,0.05,,0.7,0.025,0.95,6,524288,1500,3.51458,3.51458,,false,false,20.717,1243.004,0.7,0.7,1e-09,6,2,NVIDIA H100 NVL,2.10.0+cu128,12.8,records/track_3_optimization/runs/leon/20260504-leon-screen1500/lr050_2gpu,"1500-step screening run on 2 idle GPUs; did not reach val_loss < 3.28; improved lr045_retry_2gpu by -0.00604 final val; new best current 1500-step screen; wall time is not directly comparable to 4-GPU screens"
muon1500_2gpu,2026-05-04T23:29:56-05:00,412e9fed1438396e383c501416bcb04e10ef77ed,"CUDA_VISIBLE_DEVICES=1,2 torchrun --standalone --nproc_per_node=2 records/track_3_optimization/runs/muon/20260504-muon-screen1500/train_gpt_simple_muon_screen1500.py 1",unset,muon,0.025,,,0.025,0.95,12,524288,1500,3.43079,3.43079,,false,false,20.268,1216.076,0.7,0.7,,,2,NVIDIA H100 NVL,2.10.0+cu128,12.8,records/track_3_optimization/runs/muon/20260504-muon-screen1500,"1500-step Muon baseline on 2 idle GPUs; copied train_gpt_simple.py with only train_steps changed from 3375 to 1500; optimizer hparams unchanged; did not reach val_loss < 3.28; final is -0.08379 below current best Leon lr050_2gpu final"
lr055_2gpu,2026-05-04T23:59:36-05:00,a34fb1d87bff3164efb0c79c2b4f0b1e54302379,"CUDA_VISIBLE_DEVICES=1,2 NPROC_PER_NODE=2 records/track_3_optimization/launch_leon.sh --trials 1 --out-dir records/track_3_optimization/runs/leon/20260504-leon-screen1500/lr055_2gpu --set train_steps=1500 --set leon_lr=0.055 --set leon_wd=0.025 --set leon_cooldown_frac=0.7",unset,leon,0.055,,0.7,0.025,0.95,6,524288,1500,3.51476,3.51476,,false,false,20.697,1241.804,0.7,0.7,1e-09,6,2,NVIDIA H100 NVL,2.10.0+cu128,12.8,records/track_3_optimization/runs/leon/20260504-leon-screen1500/lr055_2gpu,"1500-step screening run on 2 idle GPUs; did not reach val_loss < 3.28; slightly worse than lr050_2gpu by +0.00018 final val; coarse LR boundary bracketed between 0.05 and 0.055; wall time is not directly comparable to 4-GPU screens"
lr0525_2gpu,2026-05-05T00:22:41-05:00,5350191bb4971630709dd36c9fcf6cc33963f22a,"CUDA_VISIBLE_DEVICES=1,2 NPROC_PER_NODE=2 records/track_3_optimization/launch_leon.sh --trials 1 --out-dir records/track_3_optimization/runs/leon/20260504-leon-screen1500/lr0525_2gpu --set train_steps=1500 --set leon_lr=0.0525 --set leon_wd=0.025 --set leon_cooldown_frac=0.7",unset,leon,0.0525,,0.7,0.025,0.95,6,524288,1500,3.51442,3.51442,,false,false,20.705,1242.315,0.7,0.7,1e-09,6,2,NVIDIA H100 NVL,2.10.0+cu128,12.8,records/track_3_optimization/runs/leon/20260504-leon-screen1500/lr0525_2gpu,"1500-step screening run on 2 idle GPUs; did not reach val_loss < 3.28; tiny new best over lr050_2gpu by -0.00016 and lr055_2gpu by -0.00034 final val; practical LR boundary found around 0.05-0.055, use 0.0525 for WD tuning; wall time is not directly comparable to 4-GPU screens"
lr0525_wd030_2gpu,2026-05-05T00:45:53-05:00,b6081484620d4c9812d3399d121e86e1dcd039d9,"CUDA_VISIBLE_DEVICES=1,2 NPROC_PER_NODE=2 records/track_3_optimization/launch_leon.sh --trials 1 --out-dir records/track_3_optimization/runs/leon/20260504-leon-screen1500/lr0525_wd030_2gpu --set train_steps=1500 --set leon_lr=0.0525 --set leon_wd=0.03 --set leon_cooldown_frac=0.7",unset,leon,0.0525,,0.7,0.03,0.95,6,524288,1500,3.51131,3.51131,,false,false,20.757,1245.404,0.7,0.7,1e-09,6,2,NVIDIA H100 NVL,2.10.0+cu128,12.8,records/track_3_optimization/runs/leon/20260504-leon-screen1500/lr0525_wd030_2gpu,"1500-step WD screen on 2 idle GPUs; did not reach val_loss < 3.28; new best over lr0525_wd025 by -0.00311 final val despite weaker early checkpoints; continue WD search upward; wall time is not directly comparable to 4-GPU screens"
lr0525_wd035_2gpu,2026-05-05T01:09:12-05:00,2d9bd22fcda23e456c42ed0db59734e7a5d5621d,"CUDA_VISIBLE_DEVICES=1,2 NPROC_PER_NODE=2 records/track_3_optimization/launch_leon.sh --trials 1 --out-dir records/track_3_optimization/runs/leon/20260504-leon-screen1500/lr0525_wd035_2gpu --set train_steps=1500 --set leon_lr=0.0525 --set leon_wd=0.035 --set leon_cooldown_frac=0.7",unset,leon,0.0525,,0.7,0.035,0.95,6,524288,1500,3.52288,3.52288,,false,false,20.750,1245.028,0.7,0.7,1e-09,6,2,NVIDIA H100 NVL,2.10.0+cu128,12.8,records/track_3_optimization/runs/leon/20260504-leon-screen1500/lr0525_wd035_2gpu,"1500-step WD screen on 2 idle GPUs; did not reach val_loss < 3.28; worse than wd030 by +0.01157 final val, bracketing WD between 0.03 and 0.035; refine with wd0325; wall time is not directly comparable to 4-GPU screens"
lr0525_wd0325_2gpu,2026-05-05T01:32:29-05:00,aa0b8c01705ac3c43c01a8ad0f620b4f59573907,"CUDA_VISIBLE_DEVICES=1,2 NPROC_PER_NODE=2 records/track_3_optimization/launch_leon.sh --trials 1 --out-dir records/track_3_optimization/runs/leon/20260504-leon-screen1500/lr0525_wd0325_2gpu --set train_steps=1500 --set leon_lr=0.0525 --set leon_wd=0.0325 --set leon_cooldown_frac=0.7",unset,leon,0.0525,,0.7,0.0325,0.95,6,524288,1500,3.51657,3.51657,,false,false,20.751,1245.078,0.7,0.7,1e-09,6,2,NVIDIA H100 NVL,2.10.0+cu128,12.8,records/track_3_optimization/runs/leon/20260504-leon-screen1500/lr0525_wd0325_2gpu,"1500-step WD refinement on 2 idle GPUs; did not reach val_loss < 3.28; worse than wd030 by +0.00526 and better than wd035 by -0.00631 final val, so use wd030 as current WD center before cooldown tuning; wall time is not directly comparable to 4-GPU screens"
lr0525_wd030_cd080_2gpu,2026-05-05T01:55:49-05:00,29801effad85a1e88627324cd77a376040aadadc,"CUDA_VISIBLE_DEVICES=1,2 NPROC_PER_NODE=2 records/track_3_optimization/launch_leon.sh --trials 1 --out-dir records/track_3_optimization/runs/leon/20260504-leon-screen1500/lr0525_wd030_cd080_2gpu --set train_steps=1500 --set leon_lr=0.0525 --set leon_wd=0.03 --set leon_cooldown_frac=0.8",unset,leon,0.0525,,0.7,0.03,0.95,6,524288,1500,3.51657,3.51657,,false,false,20.730,1243.777,0.8,0.7,1e-09,6,2,NVIDIA H100 NVL,2.10.0+cu128,12.8,records/track_3_optimization/runs/leon/20260504-leon-screen1500/lr0525_wd030_cd080_2gpu,"1500-step cooldown screen on 2 idle GPUs; did not reach val_loss < 3.28; cooldown 0.8 was worse than current best cd070 by +0.00526 final val despite slightly better mid-run checkpoints; probe lower cooldown side next; wall time is not directly comparable to 4-GPU screens"
lr0525_wd030_cd060_2gpu,2026-05-05T02:19:04-05:00,0c7b6d328da4ed65e1214167bd616a40818c420b,"CUDA_VISIBLE_DEVICES=1,2 NPROC_PER_NODE=2 records/track_3_optimization/launch_leon.sh --trials 1 --out-dir records/track_3_optimization/runs/leon/20260504-leon-screen1500/lr0525_wd030_cd060_2gpu --set train_steps=1500 --set leon_lr=0.0525 --set leon_wd=0.03 --set leon_cooldown_frac=0.6",unset,leon,0.0525,,0.7,0.03,0.95,6,524288,1500,3.50950,3.50950,,false,false,20.734,1244.017,0.6,0.7,1e-09,6,2,NVIDIA H100 NVL,2.10.0+cu128,12.8,records/track_3_optimization/runs/leon/20260504-leon-screen1500/lr0525_wd030_cd060_2gpu,"1500-step cooldown screen on 2 idle GPUs; did not reach val_loss < 3.28; new best over cd070 by -0.00181 final val and better than cd080 by -0.00707, so refine cooldown below 0.7 around 0.55-0.65; wall time is not directly comparable to 4-GPU screens"
lr0525_wd030_cd050_2gpu,2026-05-05T02:42:20-05:00,08350c6b21b76821387b7a435d31c09f555b0973,"CUDA_VISIBLE_DEVICES=1,2 NPROC_PER_NODE=2 records/track_3_optimization/launch_leon.sh --trials 1 --out-dir records/track_3_optimization/runs/leon/20260504-leon-screen1500/lr0525_wd030_cd050_2gpu --set train_steps=1500 --set leon_lr=0.0525 --set leon_wd=0.03 --set leon_cooldown_frac=0.5",unset,leon,0.0525,,0.7,0.03,0.95,6,524288,1500,3.51414,3.51414,,false,false,20.711,1242.679,0.5,0.7,1e-09,6,2,NVIDIA H100 NVL,2.10.0+cu128,12.8,records/track_3_optimization/runs/leon/20260504-leon-screen1500/lr0525_wd030_cd050_2gpu,"1500-step cooldown screen on 2 idle GPUs; did not reach val_loss < 3.28; worse than cd060 by +0.00464 and worse than cd070 by +0.00283, so lower side is bracketed and cooldown optimum is likely near 0.6; refine around 0.55-0.65; wall time is not directly comparable to 4-GPU screens"
lr0525_wd030_cd065_2gpu,2026-05-05T03:05:37-05:00,8075d7349964666b106c3564938795dc93427de3,"CUDA_VISIBLE_DEVICES=1,2 NPROC_PER_NODE=2 records/track_3_optimization/launch_leon.sh --trials 1 --out-dir records/track_3_optimization/runs/leon/20260504-leon-screen1500/lr0525_wd030_cd065_2gpu --set train_steps=1500 --set leon_lr=0.0525 --set leon_wd=0.03 --set leon_cooldown_frac=0.65",unset,leon,0.0525,,0.7,0.03,0.95,6,524288,1500,3.51182,3.51182,,false,false,20.724,1243.414,0.65,0.7,1e-09,6,2,NVIDIA H100 NVL,2.10.0+cu128,12.8,records/track_3_optimization/runs/leon/20260504-leon-screen1500/lr0525_wd030_cd065_2gpu,"1500-step cooldown refinement on 2 idle GPUs; did not reach val_loss < 3.28; worse than cd060 by +0.00232 and slightly worse than cd070 by +0.00051 despite better mid-run checkpoints, so upper side is bracketed; test 0.55 before settling cooldown near 0.6; wall time is not directly comparable to 4-GPU screens"
lr0525_wd030_cd055_2gpu,2026-05-05T03:28:41-05:00,6b07887e198e1dda524b6588742133d3b846d47f,"CUDA_VISIBLE_DEVICES=1,2 NPROC_PER_NODE=2 records/track_3_optimization/launch_leon.sh --trials 1 --out-dir records/track_3_optimization/runs/leon/20260504-leon-screen1500/lr0525_wd030_cd055_2gpu --set train_steps=1500 --set leon_lr=0.0525 --set leon_wd=0.03 --set leon_cooldown_frac=0.55",unset,leon,0.0525,,0.7,0.03,0.95,6,524288,1500,3.51010,3.51010,,false,false,20.752,1245.139,0.55,0.7,1e-09,6,2,NVIDIA H100 NVL,2.10.0+cu128,12.8,records/track_3_optimization/runs/leon/20260504-leon-screen1500/lr0525_wd030_cd055_2gpu,"1500-step cooldown refinement on 2 idle GPUs; did not reach val_loss < 3.28; close but worse than cd060 by +0.00060, better than cd065 by -0.00172 and cd050 by -0.00404, so refine midpoint 0.575 before settling cooldown; wall time is not directly comparable to 4-GPU screens"
lr0525_wd030_cd0575_2gpu,2026-05-05T03:51:48-05:00,16cda2e495671e52449995ede5a79a921666b41a,"CUDA_VISIBLE_DEVICES=1,2 NPROC_PER_NODE=2 records/track_3_optimization/launch_leon.sh --trials 1 --out-dir records/track_3_optimization/runs/leon/20260504-leon-screen1500/lr0525_wd030_cd0575_2gpu --set train_steps=1500 --set leon_lr=0.0525 --set leon_wd=0.03 --set leon_cooldown_frac=0.575",unset,leon,0.0525,,0.7,0.03,0.95,6,524288,1500,3.51206,3.51206,,false,false,20.735,1244.080,0.575,0.7,1e-09,6,2,NVIDIA H100 NVL,2.10.0+cu128,12.8,records/track_3_optimization/runs/leon/20260504-leon-screen1500/lr0525_wd030_cd0575_2gpu,"1500-step cooldown midpoint refinement on 2 idle GPUs; did not reach val_loss < 3.28; worse than cd060 by +0.00256 and worse than cd055 by +0.00196 despite stronger early checkpoints, so keep cd060 as best tested cooldown; wall time is not directly comparable to 4-GPU screens"
muon1500_leonns_2gpu,2026-05-05T10:15:13-05:00,04bfad78e01c8c514a5396201d7baaf8b0e29cfc,"CUDA_VISIBLE_DEVICES=1,2 torchrun --standalone --nproc_per_node=2 records/track_3_optimization/runs/muon/20260504-muon-screen1500/train_gpt_simple_muon_screen1500.py 1",unset,muon,0.025,,,0.025,0.95,6,524288,1500,3.44804,3.44804,,false,false,20.572,1234.346,0.7,0.7,,,2,NVIDIA H100 NVL,2.10.0+cu128,12.8,records/track_3_optimization/runs/muon/20260505-muon-leonns-screen1500,"1500-step Muon baseline rerun on 2 idle GPUs after user changed zeropower to Leon L=0 6-step augmented Newton-Schulz path with eps=1e-9; optimizer hparams otherwise unchanged; did not reach val_loss < 3.28; worse than old 12-step Muon baseline by +0.01725 final val but better than best Leon cd060 by -0.06146"
leon_l0_muon_hparams_4gpu,2026-05-05T11:12:34-05:00,49613993c6455914897d29d5ecca82e538329b22,"CUDA_VISIBLE_DEVICES=0,1,2,3 NPROC_PER_NODE=4 records/track_3_optimization/launch_leon.sh --trials 1 --out-dir records/track_3_optimization/runs/leon/20260505-leon-l0-screen1500/muon_hparams_4gpu --set train_steps=1500 --set leon_lr=0.025 --set leon_wd=0.025 --set leon_cooldown_frac=0.7 --set adam_cooldown_frac=0.7 --set leon_mu=0.95 --set leon_beta2=0.7 --set leon_ns_iters=6 --set leon_eps=1e-9",unset,leon,0.025,,0.7,0.025,0.95,6,524288,1500,3.44907,3.44907,,false,false,11.359,681.548,0.7,0.7,1e-09,6,4,NVIDIA H100 NVL,2.11.0+cu126,12.6,records/track_3_optimization/runs/leon/20260505-leon-l0-screen1500/muon_hparams_4gpu,"1500-step Leon L=0 comparison on 4 idle GPUs after multiplying the second-momentum contribution L by 0; same optimizer hparams as Muon Leon-NS; did not reach val_loss < 3.28; final is near-identical to muon1500_leonns_2gpu, worse by +0.00103 final val despite different world size, and better than original Leon base by -0.12540"
lscale1_500_4gpu_diag,2026-05-05T11:39:00-05:00,49613993c6455914897d29d5ecca82e538329b22,"CUDA_VISIBLE_DEVICES=0,1,2,3 NPROC_PER_NODE=4 records/track_3_optimization/launch_leon.sh --trials 1 --out-dir records/track_3_optimization/runs/leon/20260505-leon-lscale-diagnostics/lscale1_500_4gpu --set train_steps=500 --set leon_lr=0.025 --set leon_wd=0.025 --set leon_cooldown_frac=0.7 --set adam_cooldown_frac=0.7 --set leon_mu=0.95 --set leon_beta2=0.7 --set leon_ns_iters=6 --set leon_eps=1e-9 --set leon_l_scale=1.0 --set leon_log_diagnostics=True --set leon_diag_interval=125",unset,leon,0.025,,0.7,0.025,0.95,6,524288,500,4.04142,4.04142,,false,false,3.822,229.311,0.7,0.7,1e-09,6,4,NVIDIA H100 NVL,2.11.0+cu126,12.6,records/track_3_optimization/runs/leon/20260505-leon-lscale-diagnostics/lscale1_500_4gpu,"500-step Leon diagnostic with full L scale; final was worst in scale sweep; average diagnostic layers showed L trace fraction near 0.988 at steps 125-375 and update norm only about 0.16-0.17 of hypothetical L=0"
lscale0_500_4gpu_diag,2026-05-05T11:44:00-05:00,49613993c6455914897d29d5ecca82e538329b22,"CUDA_VISIBLE_DEVICES=0,1,2,3 NPROC_PER_NODE=4 records/track_3_optimization/launch_leon.sh --trials 1 --out-dir records/track_3_optimization/runs/leon/20260505-leon-lscale-diagnostics/lscale0_500_4gpu --set train_steps=500 --set leon_lr=0.025 --set leon_wd=0.025 --set leon_cooldown_frac=0.7 --set adam_cooldown_frac=0.7 --set leon_mu=0.95 --set leon_beta2=0.7 --set leon_ns_iters=6 --set leon_eps=1e-9 --set leon_l_scale=0.0 --set leon_log_diagnostics=True --set leon_diag_interval=125",unset,leon,0.025,,0.7,0.025,0.95,6,524288,500,3.79464,3.79464,,false,false,3.818,229.097,0.7,0.7,1e-09,6,4,NVIDIA H100 NVL,2.11.0+cu126,12.6,records/track_3_optimization/runs/leon/20260505-leon-lscale-diagnostics/lscale0_500_4gpu,"500-step Leon diagnostic with L scale 0.0; best in scale sweep; diagnostics are the direct L=0 control with update_norm equal to update_l0_norm"
lscale010_500_4gpu_diag,2026-05-05T11:49:00-05:00,49613993c6455914897d29d5ecca82e538329b22,"CUDA_VISIBLE_DEVICES=0,1,2,3 NPROC_PER_NODE=4 records/track_3_optimization/launch_leon.sh --trials 1 --out-dir records/track_3_optimization/runs/leon/20260505-leon-lscale-diagnostics/lscale010_500_4gpu --set train_steps=500 --set leon_lr=0.025 --set leon_wd=0.025 --set leon_cooldown_frac=0.7 --set adam_cooldown_frac=0.7 --set leon_mu=0.95 --set leon_beta2=0.7 --set leon_ns_iters=6 --set leon_eps=1e-9 --set leon_l_scale=0.1 --set leon_log_diagnostics=True --set leon_diag_interval=125",unset,leon,0.025,,0.7,0.025,0.95,6,524288,500,3.87248,3.87248,,false,false,3.822,229.347,0.7,0.7,1e-09,6,4,NVIDIA H100 NVL,2.11.0+cu126,12.6,records/track_3_optimization/runs/leon/20260505-leon-lscale-diagnostics/lscale010_500_4gpu,"500-step Leon diagnostic with L scale 0.1; second-best in sweep; average update norm ratio rose from about 0.39 at step 125 to 0.54 at step 500 while final remained slower than L=0 by +0.07784"
lscale025_diag_sandbox_fail,2026-05-05T12:11:17-05:00,49613993c6455914897d29d5ecca82e538329b22,"CUDA_VISIBLE_DEVICES=0,1,2,3 NPROC_PER_NODE=4 records/track_3_optimization/launch_leon.sh --trials 1 --out-dir records/track_3_optimization/runs/leon/20260505-leon-lscale-diagnostics/lscale025_500_4gpu --set train_steps=500 --set leon_lr=0.025 --set leon_wd=0.025 --set leon_cooldown_frac=0.7 --set adam_cooldown_frac=0.7 --set leon_mu=0.95 --set leon_beta2=0.7 --set leon_ns_iters=6 --set leon_eps=1e-9 --set leon_l_scale=0.25 --set leon_log_diagnostics=True --set leon_diag_interval=125",unset,leon,0.025,,0.7,0.025,0.95,6,524288,500,,,,false,true,1.0,,0.7,0.7,1e-09,6,4,,,,records/track_3_optimization/runs/leon/20260505-leon-lscale-diagnostics/lscale025_500_4gpu,"Launch failed before training because the sandbox denied torchrun local TCPStore localhost sockets; same out-dir was later reused successfully outside the sandbox"
lscale025_500_4gpu_diag,2026-05-05T12:16:30-05:00,49613993c6455914897d29d5ecca82e538329b22,"CUDA_VISIBLE_DEVICES=0,1,2,3 NPROC_PER_NODE=4 records/track_3_optimization/launch_leon.sh --trials 1 --out-dir records/track_3_optimization/runs/leon/20260505-leon-lscale-diagnostics/lscale025_500_4gpu --set train_steps=500 --set leon_lr=0.025 --set leon_wd=0.025 --set leon_cooldown_frac=0.7 --set adam_cooldown_frac=0.7 --set leon_mu=0.95 --set leon_beta2=0.7 --set leon_ns_iters=6 --set leon_eps=1e-9 --set leon_l_scale=0.25 --set leon_log_diagnostics=True --set leon_diag_interval=125",unset,leon,0.025,,0.7,0.025,0.95,6,524288,500,3.93081,3.93081,,false,false,3.808,228.489,0.7,0.7,1e-09,6,4,NVIDIA H100 NVL,2.11.0+cu126,12.6,records/track_3_optimization/runs/leon/20260505-leon-lscale-diagnostics/lscale025_500_4gpu,"500-step Leon diagnostic with L scale 0.25; final slower than L=0 by +0.13617 and faster than full L by -0.11061; average L trace fraction stayed high at about 0.95 before cooldown tail"
lscale050_500_4gpu_diag,2026-05-05T12:21:21-05:00,49613993c6455914897d29d5ecca82e538329b22,"CUDA_VISIBLE_DEVICES=0,1,2,3 NPROC_PER_NODE=4 records/track_3_optimization/launch_leon.sh --trials 1 --out-dir records/track_3_optimization/runs/leon/20260505-leon-lscale-diagnostics/lscale050_500_4gpu --set train_steps=500 --set leon_lr=0.025 --set leon_wd=0.025 --set leon_cooldown_frac=0.7 --set adam_cooldown_frac=0.7 --set leon_mu=0.95 --set leon_beta2=0.7 --set leon_ns_iters=6 --set leon_eps=1e-9 --set leon_l_scale=0.50 --set leon_log_diagnostics=True --set leon_diag_interval=125",unset,leon,0.025,,0.7,0.025,0.95,6,524288,500,3.99168,3.99168,,false,false,3.823,229.373,0.7,0.7,1e-09,6,4,NVIDIA H100 NVL,2.11.0+cu126,12.6,records/track_3_optimization/runs/leon/20260505-leon-lscale-diagnostics/lscale050_500_4gpu,"500-step Leon diagnostic with L scale 0.5; final slower than 0.25 and faster than 1.0; update norm ratio was about 0.22 at steps 125-375 and L trace fraction stayed about 0.98"
lscale1_biascorr_500_4gpu_diag,2026-05-05T13:19:00-05:00,49613993c6455914897d29d5ecca82e538329b22,"CUDA_VISIBLE_DEVICES=0,1,2,3 NPROC_PER_NODE=4 records/track_3_optimization/launch_leon.sh --trials 1 --out-dir records/track_3_optimization/runs/leon/20260505-leon-biascorr-lscale-diagnostics/lscale1_500_4gpu --set train_steps=500 --set leon_lr=0.025 --set leon_wd=0.025 --set leon_cooldown_frac=0.7 --set adam_cooldown_frac=0.7 --set leon_mu=0.95 --set leon_beta2=0.7 --set leon_ns_iters=6 --set leon_eps=1e-9 --set leon_l_scale=1.0 --set leon_bias_correction=True --set leon_log_diagnostics=True --set leon_diag_interval=125",unset,leon,0.025,,0.7,0.025,0.95,6,524288,500,4.05228,4.05228,,false,false,3.826,229.588,0.7,0.7,1e-09,6,4,NVIDIA H100 NVL,2.11.0+cu126,12.6,records/track_3_optimization/runs/leon/20260505-leon-biascorr-lscale-diagnostics/lscale1_500_4gpu,"500-step Leon diagnostic with EMA bias correction and L scale 1.0; final was slightly worse than uncorrected full-L diagnostic by +0.01086; did not reach val_loss < 3.28"
lscale1_unnormsum_500_4gpu_diag,2026-05-05T14:14:23-05:00,49613993c6455914897d29d5ecca82e538329b22,"CUDA_VISIBLE_DEVICES=0,1,2,3 NPROC_PER_NODE=4 records/track_3_optimization/launch_leon.sh --trials 1 --out-dir records/track_3_optimization/runs/leon/20260505-leon-unnormsum-lscale-diagnostics/lscale1_500_4gpu --set train_steps=500 --set leon_lr=0.025 --set leon_wd=0.025 --set leon_cooldown_frac=0.7 --set adam_cooldown_frac=0.7 --set leon_mu=0.95 --set leon_beta2=0.7 --set leon_ns_iters=6 --set leon_eps=1e-9 --set leon_l_scale=1.0 --set leon_log_diagnostics=True --set leon_diag_interval=125",unset,leon,0.025,,0.7,0.025,0.95,6,524288,500,3.80020,3.80020,,false,false,3.807,228.395,0.7,0.7,1e-09,6,4,NVIDIA H100 NVL,2.11.0+cu126,12.6,records/track_3_optimization/runs/leon/20260505-leon-unnormsum-lscale-diagnostics/lscale1_500_4gpu,"500-step Leon diagnostic on the current unnormalized exponential-sum codepath with L scale 1.0; final improved over old full-L diagnostic by -0.24122 and over historical bias-corrected full-L by -0.25208; average L trace fraction dropped to about 0.50/0.45/0.40 at steps 125/250/375 and update norm ratio rose to about 0.78/0.80/0.83, leaving full L only +0.00556 behind the L=0 control at step 500"
retune500_lr035_manual_stop,2026-05-05T14:31:41-05:00,cda40acc6f25059e08eaf4af1e904d4caee82c92,"CUDA_VISIBLE_DEVICES=0,1,2,3 NPROC_PER_NODE=4 records/track_3_optimization/launch_leon.sh --trials 1 --out-dir records/track_3_optimization/runs/leon/20260505-leon-retune500-cda40ac/lr035_4gpu --set train_steps=500 --set leon_lr=0.035 --set leon_wd=0.03 --set leon_cooldown_frac=0.6 --set adam_cooldown_frac=0.7 --set leon_mu=0.95 --set leon_beta2=0.7 --set leon_ns_iters=6 --set leon_eps=1e-9 --set leon_l_scale=1.0",unset,leon,0.035,,0.7,0.03,0.95,6,524288,500,,,,false,true,,,0.6,0.7,1e-09,6,4,NVIDIA H100 NVL,,,records/track_3_optimization/runs/leon/20260505-leon-retune500-cda40ac/lr035_4gpu,"Manually stopped obsolete 500-step LR screen before train.log creation after user redirected tuning to 1500-step screens; no validation result available"
retune1500_lr035_outdir_stale,2026-05-05T14:35:18-05:00,cda40acc6f25059e08eaf4af1e904d4caee82c92,"CUDA_VISIBLE_DEVICES=0,1,2,3 NPROC_PER_NODE=4 records/track_3_optimization/launch_leon.sh --trials 1 --out-dir records/track_3_optimization/runs/leon/20260505-leon-retune1500-cda40ac/lr035_4gpu --set train_steps=1500 --set leon_lr=0.035 --set leon_wd=0.03 --set leon_cooldown_frac=0.6 --set adam_cooldown_frac=0.7 --set leon_mu=0.95 --set leon_beta2=0.7 --set leon_ns_iters=6 --set leon_eps=1e-9 --set leon_l_scale=1.0",unset,leon,0.035,,0.7,0.03,0.95,6,524288,1500,,,,false,true,,,0.6,0.7,1e-09,6,4,NVIDIA H100 NVL,,,records/track_3_optimization/runs/leon/20260505-leon-retune1500-cda40ac/lr035_4gpu,"Dry-run reused the same out-dir as the real launch; rank 0 hit create_run_dir(exist_ok=False) after distributed init and torchrun plus workers had to be killed manually; no train.log or validation result available"
retune1500_lr035_retry_4gpu,2026-05-05T14:41:51-05:00,cda40acc6f25059e08eaf4af1e904d4caee82c92,"CUDA_VISIBLE_DEVICES=0,1,2,3 NPROC_PER_NODE=4 records/track_3_optimization/launch_leon.sh --trials 1 --out-dir records/track_3_optimization/runs/leon/20260505-leon-retune1500-cda40ac/lr035_retry_4gpu --set train_steps=1500 --set leon_lr=0.035 --set leon_wd=0.03 --set leon_cooldown_frac=0.6 --set adam_cooldown_frac=0.7 --set leon_mu=0.95 --set leon_beta2=0.7 --set leon_ns_iters=6 --set leon_eps=1e-9 --set leon_l_scale=1.0",unset,leon,0.035,,0.7,0.03,0.95,6,524288,1500,3.45093,3.45093,,false,false,12.097,680.722,0.6,0.7,1e-09,6,4,NVIDIA H100 NVL,2.11.0+cu126,12.6,records/track_3_optimization/runs/leon/20260505-leon-retune1500-cda40ac/lr035_retry_4gpu,"Corrected 1500-step LR screen on the current unnormalized-sum codepath using a disposable dry-run out-dir and a fresh real run dir; final improved the prior best tuned Leon screen by -0.05857 and landed within +0.00186 of the Leon L=0 control"
retune1500_lr045_4gpu,2026-05-05T14:58:01-05:00,cda40acc6f25059e08eaf4af1e904d4caee82c92,"CUDA_VISIBLE_DEVICES=0,1,2,3 NPROC_PER_NODE=4 records/track_3_optimization/launch_leon.sh --trials 1 --out-dir records/track_3_optimization/runs/leon/20260505-leon-retune1500-cda40ac/lr045_4gpu --set train_steps=1500 --set leon_lr=0.045 --set leon_wd=0.03 --set leon_cooldown_frac=0.6 --set adam_cooldown_frac=0.7 --set leon_mu=0.95 --set leon_beta2=0.7 --set leon_ns_iters=6 --set leon_eps=1e-9 --set leon_l_scale=1.0",unset,leon,0.045,,0.7,0.03,0.95,6,524288,1500,3.45492,3.45492,,false,false,11.355,681.312,0.6,0.7,1e-09,6,4,NVIDIA H100 NVL,2.11.0+cu126,12.6,records/track_3_optimization/runs/leon/20260505-leon-retune1500-cda40ac/lr045_4gpu,"Second corrected 1500-step LR screen on the current unnormalized-sum codepath; final trailed lr035 by +0.00399 but still improved the pre-retune Leon best by -0.05458"
retune1500_lr025_4gpu,2026-05-05T15:12:35-05:00,cda40acc6f25059e08eaf4af1e904d4caee82c92,"CUDA_VISIBLE_DEVICES=0,1,2,3 NPROC_PER_NODE=4 records/track_3_optimization/launch_leon.sh --trials 1 --out-dir records/track_3_optimization/runs/leon/20260505-leon-retune1500-cda40ac/lr025_4gpu --set train_steps=1500 --set leon_lr=0.025 --set leon_wd=0.03 --set leon_cooldown_frac=0.6 --set adam_cooldown_frac=0.7 --set leon_mu=0.95 --set leon_beta2=0.7 --set leon_ns_iters=6 --set leon_eps=1e-9 --set leon_l_scale=1.0",unset,leon,0.025,,0.7,0.03,0.95,6,524288,1500,3.45329,3.45329,,false,false,11.361,681.666,0.6,0.7,1e-09,6,4,NVIDIA H100 NVL,2.11.0+cu126,12.6,records/track_3_optimization/runs/leon/20260505-leon-retune1500-cda40ac/lr025_4gpu,"User-requested lower-LR replacement screen on the current unnormalized-sum codepath; final trailed lr035 by +0.00236 but beat lr045 by -0.00163 and improved the pre-retune Leon best by -0.05621"
retune1500_lr035_wd0275_4gpu,2026-05-05T15:28:54-05:00,cda40acc6f25059e08eaf4af1e904d4caee82c92,"CUDA_VISIBLE_DEVICES=0,1,2,3 NPROC_PER_NODE=4 records/track_3_optimization/launch_leon.sh --trials 1 --out-dir records/track_3_optimization/runs/leon/20260505-leon-retune1500-cda40ac/lr035_wd0275_4gpu --set train_steps=1500 --set leon_lr=0.035 --set leon_wd=0.0275 --set leon_cooldown_frac=0.6 --set adam_cooldown_frac=0.7 --set leon_mu=0.95 --set leon_beta2=0.7 --set leon_ns_iters=6 --set leon_eps=1e-9 --set leon_l_scale=1.0",unset,leon,0.035,,0.7,0.0275,0.95,6,524288,1500,3.45028,3.45028,,false,false,11.359,681.514,0.6,0.7,1e-09,6,4,NVIDIA H100 NVL,2.11.0+cu126,12.6,records/track_3_optimization/runs/leon/20260505-leon-retune1500-cda40ac/lr035_wd0275_4gpu,"First WD sweep point around the lr035 center on the current codepath; final improved lr035_wd030 by -0.00065 and is the current best tested Leon setting"
retune1500_lr035_wd025_4gpu,2026-05-05T15:56:06-05:00,cda40acc6f25059e08eaf4af1e904d4caee82c92,"CUDA_VISIBLE_DEVICES=0,1,2,3 NPROC_PER_NODE=4 records/track_3_optimization/launch_leon.sh --trials 1 --out-dir records/track_3_optimization/runs/leon/20260505-leon-retune1500-cda40ac/lr035_wd025_4gpu --set train_steps=1500 --set leon_lr=0.035 --set leon_wd=0.025 --set leon_cooldown_frac=0.6 --set adam_cooldown_frac=0.7 --set leon_mu=0.95 --set leon_beta2=0.7 --set leon_ns_iters=6 --set leon_eps=1e-9 --set leon_l_scale=1.0",unset,leon,0.035,,0.7,0.025,0.95,6,524288,1500,3.45110,3.45110,,false,false,11.366,681.988,0.6,0.7,1e-09,6,4,NVIDIA H100 NVL,2.11.0+cu126,12.6,records/track_3_optimization/runs/leon/20260505-leon-retune1500-cda40ac/lr035_wd025_4gpu,"Second lower-WD probe around the current lr035 center; final trailed wd0275 by +0.00082 and wd030 by +0.00017, so the downward side has not improved yet"
retune1500_lr035_wd0225_sandbox_fail,2026-05-05T15:58:54-05:00,cda40acc6f25059e08eaf4af1e904d4caee82c92,"CUDA_VISIBLE_DEVICES=0,1,2,3 NPROC_PER_NODE=4 records/track_3_optimization/launch_leon.sh --trials 1 --out-dir records/track_3_optimization/runs/leon/20260505-leon-retune1500-cda40ac/lr035_wd0225_4gpu --set train_steps=1500 --set leon_lr=0.035 --set leon_wd=0.0225 --set leon_cooldown_frac=0.6 --set adam_cooldown_frac=0.7 --set leon_mu=0.95 --set leon_beta2=0.7 --set leon_ns_iters=6 --set leon_eps=1e-9 --set leon_l_scale=1.0",unset,leon,0.035,,0.7,0.0225,0.95,6,524288,1500,,,,false,true,1.18,,0.6,0.7,1e-09,6,4,,,,records/track_3_optimization/runs/leon/20260505-leon-retune1500-cda40ac/lr035_wd0225_4gpu,"Launch failed before training because the sandbox denied torchrun local TCPStore localhost sockets; stale retry loop was terminated and a fresh out-dir is required for the escalated rerun"
retune1500_lr035_wd0225_retry_4gpu,2026-05-05T16:11:59-05:00,cda40acc6f25059e08eaf4af1e904d4caee82c92,"CUDA_VISIBLE_DEVICES=0,1,2,3 NPROC_PER_NODE=4 records/track_3_optimization/launch_leon.sh --trials 1 --out-dir records/track_3_optimization/runs/leon/20260505-leon-retune1500-cda40ac/lr035_wd0225_retry_4gpu --set train_steps=1500 --set leon_lr=0.035 --set leon_wd=0.0225 --set leon_cooldown_frac=0.6 --set adam_cooldown_frac=0.7 --set leon_mu=0.95 --set leon_beta2=0.7 --set leon_ns_iters=6 --set leon_eps=1e-9 --set leon_l_scale=1.0",unset,leon,0.035,,0.7,0.0225,0.95,6,524288,1500,3.45029,3.45029,,false,false,11.336,680.146,0.6,0.7,1e-09,6,4,NVIDIA H100 NVL,2.11.0+cu126,12.6,records/track_3_optimization/runs/leon/20260505-leon-retune1500-cda40ac/lr035_wd0225_retry_4gpu,"Escalated rerun after sandbox TCPStore failure; final trailed wd0275 by only +0.00001 and beat wd030 by -0.00064, making the lower side effectively tied with the current best on a single run"
retune1500_lr035_wd020_4gpu,2026-05-05T16:43:12-05:00,cda40acc6f25059e08eaf4af1e904d4caee82c92,"CUDA_VISIBLE_DEVICES=0,1,2,3 NPROC_PER_NODE=4 records/track_3_optimization/launch_leon.sh --trials 1 --out-dir records/track_3_optimization/runs/leon/20260505-leon-retune1500-cda40ac/lr035_wd020_4gpu --set train_steps=1500 --set leon_lr=0.035 --set leon_wd=0.02 --set leon_cooldown_frac=0.6 --set adam_cooldown_frac=0.7 --set leon_mu=0.95 --set leon_beta2=0.7 --set leon_ns_iters=6 --set leon_eps=1e-9 --set leon_l_scale=1.0",unset,leon,0.035,,0.7,0.02,0.95,6,524288,1500,3.45078,3.45078,,false,false,11.364,681.843,0.6,0.7,1e-09,6,4,NVIDIA H100 NVL,2.11.0+cu126,12.6,records/track_3_optimization/runs/leon/20260505-leon-retune1500-cda40ac/lr035_wd020_4gpu,"Third lower-WD probe around the current lr035 center; final trailed wd0225 by +0.00049 and wd0275 by +0.00050, so the best lower-side point remains wd0225 and the practical near-tie is now between wd0225 and wd0275"
retune1500_lr035_wd0275_b260_4gpu,2026-05-05T17:03:42-05:00,cda40acc6f25059e08eaf4af1e904d4caee82c92,"CUDA_VISIBLE_DEVICES=0,1,2,3 NPROC_PER_NODE=4 records/track_3_optimization/launch_leon.sh --trials 1 --out-dir records/track_3_optimization/runs/leon/20260505-leon-retune1500-cda40ac/lr035_wd0275_b260_4gpu --set train_steps=1500 --set leon_lr=0.035 --set leon_wd=0.0275 --set leon_cooldown_frac=0.6 --set adam_cooldown_frac=0.7 --set leon_mu=0.95 --set leon_beta2=0.6 --set leon_ns_iters=6 --set leon_eps=1e-9 --set leon_l_scale=1.0",unset,leon,0.035,,0.6,0.0275,0.95,6,524288,1500,3.44937,3.44937,,false,false,11.359,681.561,0.6,0.7,1e-09,6,4,NVIDIA H100 NVL,2.11.0+cu126,12.6,records/track_3_optimization/runs/leon/20260505-leon-retune1500-cda40ac/lr035_wd0275_b260_4gpu,"First beta2 sweep point from the lr035_wd0275 center; lowering leon_beta2 from 0.7 to 0.6 improved every validation checkpoint and beat the prior best Leon screen by -0.00091"
retune1500_lr035_wd0275_b250_4gpu,2026-05-05T17:21:51-05:00,cda40acc6f25059e08eaf4af1e904d4caee82c92,"CUDA_VISIBLE_DEVICES=0,1,2,3 NPROC_PER_NODE=4 records/track_3_optimization/launch_leon.sh --trials 1 --out-dir records/track_3_optimization/runs/leon/20260505-leon-retune1500-cda40ac/lr035_wd0275_b250_4gpu --set train_steps=1500 --set leon_lr=0.035 --set leon_wd=0.0275 --set leon_cooldown_frac=0.6 --set adam_cooldown_frac=0.7 --set leon_mu=0.95 --set leon_beta2=0.5 --set leon_ns_iters=6 --set leon_eps=1e-9 --set leon_l_scale=1.0",unset,leon,0.035,,0.5,0.0275,0.95,6,524288,1500,3.44988,3.44988,,false,false,11.360,681.600,0.6,0.7,1e-09,6,4,NVIDIA H100 NVL,2.11.0+cu126,12.6,records/track_3_optimization/runs/leon/20260505-leon-retune1500-cda40ac/lr035_wd0275_b250_4gpu,"Second beta2 sweep point from the lr035_wd0275 center; lowering beta2 further to 0.5 gave a small regression versus 0.6 by +0.00051, though it still beat the old 0.7 center by -0.00040"
retune1500_lr035_wd0275_b260_mu0925_4gpu,2026-05-05T17:59:22-05:00,cda40acc6f25059e08eaf4af1e904d4caee82c92,"CUDA_VISIBLE_DEVICES=0,1,2,3 NPROC_PER_NODE=4 records/track_3_optimization/launch_leon.sh --trials 1 --out-dir records/track_3_optimization/runs/leon/20260505-leon-retune1500-cda40ac/lr035_wd0275_b260_mu0925_4gpu --set train_steps=1500 --set leon_lr=0.035 --set leon_wd=0.0275 --set leon_cooldown_frac=0.6 --set adam_cooldown_frac=0.7 --set leon_mu=0.925 --set leon_beta2=0.6 --set leon_ns_iters=6 --set leon_eps=1e-9 --set leon_l_scale=1.0",unset,leon,0.035,,0.6,0.0275,0.925,6,524288,1500,3.45394,3.45394,,false,false,11.362,681.640,0.6,0.7,1e-09,6,4,NVIDIA H100 NVL,2.11.0+cu126,12.6,records/track_3_optimization/runs/leon/20260505-leon-retune1500-cda40ac/lr035_wd0275_b260_mu0925_4gpu,"First leon_mu sweep point from the current beta2 center; lowering leon_mu to 0.925 regressed versus the current best beta2 setting by +0.00457"
retune1500_lr035_wd0275_b260_mu095_ramp020060_sandbox_fail,2026-05-05T23:30:03-05:00,e2567c5b73c664408dfb37257601ca7284663e6c,"CUDA_VISIBLE_DEVICES=0,1,2,3 NPROC_PER_NODE=4 records/track_3_optimization/launch_leon.sh --trials 1 --out-dir records/track_3_optimization/runs/leon/20260505-leon-lscale-ramp-e2567c5/lr035_wd0275_b260_mu095_ramp020_060_4gpu --set train_steps=1500 --set leon_lr=0.035 --set leon_wd=0.0275 --set leon_cooldown_frac=0.6 --set adam_cooldown_frac=0.7 --set leon_mu=0.95 --set leon_beta2=0.6 --set leon_ns_iters=6 --set leon_eps=1e-9 --set leon_l_scale=1.0 --set leon_l_scale_schedule=linear_ramp --set leon_l_scale_ramp_start_frac=0.2 --set leon_l_scale_ramp_end_frac=0.6",unset,leon,0.035,,0.6,0.0275,0.95,6,524288,1500,,,,false,true,1.15,,0.6,0.7,1e-09,6,4,,,,records/track_3_optimization/runs/leon/20260505-leon-lscale-ramp-e2567c5/lr035_wd0275_b260_mu095_ramp020_060_4gpu,"Launch failed before training because the sandbox denied torchrun TCPStore localhost sockets for the linear l_scale ramp run; no run directory or train.log was created, and the retry uses a fresh _retry_4gpu path"
retune1500_lr035_wd0275_b260_mu095_ramp020060_retry_4gpu,2026-05-05T23:43:18-05:00,e2567c5b73c664408dfb37257601ca7284663e6c,"CUDA_VISIBLE_DEVICES=0,1,2,3 NPROC_PER_NODE=4 records/track_3_optimization/launch_leon.sh --trials 1 --out-dir records/track_3_optimization/runs/leon/20260505-leon-lscale-ramp-e2567c5/lr035_wd0275_b260_mu095_ramp020_060_retry_4gpu --set train_steps=1500 --set leon_lr=0.035 --set leon_wd=0.0275 --set leon_cooldown_frac=0.6 --set adam_cooldown_frac=0.7 --set leon_mu=0.95 --set leon_beta2=0.6 --set leon_ns_iters=6 --set leon_eps=1e-9 --set leon_l_scale=1.0 --set leon_l_scale_schedule=linear_ramp --set leon_l_scale_ramp_start_frac=0.2 --set leon_l_scale_ramp_end_frac=0.6",unset,leon,0.035,,0.6,0.0275,0.95,6,524288,1500,3.44971,3.44971,,false,false,11.352,681.125,0.6,0.7,1e-09,6,4,NVIDIA H100 NVL,2.11.0+cu126,12.6,records/track_3_optimization/runs/leon/20260505-leon-lscale-ramp-e2567c5/lr035_wd0275_b260_mu095_ramp020_060_retry_4gpu,"20%-60% linear leon_l_scale ramp from 0 to 1 at the current best center; final trailed the constant full-L beta2=0.6 best by +0.00034 and did not reach val_loss < 3.28"
retune1500_lr025_wd025_b270_mu095_ramp050080_4gpu,2026-05-06T00:00:45-05:00,84c4d6c5491415d9d2b5794af3132cc98835328d,"CUDA_VISIBLE_DEVICES=0,1,2,3 NPROC_PER_NODE=4 records/track_3_optimization/launch_leon.sh --trials 1 --out-dir records/track_3_optimization/runs/leon/20260505-leon-lscale-ramp-muonh-84c4d6c/lr025_wd025_b270_mu095_ramp050_080_4gpu --set train_steps=1500 --set leon_lr=0.025 --set leon_wd=0.025 --set leon_cooldown_frac=0.7 --set adam_cooldown_frac=0.7 --set leon_mu=0.95 --set leon_beta2=0.7 --set leon_ns_iters=6 --set leon_eps=1e-9 --set leon_l_scale=1.0 --set leon_l_scale_schedule=linear_ramp --set leon_l_scale_ramp_start_frac=0.5 --set leon_l_scale_ramp_end_frac=0.8",unset,leon,0.025,,0.7,0.025,0.95,6,524288,1500,3.44939,3.44939,,false,false,11.343,680.594,0.7,0.7,1e-09,6,4,NVIDIA H100 NVL,2.11.0+cu126,12.6,records/track_3_optimization/runs/leon/20260505-leon-lscale-ramp-muonh-84c4d6c/lr025_wd025_b270_mu095_ramp050_080_4gpu,"Muon-hparams late 50%-80% linear leon_l_scale ramp from 0 to 1; improved mid/late checkpoints versus Leon L=0 and Muon Leon-NS but final trailed Leon L=0 by +0.00032, Muon Leon-NS by +0.00135, original Muon by +0.01860, and current best Leon by +0.00002"
schedule1500_lr0225_wd025_b270_mu095_ramp030060_4gpu,2026-05-06T00:20:23-05:00,8dfc948668a13c265721d47eceb0081ee8c6780d,"CUDA_VISIBLE_DEVICES=0,1,2,3 NPROC_PER_NODE=4 records/track_3_optimization/launch_leon.sh --trials 1 --out-dir records/track_3_optimization/runs/leon/20260506-leon-schedule-sweep-8dfc948/lr0225_ramp030_060_4gpu --set train_steps=1500 --set leon_lr=0.0225 --set leon_wd=0.025 --set leon_cooldown_frac=0.7 --set adam_cooldown_frac=0.7 --set leon_mu=0.95 --set leon_beta2=0.7 --set leon_ns_iters=6 --set leon_eps=1e-9 --set leon_l_scale=1.0 --set leon_l_scale_schedule=linear_ramp --set leon_l_scale_ramp_start_frac=0.3 --set leon_l_scale_ramp_end_frac=0.6",unset,leon,0.0225,,0.7,0.025,0.95,6,524288,1500,3.45287,3.45287,,false,false,11.333,679.956,0.7,0.7,1e-09,6,4,NVIDIA H100 NVL,2.11.0+cu126,12.6,records/track_3_optimization/runs/leon/20260506-leon-schedule-sweep-8dfc948/lr0225_ramp030_060_4gpu,"First 30-run schedule sweep point using a 30%-60% ramp and lower-than-Muon lr; beat Leon L=0 through step 1125 and beat the prior 50%-80% ramp through step 875 but faded after full ramp completion; final trailed current best Leon by +0.00350 and original Muon by +0.02208"
schedule1500_lr025_wd025_b270_mu095_ramp030060_4gpu,2026-05-06T00:34:49-05:00,a1d8feb67165c8a039e7902fe0f3058455c1b5b2,"CUDA_VISIBLE_DEVICES=0,1,2,3 NPROC_PER_NODE=4 records/track_3_optimization/launch_leon.sh --trials 1 --out-dir records/track_3_optimization/runs/leon/20260506-leon-schedule-sweep-8dfc948/lr025_ramp030_060_4gpu --set train_steps=1500 --set leon_lr=0.025 --set leon_wd=0.025 --set leon_cooldown_frac=0.7 --set adam_cooldown_frac=0.7 --set leon_mu=0.95 --set leon_beta2=0.7 --set leon_ns_iters=6 --set leon_eps=1e-9 --set leon_l_scale=1.0 --set leon_l_scale_schedule=linear_ramp --set leon_l_scale_ramp_start_frac=0.3 --set leon_l_scale_ramp_end_frac=0.6",unset,leon,0.025,,0.7,0.025,0.95,6,524288,1500,3.45046,3.45046,,false,false,11.348,680.851,0.7,0.7,1e-09,6,4,NVIDIA H100 NVL,2.11.0+cu126,12.6,records/track_3_optimization/runs/leon/20260506-leon-schedule-sweep-8dfc948/lr025_ramp030_060_4gpu,"Second schedule sweep point using Muon lr and the same 30%-60% ramp; final improved over lr0225 by -0.00241 but still trailed the prior 50%-80% ramp by +0.00107, Leon L=0 by +0.00139, current best Leon by +0.00109, and original Muon by +0.01967"
schedule1500_lr0275_wd025_b270_mu095_ramp050080_4gpu,2026-05-06T00:49:03-05:00,4518249eb9b45d62115f82ba325b6845943bc476,"CUDA_VISIBLE_DEVICES=0,1,2,3 NPROC_PER_NODE=4 records/track_3_optimization/launch_leon.sh --trials 1 --out-dir records/track_3_optimization/runs/leon/20260506-leon-schedule-sweep-8dfc948/lr0275_ramp050_080_4gpu --set train_steps=1500 --set leon_lr=0.0275 --set leon_wd=0.025 --set leon_cooldown_frac=0.7 --set adam_cooldown_frac=0.7 --set leon_mu=0.95 --set leon_beta2=0.7 --set leon_ns_iters=6 --set leon_eps=1e-9 --set leon_l_scale=1.0 --set leon_l_scale_schedule=linear_ramp --set leon_l_scale_ramp_start_frac=0.5 --set leon_l_scale_ramp_end_frac=0.8",unset,leon,0.0275,,0.7,0.025,0.95,6,524288,1500,3.44653,3.44653,,false,false,11.371,682.263,0.7,0.7,1e-09,6,4,NVIDIA H100 NVL,2.11.0+cu126,12.6,records/track_3_optimization/runs/leon/20260506-leon-schedule-sweep-8dfc948/lr0275_ramp050_080_4gpu,"Third schedule sweep point and new best Leon-family result; early L=0-equivalent checkpoints were worse than lr025 but the 50%-80% ramp recovered strongly, beating the prior best schedule by -0.00286, current best tuned Leon by -0.00284, Leon L=0 by -0.00254, and Muon Leon-NS by -0.00151 while still trailing original 12-step Muon by +0.01574"
schedule1500_lr030_wd025_b270_mu095_ramp050080_4gpu,2026-05-06T01:03:19-05:00,a73e6104d799def78528a780a9d2ce023896f4d1,"CUDA_VISIBLE_DEVICES=0,1,2,3 NPROC_PER_NODE=4 records/track_3_optimization/launch_leon.sh --trials 1 --out-dir records/track_3_optimization/runs/leon/20260506-leon-schedule-sweep-8dfc948/lr030_ramp050_080_4gpu --set train_steps=1500 --set leon_lr=0.03 --set leon_wd=0.025 --set leon_cooldown_frac=0.7 --set adam_cooldown_frac=0.7 --set leon_mu=0.95 --set leon_beta2=0.7 --set leon_ns_iters=6 --set leon_eps=1e-9 --set leon_l_scale=1.0 --set leon_l_scale_schedule=linear_ramp --set leon_l_scale_ramp_start_frac=0.5 --set leon_l_scale_ramp_end_frac=0.8",unset,leon,0.03,,0.7,0.025,0.95,6,524288,1500,3.45106,3.45106,,false,false,11.345,680.714,0.7,0.7,1e-09,6,4,NVIDIA H100 NVL,2.11.0+cu126,12.6,records/track_3_optimization/runs/leon/20260506-leon-schedule-sweep-8dfc948/lr030_ramp050_080_4gpu,"Fourth schedule sweep point bracketing above the new lr0275 ramp050080 center; lr030 damaged the early L=0-equivalent phase and never recovered enough, finishing +0.00453 behind lr0275, +0.00167 behind the old lr025 ramp050080 schedule, and +0.02027 behind original Muon"
schedule1500_lr0275_wd025_b270_mu095_ramp060090_4gpu,2026-05-06T01:17:23-05:00,c6aa4d7542c8fd94cba5be5ece96ebfe7ebeb0f6,"CUDA_VISIBLE_DEVICES=0,1,2,3 NPROC_PER_NODE=4 records/track_3_optimization/launch_leon.sh --trials 1 --out-dir records/track_3_optimization/runs/leon/20260506-leon-schedule-sweep-8dfc948/lr0275_ramp060_090_4gpu --set train_steps=1500 --set leon_lr=0.0275 --set leon_wd=0.025 --set leon_cooldown_frac=0.7 --set adam_cooldown_frac=0.7 --set leon_mu=0.95 --set leon_beta2=0.7 --set leon_ns_iters=6 --set leon_eps=1e-9 --set leon_l_scale=1.0 --set leon_l_scale_schedule=linear_ramp --set leon_l_scale_ramp_start_frac=0.6 --set leon_l_scale_ramp_end_frac=0.9",unset,leon,0.0275,,0.7,0.025,0.95,6,524288,1500,3.44854,3.44854,,false,false,11.357,681.401,0.7,0.7,1e-09,6,4,NVIDIA H100 NVL,2.11.0+cu126,12.6,records/track_3_optimization/runs/leon/20260506-leon-schedule-sweep-8dfc948/lr0275_ramp060_090_4gpu,"Fifth schedule sweep point bracketing ramp timing at the lr0275 center; delaying to 60%-90% did not beat the 50%-80% center, finishing +0.00201 behind it, but still beat the old lr025 ramp050080 schedule by -0.00085 and previous constant-L best by -0.00083 while trailing original Muon by +0.01775"
schedule1500_lr0275_wd025_b270_mu095_ramp040070_4gpu,2026-05-06T01:33:41-05:00,cad12ddbd3bf80bd2caf393b8b9d1a27333171bb,"CUDA_VISIBLE_DEVICES=0,1,2,3 NPROC_PER_NODE=4 records/track_3_optimization/launch_leon.sh --trials 1 --out-dir records/track_3_optimization/runs/leon/20260506-leon-schedule-sweep-8dfc948/lr0275_ramp040_070_4gpu --set train_steps=1500 --set leon_lr=0.0275 --set leon_wd=0.025 --set leon_cooldown_frac=0.7 --set adam_cooldown_frac=0.7 --set leon_mu=0.95 --set leon_beta2=0.7 --set leon_ns_iters=6 --set leon_eps=1e-9 --set leon_l_scale=1.0 --set leon_l_scale_schedule=linear_ramp --set leon_l_scale_ramp_start_frac=0.4 --set leon_l_scale_ramp_end_frac=0.7",unset,leon,0.0275,,0.7,0.025,0.95,6,524288,1500,3.44860,3.44860,,false,false,11.356,681.347,0.7,0.7,1e-09,6,4,NVIDIA H100 NVL,2.11.0+cu126,12.6,records/track_3_optimization/runs/leon/20260506-leon-schedule-sweep-8dfc948/lr0275_ramp040_070_4gpu,"Sixth schedule sweep point bracketing earlier ramp timing at the lr0275 center; it transiently beat the 50%-80% center at steps 750 and 875 but faded in the cooldown tail, finishing +0.00207 behind that center and +0.00006 behind the 60%-90% timing run while still beating the old lr025 ramp050080 schedule by -0.00079 and previous constant-L best by -0.00077"
leon_orth_float32_lr035_wd0275_b260_4gpu,2026-05-06T12:47:45-05:00,cb81f591d4e4aefe06dc1aa4ec30e01f9cf2fbb7,"CUDA_VISIBLE_DEVICES=0,1,2,3 NPROC_PER_NODE=4 records/track_3_optimization/launch_leon.sh --trials 1 --out-dir records/track_3_optimization/runs/leon/20260506-leon-orth-float32-cb81f59/lr035_wd0275_b260_float32_4gpu --set train_steps=1500 --set leon_lr=0.035 --set leon_wd=0.0275 --set leon_cooldown_frac=0.6 --set adam_cooldown_frac=0.7 --set leon_mu=0.95 --set leon_beta2=0.6 --set leon_ns_iters=6 --set leon_eps=1e-9 --set leon_l_scale=1.0 --set leon_orthogonalize_dtype=float32",unset,leon,0.035,,0.6,0.0275,0.95,6,524288,1500,3.45121,3.45121,,false,false,11.522,691.320,0.6,0.7,1e-09,6,4,NVIDIA H100 NVL,2.11.0+cu126,12.6,records/track_3_optimization/runs/leon/20260506-leon-orth-float32-cb81f59/lr035_wd0275_b260_float32_4gpu,"User-requested orthogonalization precision probe matching retune1500_lr035_wd0275_b260_4gpu except leon_orthogonalize_dtype=float32; did not reach val_loss < 3.28; final trailed the bfloat16 constant full-L reference by +0.00184 and the best Leon schedule by +0.00468, so this single run does not support NS bfloat16 precision as the main remaining Muon gap"
leon_orth_float64_lr035_wd0275_b260_eps1e12_4gpu,2026-05-06T13:12:06-05:00,4de4a57ed741be55ea7161b0690e4638cd8230a4,"CUDA_VISIBLE_DEVICES=0,1,2,3 NPROC_PER_NODE=4 records/track_3_optimization/launch_leon.sh --trials 1 --out-dir records/track_3_optimization/runs/leon/20260506-leon-orth-float64-4de4a57/lr035_wd0275_b260_float64_eps1e12_4gpu --set train_steps=1500 --set leon_lr=0.035 --set leon_wd=0.0275 --set leon_cooldown_frac=0.6 --set adam_cooldown_frac=0.7 --set leon_mu=0.95 --set leon_beta2=0.6 --set leon_ns_iters=6 --set leon_eps=1e-12 --set leon_l_scale=1.0 --set leon_orthogonalize_dtype=float64",unset,leon,0.035,,0.6,0.0275,0.95,6,524288,1500,3.45027,3.45027,,false,false,11.455,687.310,0.6,0.7,1e-12,6,4,NVIDIA H100 NVL,2.11.0+cu126,12.6,records/track_3_optimization/runs/leon/20260506-leon-orth-float64-4de4a57/lr035_wd0275_b260_float64_eps1e12_4gpu,"User-requested double-precision orthogonalization probe matching retune1500_lr035_wd0275_b260_4gpu except leon_orthogonalize_dtype=float64 and leon_eps=1e-12; did not reach val_loss < 3.28; final trailed the bfloat16 reference by +0.00090 while beating the float32 probe by -0.00094, so double precision did not improve over bf16 and triggered a 12-step Newton-Schulz follow-up"
leon_orth_float64_lr035_wd0275_b260_eps1e12_ns12_4gpu,2026-05-06T13:27:05-05:00,c2edad14720ba0a1de0a718a030d440704bc2554,"CUDA_VISIBLE_DEVICES=0,1,2,3 NPROC_PER_NODE=4 records/track_3_optimization/launch_leon.sh --trials 1 --out-dir records/track_3_optimization/runs/leon/20260506-leon-orth-float64-4de4a57/lr035_wd0275_b260_float64_eps1e12_ns12_4gpu --set train_steps=1500 --set leon_lr=0.035 --set leon_wd=0.0275 --set leon_cooldown_frac=0.6 --set adam_cooldown_frac=0.7 --set leon_mu=0.95 --set leon_beta2=0.6 --set leon_ns_iters=12 --set leon_eps=1e-12 --set leon_l_scale=1.0 --set leon_orthogonalize_dtype=float64",unset,leon,0.035,,0.6,0.0275,0.95,12,524288,1500,3.43039,3.43039,,false,false,12.086,725.158,0.6,0.7,1e-12,12,4,NVIDIA H100 NVL,2.11.0+cu126,12.6,records/track_3_optimization/runs/leon/20260506-leon-orth-float64-4de4a57/lr035_wd0275_b260_float64_eps1e12_ns12_4gpu,"Follow-up after float64 6-step orthogonalization failed to beat bf16; same config with leon_ns_iters=12. Did not reach val_loss < 3.28 but improved over the bf16 6-step reference by -0.01898, float64 6-step by -0.01988, best prior Leon schedule by -0.01614, and original muon1500_2gpu by -0.00040; this points to Newton-Schulz iteration count rather than dtype precision alone as the tested source of the remaining gap"
leon_orth_float32_lr035_wd0275_b260_eps1e12_ns12_4gpu,2026-05-06T13:52:52-05:00,4b57bc8e42484975b9c3d3e30ab5ffce5cd72ded,"CUDA_VISIBLE_DEVICES=0,1,2,3 NPROC_PER_NODE=4 records/track_3_optimization/launch_leon.sh --trials 1 --out-dir records/track_3_optimization/runs/leon/20260506-leon-orth-float32-4b57bc8/lr035_wd0275_b260_float32_eps1e12_ns12_4gpu --set train_steps=1500 --set leon_lr=0.035 --set leon_wd=0.0275 --set leon_cooldown_frac=0.6 --set adam_cooldown_frac=0.7 --set leon_mu=0.95 --set leon_beta2=0.6 --set leon_ns_iters=12 --set leon_eps=1e-12 --set leon_l_scale=1.0 --set leon_orthogonalize_dtype=float32",unset,leon,0.035,,0.6,0.0275,0.95,12,524288,1500,3.42975,3.42975,,false,false,12.200,732.027,0.6,0.7,1e-12,12,4,NVIDIA H100 NVL,2.11.0+cu126,12.6,records/track_3_optimization/runs/leon/20260506-leon-orth-float32-4b57bc8/lr035_wd0275_b260_float32_eps1e12_ns12_4gpu,"User-requested clean attribution run matching the float64 12-step probe except leon_orthogonalize_dtype=float32. Did not reach val_loss < 3.28 but improved over the bf16 6-step reference by -0.01962, float64 12-step by -0.00064, best prior Leon schedule by -0.01678, and original muon1500_2gpu by -0.00104; confirms the 12-step Newton-Schulz count is the main tested factor while float64 is unnecessary for this gain"
leon_orth_bf16_lr035_wd0275_b260_eps1e12_ns12_4gpu,2026-05-06T14:14:11-05:00,7fdc39c11bf9824f367d4c4f9d06e6525097fdbf,"CUDA_VISIBLE_DEVICES=0,1,2,3 NPROC_PER_NODE=4 records/track_3_optimization/launch_leon.sh --trials 1 --out-dir records/track_3_optimization/runs/leon/20260506-leon-orth-bf16-7fdc39c/lr035_wd0275_b260_bf16_eps1e12_ns12_4gpu --set train_steps=1500 --set leon_lr=0.035 --set leon_wd=0.0275 --set leon_cooldown_frac=0.6 --set adam_cooldown_frac=0.7 --set leon_mu=0.95 --set leon_beta2=0.6 --set leon_ns_iters=12 --set leon_eps=1e-12 --set leon_l_scale=1.0 --set leon_orthogonalize_dtype=bfloat16",unset,leon,0.035,,0.6,0.0275,0.95,12,524288,1500,nan,nan,,false,true,4.080,244.802,0.6,0.7,1e-12,12,4,NVIDIA H100 NVL,2.11.0+cu126,12.6,records/track_3_optimization/runs/leon/20260506-leon-orth-bf16-7fdc39c/lr035_wd0275_b260_bf16_eps1e12_ns12_4gpu,"User-requested bf16-path attribution run matching the float32/float64 12-step probes. Validation produced NaNs from step 125 onward and the run was terminated after step 644, so this is a divergence case rather than evidence that bf16 closes the remaining Muon gap"
leon_orth_float32_lr035_wd0275_b260_eps1e12_ns12_3375_4gpu,2026-05-06T14:23:32-05:00,f1a09dd10c7f6b3188f87194c0e176deef8d40ac,"CUDA_VISIBLE_DEVICES=0,1,2,3 NPROC_PER_NODE=4 records/track_3_optimization/launch_leon.sh --trials 1 --out-dir records/track_3_optimization/runs/leon/20260506-leon-best3375-f1a09dd/lr035_wd0275_b260_float32_eps1e12_ns12_3375_4gpu --set train_steps=3375 --set leon_lr=0.035 --set leon_wd=0.0275 --set leon_cooldown_frac=0.6 --set adam_cooldown_frac=0.7 --set leon_mu=0.95 --set leon_beta2=0.6 --set leon_ns_iters=12 --set leon_eps=1e-12 --set leon_l_scale=1.0 --set leon_orthogonalize_dtype=float32",unset,leon,0.035,,0.6,0.0275,0.95,12,524288,3375,3.27879,3.27879,3375,true,false,27.479,1648.710,0.6,0.7,1e-12,12,4,NVIDIA H100 NVL,2.11.0+cu126,12.6,records/track_3_optimization/runs/leon/20260506-leon-best3375-f1a09dd/lr035_wd0275_b260_float32_eps1e12_ns12_3375_4gpu,"Head-to-head 3375-step benchmark run using the current best Leon screen from the 1500-step sweeps. First Leon run in the local ledger to reach val_loss < 3.28, crossing exactly at step 3375 with final 3.27879; this is 0.00019 lower than the single-run train_gpt_simple.py summary value 3.27898, though benchmark claims still need repeated trials per AGENTS.md"
lr_sensitivity_leon_lr00875_3375_4gpu,2026-05-06T15:10:00-05:00,01ae7d635b23ddc08bf5b76db25a76b1e5f209b6,"CUDA_VISIBLE_DEVICES=0,1,2,3 NPROC_PER_NODE=4 records/track_3_optimization/launch_leon.sh --trials 1 --out-dir records/track_3_optimization/runs/leon/20260506-lr-sensitivity/leon_lr00875_4gpu --set leon_lr=0.00875 --set train_steps=3375 --set leon_wd=0.0275 --set leon_cooldown_frac=0.6 --set adam_cooldown_frac=0.7 --set leon_beta2=0.6 --set leon_ns_iters=12 --set leon_eps=1e-12 --set leon_orthogonalize_dtype=float32",unset,leon,0.00875,,0.6,0.0275,0.95,12,524288,3375,3.29982,3.29982,,false,false,27.44,1646.27,0.6,0.7,1e-12,12,4,NVIDIA H100 NVL,2.11.0+cu126,12.6,records/track_3_optimization/runs/leon/20260506-lr-sensitivity/leon_lr00875_4gpu,"LR sensitivity sweep, 4x below optimal leon_lr=0.035; final 3.29982 is +0.02103 above optimal; did not reach val_loss < 3.28; all other hparams fixed at current best: wd=0.0275, cooldown=0.6, beta2=0.6, ns_iters=12, float32, eps=1e-12"
lr_sensitivity_leon_lr0175_3375_4gpu,2026-05-06T15:38:00-05:00,01ae7d635b23ddc08bf5b76db25a76b1e5f209b6,"CUDA_VISIBLE_DEVICES=0,1,2,3 NPROC_PER_NODE=4 records/track_3_optimization/launch_leon.sh --trials 1 --out-dir records/track_3_optimization/runs/leon/20260506-lr-sensitivity/leon_lr0175_4gpu --set leon_lr=0.0175 --set train_steps=3375 --set leon_wd=0.0275 --set leon_cooldown_frac=0.6 --set adam_cooldown_frac=0.7 --set leon_beta2=0.6 --set leon_ns_iters=12 --set leon_eps=1e-12 --set leon_orthogonalize_dtype=float32",unset,leon,0.0175,,0.6,0.0275,0.95,12,524288,3375,3.28451,3.28451,,false,false,27.36,1641.777,0.6,0.7,1e-12,12,4,NVIDIA H100 NVL,2.11.0+cu126,12.6,records/track_3_optimization/runs/leon/20260506-lr-sensitivity/leon_lr0175_4gpu,"LR sensitivity sweep, 2x below optimal leon_lr=0.035; final 3.28451 is +0.00572 above optimal; did not reach val_loss < 3.28; all other hparams fixed at current best"
lr_sensitivity_leon_lr070_3375_4gpu,2026-05-06T16:06:00-05:00,01ae7d635b23ddc08bf5b76db25a76b1e5f209b6,"CUDA_VISIBLE_DEVICES=0,1,2,3 NPROC_PER_NODE=4 records/track_3_optimization/launch_leon.sh --trials 1 --out-dir records/track_3_optimization/runs/leon/20260506-lr-sensitivity/leon_lr070_4gpu --set leon_lr=0.070 --set train_steps=3375 --set leon_wd=0.0275 --set leon_cooldown_frac=0.6 --set adam_cooldown_frac=0.7 --set leon_beta2=0.6 --set leon_ns_iters=12 --set leon_eps=1e-12 --set leon_orthogonalize_dtype=float32",unset,leon,0.07,,0.6,0.0275,0.95,12,524288,3375,3.29345,3.29345,,false,false,27.48,1648.707,0.6,0.7,1e-12,12,4,NVIDIA H100 NVL,2.11.0+cu126,12.6,records/track_3_optimization/runs/leon/20260506-lr-sensitivity/leon_lr070_4gpu,"LR sensitivity sweep, 2x above optimal leon_lr=0.035; final 3.29345 is +0.01466 above optimal; did not reach val_loss < 3.28; all other hparams fixed at current best"
lr_sensitivity_leon_lr140_3375_4gpu,2026-05-06T16:34:00-05:00,01ae7d635b23ddc08bf5b76db25a76b1e5f209b6,"CUDA_VISIBLE_DEVICES=0,1,2,3 NPROC_PER_NODE=4 records/track_3_optimization/launch_leon.sh --trials 1 --out-dir records/track_3_optimization/runs/leon/20260506-lr-sensitivity/leon_lr140_4gpu --set leon_lr=0.140 --set train_steps=3375 --set leon_wd=0.0275 --set leon_cooldown_frac=0.6 --set adam_cooldown_frac=0.7 --set leon_beta2=0.6 --set leon_ns_iters=12 --set leon_eps=1e-12 --set leon_orthogonalize_dtype=float32",unset,leon,0.14,,0.6,0.0275,0.95,12,524288,3375,3.32923,3.32923,,false,false,27.54,1652.416,0.6,0.7,1e-12,12,4,NVIDIA H100 NVL,2.11.0+cu126,12.6,records/track_3_optimization/runs/leon/20260506-lr-sensitivity/leon_lr140_4gpu,"LR sensitivity sweep, 4x above optimal leon_lr=0.035; final 3.32923 is +0.05044 above optimal; did not reach val_loss < 3.28; all other hparams fixed at current best; strong high-side degradation indicates Leon is markedly more sensitive on the high-LR side"
lr_sensitivity_muon_lr00625_3375_4gpu,2026-05-06T17:02:00-05:00,01ae7d635b23ddc08bf5b76db25a76b1e5f209b6,torchrun --standalone --nproc_per_node=4 records/track_3_optimization/train_gpt_simple.py --out-dir records/track_3_optimization/runs/muon/20260506-lr-sensitivity/muon_lr00625_4gpu --set lr=0.00625 --set train_steps=3375,unset,muon,0.00625,,,0.025,0.95,12,524288,3375,3.31013,3.31013,,false,false,24.97,1498.202,0.7,0.7,,,4,NVIDIA H100 NVL,2.11.0+cu126,12.6,records/track_3_optimization/runs/muon/20260506-lr-sensitivity/muon_lr00625_4gpu,"LR sensitivity sweep, 4x below nominal muon_lr=0.025; final 3.31013 is +0.03190 above nominal optimal; did not reach val_loss < 3.28; uses repo .venv train_gpt_simple.py with 12-step NS (range(12)) and --set CLI interface added for this sweep"
lr_sensitivity_muon_lr0125_3375_4gpu,2026-05-06T18:48:00-05:00,01ae7d635b23ddc08bf5b76db25a76b1e5f209b6,torchrun --standalone --nproc_per_node=4 records/track_3_optimization/train_gpt_simple.py --out-dir records/track_3_optimization/runs/muon/20260506-lr-sensitivity/muon_lr0125_4gpu --set lr=0.0125 --set train_steps=3375,unset,muon,0.0125,,,0.025,0.95,12,524288,3375,3.28832,3.28832,,false,false,24.88,1492.865,0.7,0.7,,,4,NVIDIA H100 NVL,2.11.0+cu126,12.6,records/track_3_optimization/runs/muon/20260506-lr-sensitivity/muon_lr0125_4gpu,"LR sensitivity sweep, 2x below nominal muon_lr=0.025; final 3.28832 is +0.01009 above nominal optimal; did not reach val_loss < 3.28"
lr_sensitivity_muon_lr025_3375_4gpu,2026-05-06T19:15:00-05:00,01ae7d635b23ddc08bf5b76db25a76b1e5f209b6,torchrun --standalone --nproc_per_node=4 records/track_3_optimization/train_gpt_simple.py --out-dir records/track_3_optimization/runs/muon/20260506-lr-sensitivity/muon_lr025_4gpu --set lr=0.025 --set train_steps=3375,unset,muon,0.025,,,0.025,0.95,12,524288,3375,3.27823,3.27823,3375,true,false,24.89,1493.545,0.7,0.7,,,4,NVIDIA H100 NVL,2.11.0+cu126,12.6,records/track_3_optimization/runs/muon/20260506-lr-sensitivity/muon_lr025_4gpu,"LR sensitivity sweep, nominal optimal muon_lr=0.025; final 3.27823 reached val_loss < 3.28 at step 3375; first Muon 3375-step run using the updated train_gpt_simple.py with --set CLI; all other hparams at script defaults"
lr_sensitivity_muon_lr050_3375_4gpu,2026-05-06T19:41:00-05:00,01ae7d635b23ddc08bf5b76db25a76b1e5f209b6,torchrun --standalone --nproc_per_node=4 records/track_3_optimization/train_gpt_simple.py --out-dir records/track_3_optimization/runs/muon/20260506-lr-sensitivity/muon_lr050_4gpu --set lr=0.050 --set train_steps=3375,unset,muon,0.05,,,0.025,0.95,12,524288,3375,3.27758,3.27758,3375,true,false,24.94,1496.348,0.7,0.7,,,4,NVIDIA H100 NVL,2.11.0+cu126,12.6,records/track_3_optimization/runs/muon/20260506-lr-sensitivity/muon_lr050_4gpu,"LR sensitivity sweep, 2x above nominal muon_lr=0.025; final 3.27758 is -0.00065 lower than nominal optimal (marginally better); reached val_loss < 3.28 at step 3375; suggests true Muon optimum may be near 0.025-0.050 and the curve is flat in this region"
lr_sensitivity_muon_lr100_3375_4gpu,2026-05-06T20:08:00-05:00,01ae7d635b23ddc08bf5b76db25a76b1e5f209b6,torchrun --standalone --nproc_per_node=4 records/track_3_optimization/train_gpt_simple.py --out-dir records/track_3_optimization/runs/muon/20260506-lr-sensitivity/muon_lr100_4gpu --set lr=0.100 --set train_steps=3375,unset,muon,0.1,,,0.025,0.95,12,524288,3375,3.29988,3.29988,,false,false,25.02,1501.162,0.7,0.7,,,4,NVIDIA H100 NVL,2.11.0+cu126,12.6,records/track_3_optimization/runs/muon/20260506-lr-sensitivity/muon_lr100_4gpu,"LR sensitivity sweep, 4x above nominal muon_lr=0.025; final 3.29988 is +0.02165 above nominal optimal; did not reach val_loss < 3.28; high-side degradation consistent with over-aggressive LR"
lr_sensitivity_shared_muon_lr02_3375_4gpu,2026-05-07T00:00:00-05:00,94a9438c1a62e6e816f275b6e17fc820ad6690e6,torchrun --standalone --nproc_per_node=4 records/track_3_optimization/train_gpt_simple.py --out-dir records/track_3_optimization/runs/muon/20260506-lr-sensitivity-ext/muon_lr0200_4gpu --set lr=0.2 --set train_steps=3375,unset,muon,0.2,,,0.025,0.95,12,524288,3375,3.33734,3.33734,,false,false,25.03,1501.642,0.7,0.7,,,4,NVIDIA H100 NVL,2.11.0+cu126,12.6,records/track_3_optimization/runs/muon/20260506-lr-sensitivity-ext/muon_lr0200_4gpu,"Shared-grid LR sensitivity sweep phase 1 (Muon extension); muon_lr=0.2 (factor-of-2 extension above 0.100); final 3.33734; did not reach val_loss < 3.28; Muon remained stable through lr=1.600 without divergence; wd=0.025, cd=0.7 (script defaults)"
lr_sensitivity_shared_muon_lr04_3375_4gpu,2026-05-07T00:00:00-05:00,94a9438c1a62e6e816f275b6e17fc820ad6690e6,torchrun --standalone --nproc_per_node=4 records/track_3_optimization/train_gpt_simple.py --out-dir records/track_3_optimization/runs/muon/20260506-lr-sensitivity-ext/muon_lr0400_4gpu --set lr=0.4 --set train_steps=3375,unset,muon,0.4,,,0.025,0.95,12,524288,3375,3.40087,3.40087,,false,false,25.08,1504.677,0.7,0.7,,,4,NVIDIA H100 NVL,2.11.0+cu126,12.6,records/track_3_optimization/runs/muon/20260506-lr-sensitivity-ext/muon_lr0400_4gpu,"Shared-grid LR sensitivity sweep phase 1 (Muon extension); muon_lr=0.4 (factor-of-2 extension above 0.100); final 3.40087; did not reach val_loss < 3.28; Muon remained stable through lr=1.600 without divergence; wd=0.025, cd=0.7 (script defaults)"
lr_sensitivity_shared_muon_lr08_3375_4gpu,2026-05-07T00:00:00-05:00,94a9438c1a62e6e816f275b6e17fc820ad6690e6,torchrun --standalone --nproc_per_node=4 records/track_3_optimization/train_gpt_simple.py --out-dir records/track_3_optimization/runs/muon/20260506-lr-sensitivity-ext/muon_lr0800_4gpu --set lr=0.8 --set train_steps=3375,unset,muon,0.8,,,0.025,0.95,12,524288,3375,3.48118,3.48118,,false,false,25.09,1505.683,0.7,0.7,,,4,NVIDIA H100 NVL,2.11.0+cu126,12.6,records/track_3_optimization/runs/muon/20260506-lr-sensitivity-ext/muon_lr0800_4gpu,"Shared-grid LR sensitivity sweep phase 1 (Muon extension); muon_lr=0.8 (factor-of-2 extension above 0.100); final 3.48118; did not reach val_loss < 3.28; Muon remained stable through lr=1.600 without divergence; wd=0.025, cd=0.7 (script defaults)"
lr_sensitivity_shared_muon_lr16_3375_4gpu,2026-05-07T00:00:00-05:00,94a9438c1a62e6e816f275b6e17fc820ad6690e6,torchrun --standalone --nproc_per_node=4 records/track_3_optimization/train_gpt_simple.py --out-dir records/track_3_optimization/runs/muon/20260506-lr-sensitivity-ext/muon_lr1600_4gpu --set lr=1.6 --set train_steps=3375,unset,muon,1.6,,,0.025,0.95,12,524288,3375,3.60214,3.60214,,false,false,25.04,1502.115,0.7,0.7,,,4,NVIDIA H100 NVL,2.11.0+cu126,12.6,records/track_3_optimization/runs/muon/20260506-lr-sensitivity-ext/muon_lr1600_4gpu,"Shared-grid LR sensitivity sweep phase 1 (Muon extension); muon_lr=1.6 (factor-of-2 extension above 0.100); final 3.60214; did not reach val_loss < 3.28; Muon remained stable through lr=1.600 without divergence; wd=0.025, cd=0.7 (script defaults)"
lr_sensitivity_shared_leon_lr000625_3375_4gpu,2026-05-07T00:00:00-05:00,94a9438c1a62e6e816f275b6e17fc820ad6690e6,torchrun --standalone --nproc_per_node=4 records/track_3_optimization/train_gpt_simple_leon.py --trials 1 --out-dir records/track_3_optimization/runs/leon/20260506-lr-sensitivity-shared/leon_lr000625_4gpu --set leon_lr=0.00625 --set train_steps=3375 --set leon_wd=0.025 --set leon_cooldown_frac=0.7 --set adam_cooldown_frac=0.7 --set leon_beta2=0.6 --set leon_ns_iters=12 --set leon_eps=1e-12 --set leon_orthogonalize_dtype=float32,unset,leon,0.00625,,0.6,0.025,,12,524288,3375,3.31831,3.31831,,false,false,27.42,1645.083,0.7,0.7,1e-12,12,4,NVIDIA H100 NVL,2.11.0+cu126,12.6,records/track_3_optimization/runs/leon/20260506-lr-sensitivity-shared/leon_lr000625_4gpu,Shared-grid LR sensitivity sweep phase 2 (Leon on same grid as Muon); leon_lr=0.00625; final 3.31831; did not reach val_loss < 3.28; wd=0.025 cd=0.7 matched to Muon for apples-to-apples comparison; beta2=0.6 ns=12 float32 eps=1e-12
lr_sensitivity_shared_leon_lr00125_3375_4gpu,2026-05-07T00:00:00-05:00,94a9438c1a62e6e816f275b6e17fc820ad6690e6,torchrun --standalone --nproc_per_node=4 records/track_3_optimization/train_gpt_simple_leon.py --trials 1 --out-dir records/track_3_optimization/runs/leon/20260506-lr-sensitivity-shared/leon_lr00125_4gpu --set leon_lr=0.0125 --set train_steps=3375 --set leon_wd=0.025 --set leon_cooldown_frac=0.7 --set adam_cooldown_frac=0.7 --set leon_beta2=0.6 --set leon_ns_iters=12 --set leon_eps=1e-12 --set leon_orthogonalize_dtype=float32,unset,leon,0.0125,,0.6,0.025,,12,524288,3375,3.2936,3.2936,,false,false,27.33,1639.644,0.7,0.7,1e-12,12,4,NVIDIA H100 NVL,2.11.0+cu126,12.6,records/track_3_optimization/runs/leon/20260506-lr-sensitivity-shared/leon_lr00125_4gpu,Shared-grid LR sensitivity sweep phase 2 (Leon on same grid as Muon); leon_lr=0.0125; final 3.29360; did not reach val_loss < 3.28; wd=0.025 cd=0.7 matched to Muon for apples-to-apples comparison; beta2=0.6 ns=12 float32 eps=1e-12
lr_sensitivity_shared_leon_lr0025_3375_4gpu,2026-05-07T00:00:00-05:00,94a9438c1a62e6e816f275b6e17fc820ad6690e6,torchrun --standalone --nproc_per_node=4 records/track_3_optimization/train_gpt_simple_leon.py --trials 1 --out-dir records/track_3_optimization/runs/leon/20260506-lr-sensitivity-shared/leon_lr0025_4gpu --set leon_lr=0.025 --set train_steps=3375 --set leon_wd=0.025 --set leon_cooldown_frac=0.7 --set adam_cooldown_frac=0.7 --set leon_beta2=0.6 --set leon_ns_iters=12 --set leon_eps=1e-12 --set leon_orthogonalize_dtype=float32,unset,leon,0.025,,0.6,0.025,,12,524288,3375,3.28027,3.28027,,false,false,27.36,1641.615,0.7,0.7,1e-12,12,4,NVIDIA H100 NVL,2.11.0+cu126,12.6,records/track_3_optimization/runs/leon/20260506-lr-sensitivity-shared/leon_lr0025_4gpu,Shared-grid LR sensitivity sweep phase 2 (Leon on same grid as Muon); leon_lr=0.025; final 3.28027; did not reach val_loss < 3.28; wd=0.025 cd=0.7 matched to Muon for apples-to-apples comparison; beta2=0.6 ns=12 float32 eps=1e-12
lr_sensitivity_shared_leon_lr0050_3375_4gpu,2026-05-07T00:00:00-05:00,94a9438c1a62e6e816f275b6e17fc820ad6690e6,torchrun --standalone --nproc_per_node=4 records/track_3_optimization/train_gpt_simple_leon.py --trials 1 --out-dir records/track_3_optimization/runs/leon/20260506-lr-sensitivity-shared/leon_lr0050_4gpu --set leon_lr=0.05 --set train_steps=3375 --set leon_wd=0.025 --set leon_cooldown_frac=0.7 --set adam_cooldown_frac=0.7 --set leon_beta2=0.6 --set leon_ns_iters=12 --set leon_eps=1e-12 --set leon_orthogonalize_dtype=float32,unset,leon,0.05,,0.6,0.025,,12,524288,3375,3.28175,3.28175,,false,false,27.37,1642.059,0.7,0.7,1e-12,12,4,NVIDIA H100 NVL,2.11.0+cu126,12.6,records/track_3_optimization/runs/leon/20260506-lr-sensitivity-shared/leon_lr0050_4gpu,Shared-grid LR sensitivity sweep phase 2 (Leon on same grid as Muon); leon_lr=0.05; final 3.28175; did not reach val_loss < 3.28; wd=0.025 cd=0.7 matched to Muon for apples-to-apples comparison; beta2=0.6 ns=12 float32 eps=1e-12
lr_sensitivity_shared_leon_lr0100_3375_4gpu,2026-05-07T00:00:00-05:00,94a9438c1a62e6e816f275b6e17fc820ad6690e6,torchrun --standalone --nproc_per_node=4 records/track_3_optimization/train_gpt_simple_leon.py --trials 1 --out-dir records/track_3_optimization/runs/leon/20260506-lr-sensitivity-shared/leon_lr0100_4gpu --set leon_lr=0.1 --set train_steps=3375 --set leon_wd=0.025 --set leon_cooldown_frac=0.7 --set adam_cooldown_frac=0.7 --set leon_beta2=0.6 --set leon_ns_iters=12 --set leon_eps=1e-12 --set leon_orthogonalize_dtype=float32,unset,leon,0.1,,0.6,0.025,,12,524288,3375,3.30274,3.30274,,false,false,27.49,1649.477,0.7,0.7,1e-12,12,4,NVIDIA H100 NVL,2.11.0+cu126,12.6,records/track_3_optimization/runs/leon/20260506-lr-sensitivity-shared/leon_lr0100_4gpu,Shared-grid LR sensitivity sweep phase 2 (Leon on same grid as Muon); leon_lr=0.1; final 3.30274; did not reach val_loss < 3.28; wd=0.025 cd=0.7 matched to Muon for apples-to-apples comparison; beta2=0.6 ns=12 float32 eps=1e-12
lr_sensitivity_shared_leon_lr0200_3375_4gpu,2026-05-07T00:00:00-05:00,94a9438c1a62e6e816f275b6e17fc820ad6690e6,torchrun --standalone --nproc_per_node=4 records/track_3_optimization/train_gpt_simple_leon.py --trials 1 --out-dir records/track_3_optimization/runs/leon/20260506-lr-sensitivity-shared/leon_lr0200_4gpu --set leon_lr=0.2 --set train_steps=3375 --set leon_wd=0.025 --set leon_cooldown_frac=0.7 --set adam_cooldown_frac=0.7 --set leon_beta2=0.6 --set leon_ns_iters=12 --set leon_eps=1e-12 --set leon_orthogonalize_dtype=float32,unset,leon,0.2,,0.6,0.025,,12,524288,3375,3.34502,3.34502,,false,false,27.49,1649.154,0.7,0.7,1e-12,12,4,NVIDIA H100 NVL,2.11.0+cu126,12.6,records/track_3_optimization/runs/leon/20260506-lr-sensitivity-shared/leon_lr0200_4gpu,Shared-grid LR sensitivity sweep phase 2 (Leon on same grid as Muon); leon_lr=0.2; final 3.34502; did not reach val_loss < 3.28; wd=0.025 cd=0.7 matched to Muon for apples-to-apples comparison; beta2=0.6 ns=12 float32 eps=1e-12
lr_sensitivity_shared_leon_lr0400_3375_4gpu,2026-05-07T00:00:00-05:00,94a9438c1a62e6e816f275b6e17fc820ad6690e6,torchrun --standalone --nproc_per_node=4 records/track_3_optimization/train_gpt_simple_leon.py --trials 1 --out-dir records/track_3_optimization/runs/leon/20260506-lr-sensitivity-shared/leon_lr0400_4gpu --set leon_lr=0.4 --set train_steps=3375 --set leon_wd=0.025 --set leon_cooldown_frac=0.7 --set adam_cooldown_frac=0.7 --set leon_beta2=0.6 --set leon_ns_iters=12 --set leon_eps=1e-12 --set leon_orthogonalize_dtype=float32,unset,leon,0.4,,0.6,0.025,,12,524288,3375,3.4044,3.4044,,false,false,27.55,1653.078,0.7,0.7,1e-12,12,4,NVIDIA H100 NVL,2.11.0+cu126,12.6,records/track_3_optimization/runs/leon/20260506-lr-sensitivity-shared/leon_lr0400_4gpu,Shared-grid LR sensitivity sweep phase 2 (Leon on same grid as Muon); leon_lr=0.4; final 3.40440; did not reach val_loss < 3.28; wd=0.025 cd=0.7 matched to Muon for apples-to-apples comparison; beta2=0.6 ns=12 float32 eps=1e-12
lr_sensitivity_shared_leon_lr0800_3375_4gpu,2026-05-07T00:00:00-05:00,94a9438c1a62e6e816f275b6e17fc820ad6690e6,torchrun --standalone --nproc_per_node=4 records/track_3_optimization/train_gpt_simple_leon.py --trials 1 --out-dir records/track_3_optimization/runs/leon/20260506-lr-sensitivity-shared/leon_lr0800_4gpu --set leon_lr=0.8 --set train_steps=3375 --set leon_wd=0.025 --set leon_cooldown_frac=0.7 --set adam_cooldown_frac=0.7 --set leon_beta2=0.6 --set leon_ns_iters=12 --set leon_eps=1e-12 --set leon_orthogonalize_dtype=float32,unset,leon,0.8,,0.6,0.025,,12,524288,3375,3.49508,3.49508,,false,false,27.59,1655.172,0.7,0.7,1e-12,12,4,NVIDIA H100 NVL,2.11.0+cu126,12.6,records/track_3_optimization/runs/leon/20260506-lr-sensitivity-shared/leon_lr0800_4gpu,Shared-grid LR sensitivity sweep phase 2 (Leon on same grid as Muon); leon_lr=0.8; final 3.49508; did not reach val_loss < 3.28; wd=0.025 cd=0.7 matched to Muon for apples-to-apples comparison; beta2=0.6 ns=12 float32 eps=1e-12
lr_sensitivity_shared_leon_lr1600_3375_4gpu,2026-05-07T00:00:00-05:00,94a9438c1a62e6e816f275b6e17fc820ad6690e6,torchrun --standalone --nproc_per_node=4 records/track_3_optimization/train_gpt_simple_leon.py --trials 1 --out-dir records/track_3_optimization/runs/leon/20260506-lr-sensitivity-shared/leon_lr1600_4gpu --set leon_lr=1.6 --set train_steps=3375 --set leon_wd=0.025 --set leon_cooldown_frac=0.7 --set adam_cooldown_frac=0.7 --set leon_beta2=0.6 --set leon_ns_iters=12 --set leon_eps=1e-12 --set leon_orthogonalize_dtype=float32,unset,leon,1.6,,0.6,0.025,,12,524288,3375,3.62542,3.62542,,false,false,27.5,1650.274,0.7,0.7,1e-12,12,4,NVIDIA H100 NVL,2.11.0+cu126,12.6,records/track_3_optimization/runs/leon/20260506-lr-sensitivity-shared/leon_lr1600_4gpu,Shared-grid LR sensitivity sweep phase 2 (Leon on same grid as Muon); leon_lr=1.6; final 3.62542; did not reach val_loss < 3.28; wd=0.025 cd=0.7 matched to Muon for apples-to-apples comparison; beta2=0.6 ns=12 float32 eps=1e-12
muonh_gauging_default_lr0018_12k_4gpu,2026-05-08T06:15:00-05:00,dae1ab70,torchrun --standalone --nproc_per_node=4 records/track_3_optimization/train_gpt_simple_muonh.py --trials 1 --set train_steps=12000,unset,muonh,0.018,0.8,0.95,0,,12,524288,7500,3.34592,3.34592,,,false,55.47,3328.189,1.0,0.4,,12,4,NVIDIA H100 NVL,2.11.0+cu126,12.6,records/track_3_optimization/runs/muonh/20260508-061519-0d86e8d9,Phase 2 gauging run; default hparams; set train_steps=12000 but crashed at step 7500 due to data exhaustion (40 shards x 100M tokens/shard = 7600 step budget); last val_loss 3.34592; did not reach 2.92 or 3.28; cooldown_frac=1.0 so LR decays from step 0 which is suboptimal for long runs
adamh_gauging_default_lr0018_7500_4gpu,2026-05-08T07:49:00-05:00,dae1ab70,torchrun --standalone --nproc_per_node=4 records/track_3_optimization/train_gpt_simple_adamh.py --trials 1 --set train_steps=7500,unset,adamh,0.018,0.8,0.95,0,,0,524288,7500,3.21548,3.21548,6500,true,false,53.67,3220.012,1.0,0.4,,,4,NVIDIA H100 NVL,2.11.0+cu126,12.6,records/track_3_optimization/runs/adamh/20260508-074947-fbf87ece,Phase 2 gauging run; default hparams; train_steps=7500 (within 7600 step data budget); final val_loss 3.21548 at step 7500 (still decreasing); reached val_loss < 3.28 at step 6500 (3.27210); AdamH outperforms MuonH by 0.130 at step 7500; h_warmup_steps=250 then linear decay; MuonH crashed at step 7500 with 3.34592 (never reached 3.28)
adamh_10k_default_lr0018,2026-05-09T15:09:58-05:00,eb4b2dc,torchrun --standalone --nproc_per_node=4 records/track_3_optimization/train_gpt_simple_adamh.py --trials 1 --set train_steps=10000,unset,adamh,0.018,0.8,0.95,0,,0,524288,10000,3.18194,3.18194,8125,true,false,72.60,4355.889,1.0,0.4,,,4,NVIDIA H100 NVL,2.11.0+cu126,12.6,records/track_3_optimization/runs/adamh/20260509-150958-91af51c8,Phase 3 baseline run; default hparams (h_warmup_steps=250 then linear decay); train_steps=10000; final val_loss 3.18194; reached val_loss < 3.28 at step 8125; did not reach 2.92; 103 shards available
muonh_10k_default_lr0018,2026-05-09T17:19:39-05:00,eb4b2dc,torchrun --standalone --nproc_per_node=4 records/track_3_optimization/train_gpt_simple_muonh.py --trials 1 --set train_steps=10000,unset,muonh,0.018,0.8,0.95,0,,12,524288,10000,3.15179,3.15179,7625,true,false,73.79,4427.567,1.0,0.4,,12,4,NVIDIA H100 NVL,2.11.0+cu126,12.6,records/track_3_optimization/runs/muonh/20260509-171939-e70914b9,Phase 3 baseline run; default hparams (cooldown_frac=1.0 LR decay from step 0; mu=0.95; ns_steps=12); train_steps=10000; final val_loss 3.15179; reached val_loss < 3.28 at step 7625; did not reach 2.92; outperformed Phase 2 muonh gauging by 0.194 at step 7500
adamh_10k_lr0025_wu250,2026-05-10T10:49:55-05:00,10982f9,torchrun --standalone --nproc_per_node=4 records/track_3_optimization/train_gpt_simple_adamh.py --trials 1 --set train_steps=10000 --set matrix_lr=0.025,unset,adamh,0.025,0.8,0.95,0,,0,524288,10000,3.21064,3.21064,8750,true,false,71.25,4274.967,1.0,0.4,,,4,NVIDIA H100 NVL,2.11.0+cu126,12.6,records/track_3_optimization/runs/adamh/20260510-104955-98352811,Phase A Run A1 LR sweep; lr=0.025 (sqrt2 above baseline 0.018); h_warmup_steps=250; train_steps=10000; final val_loss 3.21064; WORSE than baseline (3.18194) by +0.02870; step_to_3.28=8750 (vs baseline 8125); optimal LR appears below 0.025
adamh_10k_lr0013_wu250,2026-05-11T08:49:25-05:00,10982f9,torchrun --standalone --nproc_per_node=4 records/track_3_optimization/train_gpt_simple_adamh.py --trials 1 --set train_steps=10000 --set matrix_lr=0.013,unset,adamh,0.013,0.8,0.95,0,,0,524288,10000,3.18412,3.18412,7750,true,false,71.48,4288.796,1.0,0.4,,,4,NVIDIA H100 NVL,2.11.0+cu126,12.6,records/track_3_optimization/runs/adamh/20260511-084925-4f3d8941,Phase A Run A2 LR sweep; lr=0.013 (sqrt2 below baseline 0.018); h_warmup_steps=250; train_steps=10000; final val_loss 3.18412; marginally WORSE than baseline (3.18194) by +0.00218; step_to_3.28=7750; baseline lr=0.018 confirmed as best LR
leonv_assert_crash,2026-05-11T12:26:21-05:00,fdf4c04,torchrun --standalone --nproc_per_node=4 records/track_3_optimization/train_gpt_simple_leonv.py --trials 1,unset,leonv,0.0015,0.9,0.95,0.10,,,524288,5625,,,,false,true,,,0.7,,,,4,NVIDIA H100 NVL,2.11.0+cu128,12.8,records/track_3_optimization/runs/leonv/20260511-122621-f613584a,Crash before training: LeonV.__init__ assertion isinstance(params[0] Parameter) fails when passing param group dicts; fixed by relaxing assertion to just check isinstance(params list)
leonv_baseline_5625_4gpu,2026-05-11T12:27:02-05:00,fdf4c04,torchrun --standalone --nproc_per_node=4 records/track_3_optimization/train_gpt_simple_leonv.py --trials 1,unset,leonv,0.0015,0.9,0.95,0.10,,,524288,5625,3.28346,3.28346,,false,false,40.25,2415.077,0.7,,,,4,NVIDIA H100 NVL,2.11.0+cu128,12.8,records/track_3_optimization/runs/leonv/20260511-122702-d0a85b15,LeonV baseline; matrix_lr=0.0015 warmup=250 cooldown_frac=0.7 betas=(0.9 0.95) wd=0.10 matching AdamW baseline; final val 3.28346 did NOT reach 3.28 (deficit 0.00443 vs AdamW 3.27903); step_avg 429ms/step (3x slower than AdamW due to unfused Python loop over all params incl embedding); loss monotonically decreasing at end
adamh_10k_lr0018_wu0,2026-05-11T10:35:01-05:00,10982f9,torchrun --standalone --nproc_per_node=4 records/track_3_optimization/train_gpt_simple_adamh.py --trials 1 --set train_steps=10000 --set matrix_lr=0.018 --set h_warmup_steps=0,unset,adamh,0.018,0.8,0.95,0,,0,524288,10000,3.22696,3.22696,8750,true,false,75.48,4528.715,1.0,0.4,,,4,NVIDIA H100 NVL,2.11.0+cu126,12.6,records/track_3_optimization/runs/adamh/20260511-103501-0611a616,Phase A Stage 2 warmup sweep; lr=0.018 (best from Stage 1); h_warmup_steps=0 (no warmup); train_steps=10000; final val_loss 3.22696; WORSE than baseline (3.18194) by +0.04502; step_to_3.28=8750; no warmup hurts performance
leonv_s1_beta2_090_1500_4gpu,2026-05-11T13:26:17-05:00,fdf4c047,"torchrun --standalone --nproc_per_node=4 records/track_3_optimization/train_gpt_simple_leonv.py --trials 1 --set train_steps=1500 --set ""leonv_betas=(0.9, 0.90)""",unset,leonv,0.0015,0.9,0.90,0.10,,,524288,1500,3.58798,3.58798,,false,false,10.09,605.248,0.7,,,,4,NVIDIA H100 NVL,2.11.0+cu128,12.8,records/track_3_optimization/runs/leonv/20260511-132617-126e7d9a,"Phase S1 beta2 sweep; beta2=0.90 (lowered from 0.95 baseline); train_steps=1500; final val 3.58798; BEST in S1; delta=-0.066 vs leonv baseline@1500 (3.65393); step_avg=403ms"
leonv_s1_beta2_080_1500_4gpu,2026-05-11T13:37:06-05:00,fdf4c047,"torchrun --standalone --nproc_per_node=4 records/track_3_optimization/train_gpt_simple_leonv.py --trials 1 --set train_steps=1500 --set ""leonv_betas=(0.9, 0.80)""",unset,leonv,0.0015,0.9,0.80,0.10,,,524288,1500,3.61429,3.61429,,false,false,11.15,668.930,0.7,,,,4,NVIDIA H100 NVL,2.11.0+cu128,12.8,records/track_3_optimization/runs/leonv/20260511-133706-dff0c3ee,"Phase S1 beta2 sweep; beta2=0.80; train_steps=1500; final val 3.61429; delta=-0.040 vs leonv baseline@1500 (3.65393); worse than beta2=0.90; step_avg=446ms"
leonv_s1_beta2_070_1500_4gpu,2026-05-11T13:49:02-05:00,fdf4c047,"torchrun --standalone --nproc_per_node=4 records/track_3_optimization/train_gpt_simple_leonv.py --trials 1 --set train_steps=1500 --set ""leonv_betas=(0.9, 0.70)""",unset,leonv,0.0015,0.9,0.70,0.10,,,524288,1500,3.62890,3.62890,,false,false,10.60,635.979,0.7,,,,4,NVIDIA H100 NVL,2.11.0+cu128,12.8,records/track_3_optimization/runs/leonv/20260511-134902-5203e7f0,"Phase S1 beta2 sweep; beta2=0.70; train_steps=1500; final val 3.62890; delta=-0.025 vs leonv baseline@1500 (3.65393); worst in S1; beta2=0.90 is clearly best; step_avg=424ms"
adamh_10k_lr0018_wu1000,2026-05-11T13:58:32-05:00,10982f9,torchrun --standalone --nproc_per_node=4 records/track_3_optimization/train_gpt_simple_adamh.py --trials 1 --set train_steps=10000 --set matrix_lr=0.018 --set h_warmup_steps=1000,unset,adamh,0.018,0.8,0.95,0,,0,524288,10000,3.18364,3.18364,8125,true,false,71.11,4266.511,1.0,0.4,,,4,NVIDIA H100 NVL,2.11.0+cu126,12.6,records/track_3_optimization/runs/adamh/20260511-135832-42cba959,Phase A Stage 2 warmup sweep; lr=0.018 (best from Stage 1); h_warmup_steps=1000 (10% budget); train_steps=10000; final val_loss 3.18364; marginally WORSE than baseline (3.18194) by +0.00170; step_to_3.28=8125; baseline wu=250 confirmed best warmup
muonh_8k_lr0022,2026-05-11T15:31:42-05:00,10982f9,torchrun --standalone --nproc_per_node=4 records/track_3_optimization/train_gpt_simple_muonh.py --trials 1 --set train_steps=8000 --set matrix_lr=0.022,unset,muonh,0.022,0.8,0.95,0,0.95,12,524288,8000,3.18021,3.18021,6625,true,false,58.73,3524.001,1.0,0.4,,12,4,NVIDIA H100 NVL,2.11.0+cu126,12.6,records/track_3_optimization/runs/muonh/20260511-153142-77a01cbd,Phase B Run B1; MuonH step minimisation; train_steps=8000 budget-equivalent lr=0.022 (0.018*10000/8000); final val_loss 3.18021; BEATS L_target (3.18194) by -0.00173; step_to_3.28=6625; 20% step reduction vs AdamH baseline; proceeding to B2 at 6500 steps
muonh_6500_lr0277,2026-05-11T17:24:13-05:00,10982f9,torchrun --standalone --nproc_per_node=4 records/track_3_optimization/train_gpt_simple_muonh.py --trials 1 --set train_steps=6500 --set matrix_lr=0.0277,unset,muonh,0.0277,0.8,0.95,0,0.95,12,524288,6500,3.21265,3.21265,5750,true,false,47.76,2865.523,1.0,0.4,,12,4,NVIDIA H100 NVL,2.11.0+cu126,12.6,records/track_3_optimization/runs/muonh/20260511-172413-eb0df865,Phase B Run B2; MuonH step minimisation; train_steps=6500 budget-equivalent lr=0.0277 (0.018*10000/6500); final val_loss 3.21265; MISSES L_target (3.18194) by +0.03071; step_to_3.28=5750; 6500 steps insufficient at budget LR; B3 will try lr=0.033 at same 6500 steps
muonh_6500_lr0033,2026-05-12T09:48:14-05:00,10982f9,torchrun --standalone --nproc_per_node=4 records/track_3_optimization/train_gpt_simple_muonh.py --trials 1 --set train_steps=6500 --set matrix_lr=0.033,unset,muonh,0.033,0.8,0.95,0,0.95,12,524288,6500,3.22990,3.22990,6000,true,false,81.16,4869.458,1.0,0.4,,12,4,NVIDIA H100 NVL,2.11.0+cu126,12.6,records/track_3_optimization/runs/muonh/20260512-094814-4373123b,Phase B Run B3; MuonH step minimisation; train_steps=6500 higher LR lr=0.033; final val_loss 3.22990; MISSES L_target (3.18194) by +0.04796; worse than B2 at same steps (3.21265) — lr=0.033 too high; 6500 steps insufficient regardless of LR; B4 will bisect to 7250 steps
leonh_baseline_lr035_b260_ns12_f32_eps1e12_cd06_3325,2026-05-13T12:27:55-05:00,21cb85b,torchrun --standalone --nproc_per_node=4 records/track_3_optimization/train_gpt_simple_leonh.py --trials 1 --set train_steps=3325 --set leon_lr=0.035 --set leon_beta2=0.6 --set leon_ns_iters=12 --set leon_orthogonalize_dtype=float32 --set leon_eps=1e-12 --set leon_cooldown_frac=0.6,unset,leonh,0.035,,0.6,0,0.95,12,524288,3325,3.36434,3.36434,,false,false,27.58,1655.005,0.6,0.7,1e-12,12,4,NVIDIA H100 NVL,2.10.0+cu128,12.8,records/track_3_optimization/runs/leonh/20260513-122755-73a2fb7d,First LeonH run (Leon + hyperball projection; no weight decay; MuonH-style non-zero init); best-known Leon hparams at train_steps=3325; lr=0.035 beta2=0.6 ns=12 float32 eps=1e-12 cd=0.6; final 3.36434; did NOT reach 3.28; convergence considerably slower than Leon at similar steps (Leon 3.27879 at 3375); loss still steeply declining at final step (3.40738 @ step 3125 → 3.37471 @ step 3250 → 3.36434 @ step 3325); step_avg ~490ms; next: tune leon_lr and leon_cooldown_frac
leonh_cd10_lr035_3325,2026-05-13T13:30:24-05:00,21cb85b,torchrun --standalone --nproc_per_node=4 records/track_3_optimization/train_gpt_simple_leonh.py --trials 1 --set train_steps=3325 --set leon_lr=0.035 --set leon_beta2=0.6 --set leon_ns_iters=12 --set leon_orthogonalize_dtype=float32 --set leon_eps=1e-12 --set leon_cooldown_frac=1.0,unset,leonh,0.035,,0.6,0,0.95,12,524288,3325,3.31590,3.31590,,false,false,26.96,1617.681,1.0,0.7,1e-12,12,4,NVIDIA H100 NVL,2.10.0+cu128,12.8,records/track_3_optimization/runs/leonh/20260513-133029-1ef077fd,LR sweep cd=1.0; leon_lr=0.035 (center/2× above 0.0175); final 3.31590; did NOT reach 3.28; improved over cd=0.6 baseline by 0.049; best so far until lr=0.0175 ran
leonh_cd10_lr0175_3325,2026-05-13T13:58:46-05:00,21cb85b,torchrun --standalone --nproc_per_node=4 records/track_3_optimization/train_gpt_simple_leonh.py --trials 1 --set train_steps=3325 --set leon_lr=0.0175 --set leon_beta2=0.6 --set leon_ns_iters=12 --set leon_orthogonalize_dtype=float32 --set leon_eps=1e-12 --set leon_cooldown_frac=1.0,unset,leonh,0.0175,,0.6,0,0.95,12,524288,3325,3.28272,3.28272,,false,false,39.08,2344.716,1.0,0.7,1e-12,12,4,NVIDIA H100 NVL,2.10.0+cu128,12.8,records/track_3_optimization/runs/leonh/20260513-135851-51737be7,LR sweep cd=1.0; leon_lr=0.0175 (2× below 0.035); BEST in sweep; final 3.28272; only 0.003 above 3.28 threshold; loss still declining at final step (3.28657 @ 3250 → 3.28272 @ 3325)
leonh_cd10_lr070_3325,2026-05-13T14:39:46-05:00,21cb85b,torchrun --standalone --nproc_per_node=4 records/track_3_optimization/train_gpt_simple_leonh.py --trials 1 --set train_steps=3325 --set leon_lr=0.07 --set leon_beta2=0.6 --set leon_ns_iters=12 --set leon_orthogonalize_dtype=float32 --set leon_eps=1e-12 --set leon_cooldown_frac=1.0,unset,leonh,0.07,,0.6,0,0.95,12,524288,3325,3.41332,3.41332,,false,false,32.19,1931.461,1.0,0.7,1e-12,12,4,NVIDIA H100 NVL,2.10.0+cu128,12.8,records/track_3_optimization/runs/leonh/20260513-143950-2831d069,LR sweep cd=1.0; leon_lr=0.07 (2× above 0.035); clearly underperforms — 0.131 worse than lr=0.0175; triggers early-stopping criterion to skip lr=0.14
leonh_cd10_lr00875_3325,2026-05-13T15:13:35-05:00,21cb85b,torchrun --standalone --nproc_per_node=4 records/track_3_optimization/train_gpt_simple_leonh.py --trials 1 --set train_steps=3325 --set leon_lr=0.00875 --set leon_beta2=0.6 --set leon_ns_iters=12 --set leon_orthogonalize_dtype=float32 --set leon_eps=1e-12 --set leon_cooldown_frac=1.0,unset,leonh,0.00875,,0.6,0,0.95,12,524288,3325,3.31500,3.31500,,false,false,38.48,2308.685,1.0,0.7,1e-12,12,4,NVIDIA H100 NVL,2.10.0+cu128,12.8,records/track_3_optimization/runs/leonh/20260513-151340-3bd9aefc,LR sweep cd=1.0; leon_lr=0.00875 (4× below 0.035); final 3.31500; effectively tied with lr=0.035 (3.31590); 0.033 worse than lr=0.0175; optimum well-located near 0.0175
leonh_cd10_lr14_killed,2026-05-13T15:54:00-05:00,21cb85b,torchrun --standalone --nproc_per_node=4 records/track_3_optimization/train_gpt_simple_leonh.py --trials 1 --set train_steps=3325 --set leon_lr=0.14 --set leon_beta2=0.6 --set leon_ns_iters=12 --set leon_orthogonalize_dtype=float32 --set leon_eps=1e-12 --set leon_cooldown_frac=1.0,unset,leonh,0.14,,0.6,0,0.95,12,524288,3325,,,,false,false,,,1.0,0.7,1e-12,12,4,NVIDIA H100 NVL,2.10.0+cu128,12.8,records/track_3_optimization/runs/leonh/20260513-155405-34fce67e,Intentionally killed after step:0 (only initial val seen); skipped per early-stopping criterion — lr=0.07 clearly underperformed; no training results available
leonh_cd10_lr0175_wu300_3325,2026-05-13T18:05:10-05:00,21cb85b,torchrun --standalone --nproc_per_node=4 records/track_3_optimization/train_gpt_simple_leonh.py --trials 1 --set train_steps=3325 --set leon_lr=0.0175 --set leon_beta2=0.6 --set leon_ns_iters=12 --set leon_orthogonalize_dtype=float32 --set leon_eps=1e-12 --set leon_cooldown_frac=1.0 --set leon_warmup_steps=300,unset,leonh,0.0175,,0.6,0,0.95,12,524288,3325,3.28602,3.28602,,false,false,28.30,1620.522,1.0,0.7,1e-12,12,4,NVIDIA H100 NVL,2.11.0+cu126,12.6,records/track_3_optimization/runs/leonh/20260513-180510-85e4dd52,"Warmup experiment (leon_warmup_steps=300, triangular schedule); final 3.28602; WORSE than no-warmup baseline (3.28272) by +0.00330; trajectory consistently behind baseline at every checkpoint; warmup hypothesis (cold momentum buffer in early steps) did not pan out — early low-LR steps don't make up for lost early progress; warmup direction abandoned"
leonh_cd10_lr0175_minlrfrac005_3325,2026-05-13T21:28:11-05:00,21cb85b,torchrun --standalone --nproc_per_node=4 records/track_3_optimization/train_gpt_simple_leonh.py --trials 1 --set train_steps=3325 --set leon_lr=0.0175 --set leon_beta2=0.6 --set leon_ns_iters=12 --set leon_orthogonalize_dtype=float32 --set leon_eps=1e-12 --set leon_cooldown_frac=1.0 --set leon_min_lr_frac=0.05,unset,leonh,0.0175,,0.6,0,0.95,12,524288,3325,3.28917,3.28917,,false,false,28.65,1641.448,1.0,0.7,1e-12,12,4,NVIDIA H100 NVL,2.11.0+cu128,12.8,records/track_3_optimization/runs/leonh/20260513-212811-21fc7300,Non-zero floor LR experiment (leon_min_lr_frac=0.05; tail LR=0.000875 vs ~0 in baseline); final 3.28917; WORSE than baseline (3.28272) by +0.00645; floor variant has higher cumulative LR than baseline so tail bounces around minimum instead of settling; opposite of LR-too-small-at-end hypothesis; floor direction abandoned
leonh_cd10_lr0175_b250_3325,2026-05-13T22:15:51-05:00,21cb85b,torchrun --standalone --nproc_per_node=4 records/track_3_optimization/train_gpt_simple_leonh.py --trials 1 --set train_steps=3325 --set leon_lr=0.0175 --set leon_beta2=0.5 --set leon_mu=0.95 --set leon_ns_iters=12 --set leon_orthogonalize_dtype=float32 --set leon_eps=1e-12 --set leon_cooldown_frac=1.0,unset,leonh,0.0175,,0.5,0,0.95,12,524288,3325,3.28299,3.28299,,false,false,28.07,1608.154,1.0,0.7,1e-12,12,4,NVIDIA H100 NVL,2.11.0+cu128,12.8,records/track_3_optimization/runs/leonh/20260513-221551-405b9f6b,"beta2 sweep low side; beta2=0.5 (vs current best 0.6); final 3.28299; effectively tied with baseline (3.28272, +0.00027); within run-to-run noise; no improvement at lower beta2"
leonh_cd10_lr0175_b270_3325,2026-05-13T22:45:36-05:00,21cb85b,torchrun --standalone --nproc_per_node=4 records/track_3_optimization/train_gpt_simple_leonh.py --trials 1 --set train_steps=3325 --set leon_lr=0.0175 --set leon_beta2=0.7 --set leon_mu=0.95 --set leon_ns_iters=12 --set leon_orthogonalize_dtype=float32 --set leon_eps=1e-12 --set leon_cooldown_frac=1.0,unset,leonh,0.0175,,0.7,0,0.95,12,524288,3325,3.28518,3.28518,,false,false,27.75,1588.967,1.0,0.7,1e-12,12,4,NVIDIA H100 NVL,2.11.0+cu128,12.8,records/track_3_optimization/runs/leonh/20260513-224536-11e47813,beta2 sweep high side; beta2=0.7 (vs current best 0.6); final 3.28518; WORSE than baseline (3.28272) by +0.00246; bracket complete: beta2=0.6 is local optimum with shallow basin (0.5/0.6/0.7 within 0.0025); no further beta2 search needed
leonh_cd10_lr0175_mu090_3325,2026-05-13T23:14:29-05:00,21cb85b,torchrun --standalone --nproc_per_node=4 records/track_3_optimization/train_gpt_simple_leonh.py --trials 1 --set train_steps=3325 --set leon_lr=0.0175 --set leon_beta2=0.6 --set leon_mu=0.9 --set leon_ns_iters=12 --set leon_orthogonalize_dtype=float32 --set leon_eps=1e-12 --set leon_cooldown_frac=1.0,unset,leonh,0.0175,,0.6,0,0.9,12,524288,3325,3.29676,3.29676,,false,false,26.93,1543.061,1.0,0.7,1e-12,12,4,NVIDIA H100 NVL,2.11.0+cu128,12.8,records/track_3_optimization/runs/leonh/20260513-231429-8d9aa200,mu sweep low side; mu=0.90 (vs current best 0.95); final 3.29676; WORSE than baseline (3.28272) by +0.01404; clearly bad direction — Nesterov momentum needs to stay high for LeonH
leonh_cd10_lr0175_mu097_3325,2026-05-13T23:52:40-05:00,21cb85b,torchrun --standalone --nproc_per_node=4 records/track_3_optimization/train_gpt_simple_leonh.py --trials 1 --set train_steps=3325 --set leon_lr=0.0175 --set leon_beta2=0.6 --set leon_mu=0.97 --set leon_ns_iters=12 --set leon_orthogonalize_dtype=float32 --set leon_eps=1e-12 --set leon_cooldown_frac=1.0,unset,leonh,0.0175,,0.6,0,0.97,12,524288,3325,3.28837,3.28837,,false,false,26.78,1534.446,1.0,0.7,1e-12,12,4,NVIDIA H100 NVL,2.11.0+cu128,12.8,records/track_3_optimization/runs/leonh/20260513-235240-5c9301a2,"mu sweep high side; mu=0.97 (vs current best 0.95); final 3.28837; WORSE than baseline (3.28272) by +0.00565; bracket complete: mu=0.95 is local optimum (mu=0.90→+0.014, mu=0.97→+0.0057); current mu/beta2 (0.95/0.6) confirmed near-optimal — neither parameter sweep yields further improvement"
leonh_precond_auto_1500,2026-05-14T11:23:00-05:00,096fbbd,torchrun --standalone --nproc_per_node=4 records/track_3_optimization/train_gpt_simple_leonh.py --trials 1 --set train_steps=1500 --set leon_lr=0.0175 --set leon_beta2=0.6 --set leon_mu=0.95 --set leon_ns_iters=12 --set leon_orthogonalize_dtype=float32 --set leon_eps=1e-12 --set leon_cooldown_frac=1.0 --set leon_precondition_side=auto,unset,leonh,0.0175,,0.6,0,0.95,12,524288,1500,3.44042,3.44042,,false,false,12.19,731.115,1.0,0.7,1e-12,12,4,NVIDIA H100 NVL,2.11.0+cu126,12.6,records/track_3_optimization/runs/leonh/20260514-precond-side/auto_1500_4gpu,Preconditioning-side ablation (1500-step screen). side=auto (default smaller-dim Gram) calibration baseline at 3325-step best hparams truncated to 1500 steps; final 3.44042; reference for the input/output runs in this bracket.
leonh_precond_input_1500,2026-05-14T11:40:00-05:00,096fbbd,torchrun --standalone --nproc_per_node=4 records/track_3_optimization/train_gpt_simple_leonh.py --trials 1 --set train_steps=1500 --set leon_lr=0.0175 --set leon_beta2=0.6 --set leon_mu=0.95 --set leon_ns_iters=12 --set leon_orthogonalize_dtype=float32 --set leon_eps=1e-12 --set leon_cooldown_frac=1.0 --set leon_precondition_side=input,unset,leonh,0.0175,,0.6,0,0.95,12,524288,1500,3.43558,3.43558,,false,false,16.59,995.272,1.0,0.7,1e-12,12,4,NVIDIA H100 NVL,2.11.0+cu126,12.6,records/track_3_optimization/runs/leonh/20260514-precond-side/input_1500_4gpu,"Preconditioning-side ablation; side=input always uses (d_in,d_in) Gram via grad.mT@grad (X@B on the right). vs auto: final -0.00484 (3.43558 vs 3.44042) and best -0.00484; positive signal at 1500-step screen. Train time 995s (~1.36x auto) due to 3072x3072 NS iterations on the 12 mlp.proj layers. NS step_avg 661 ms vs 486 ms for auto."
leonh_precond_output_1500,2026-05-14T11:57:00-05:00,096fbbd,torchrun --standalone --nproc_per_node=4 records/track_3_optimization/train_gpt_simple_leonh.py --trials 1 --set train_steps=1500 --set leon_lr=0.0175 --set leon_beta2=0.6 --set leon_mu=0.95 --set leon_ns_iters=12 --set leon_orthogonalize_dtype=float32 --set leon_eps=1e-12 --set leon_cooldown_frac=1.0 --set leon_precondition_side=output,unset,leonh,0.0175,,0.6,0,0.95,12,524288,1500,3.43705,3.43705,,false,false,16.63,997.773,1.0,0.7,1e-12,12,4,NVIDIA H100 NVL,2.11.0+cu126,12.6,records/track_3_optimization/runs/leonh/20260514-precond-side/output_1500_4gpu,"Preconditioning-side ablation; side=output always uses (d_out,d_out) Gram via grad@grad.mT (B@X on the left). vs auto: final -0.00337 (3.43705 vs 3.44042) and best -0.00337; smaller improvement than side=input (-0.00147 worse than input). Train time 998s (~1.36x auto) due to 3072x3072 NS iterations on the 12 mlp.fc layers."
leonh_precond_input_3325,2026-05-14T13:30:00-05:00,096fbbd,torchrun --standalone --nproc_per_node=4 records/track_3_optimization/train_gpt_simple_leonh.py --trials 1 --set train_steps=3325 --set leon_lr=0.0175 --set leon_beta2=0.6 --set leon_mu=0.95 --set leon_ns_iters=12 --set leon_orthogonalize_dtype=float32 --set leon_eps=1e-12 --set leon_cooldown_frac=1.0 --set leon_precondition_side=input,unset,leonh,0.0175,,0.6,0,0.95,12,524288,3325,3.28061,3.28061,,false,false,36.71,2202.717,1.0,0.7,1e-12,12,4,NVIDIA H100 NVL,2.11.0+cu126,12.6,records/track_3_optimization/runs/leonh/20260514-precond-side/input_3325_4gpu,3325-step confirmation of preconditioning-side ablation; leon_precondition_side=input at the current best LeonH hparams. Final 3.28061; BETTER than auto 3325-step baseline (3.28272) by -0.00211; closest checkpoint to threshold is final step 3325 at 3.28061 (still 0.00061 above 3.28). Did NOT cross 3.28. The 1500-step Δ (-0.00484) shrank at full budget. Step-avg 662 ms vs ~705 ms for auto baseline. Loss still declining at the final step (3.28447 @ 3250 -> 3.28061 @ 3325).
leonh_precond_input_3325_lr0125,2026-05-14T14:55:00-05:00,096fbbd,torchrun --standalone --nproc_per_node=4 records/track_3_optimization/train_gpt_simple_leonh.py --trials 1 --set train_steps=3325 --set leon_lr=0.0125 --set leon_beta2=0.6 --set leon_mu=0.95 --set leon_ns_iters=12 --set leon_orthogonalize_dtype=float32 --set leon_eps=1e-12 --set leon_cooldown_frac=1.0 --set leon_precondition_side=input,unset,leonh,0.0125,,0.6,0,0.95,12,524288,3325,3.28750,3.28750,,false,false,36.81,2208.785,1.0,0.7,1e-12,12,4,NVIDIA H100 NVL,2.11.0+cu126,12.6,records/track_3_optimization/runs/leonh/20260514-precond-side/input_3325_lr0125_4gpu,LR refinement at side=input: lr=0.0125 (~0.0175/sqrt(2)). Final 3.28750; WORSE than side=input lr=0.0175 (3.28061) by +0.00689; did not reach 3.28. Confirms lr=0.0175 as local optimum at side=input.
leonh_precond_input_3325_lr025,2026-05-14T15:32:00-05:00,096fbbd,torchrun --standalone --nproc_per_node=4 records/track_3_optimization/train_gpt_simple_leonh.py --trials 1 --set train_steps=3325 --set leon_lr=0.025 --set leon_beta2=0.6 --set leon_mu=0.95 --set leon_ns_iters=12 --set leon_orthogonalize_dtype=float32 --set leon_eps=1e-12 --set leon_cooldown_frac=1.0 --set leon_precondition_side=input,unset,leonh,0.025,,0.6,0,0.95,12,524288,3325,3.28713,3.28713,,false,false,36.76,2205.514,1.0,0.7,1e-12,12,4,NVIDIA H100 NVL,2.11.0+cu126,12.6,records/track_3_optimization/runs/leonh/20260514-precond-side/input_3325_lr025_4gpu,LR refinement at side=input: lr=0.025 (~0.0175*sqrt(2)). Final 3.28713; WORSE than side=input lr=0.0175 (3.28061) by +0.00652; did not reach 3.28. Symmetric to lr=0.0125 regression; LR bracket complete - lr=0.0175 is local optimum at side=input too (same as side=auto).
leonh_input_lr0175_lscale05_3325,2026-05-15T08:45:39-05:00,096fbbd,torchrun --standalone --nproc_per_node=4 records/track_3_optimization/train_gpt_simple_leonh.py --trials 1 --set train_steps=3325 --set leon_lr=0.0175 --set leon_beta2=0.6 --set leon_mu=0.95 --set leon_ns_iters=12 --set leon_orthogonalize_dtype=float32 --set leon_eps=1e-12 --set leon_cooldown_frac=1.0 --set leon_precondition_side=input --set leon_l_scale=0.5,unset,leonh,0.0175,,0.6,0,0.95,12,524288,3325,3.28089,3.28089,,false,false,78.95,4618.239,1.0,0.7,1e-12,12,4,NVIDIA H100 NVL,2.11.0+cu128,12.8,records/track_3_optimization/runs/leonh/20260515-084539-6dddc456,"leon_l_scale sweep at side=input; l_scale=0.5 (lower side of 2x bracket around default 1.0); final 3.28089; effectively tied with side=input baseline (3.28061, +0.00028) — within run-to-run noise; halving l_scale yields no improvement; transient infra slowdown raised step_avg later in run but final val is valid"
leonh_input_lr0175_lscale20_3325,2026-05-15T10:05:10-05:00,096fbbd,torchrun --standalone --nproc_per_node=4 records/track_3_optimization/train_gpt_simple_leonh.py --trials 1 --set train_steps=3325 --set leon_lr=0.0175 --set leon_beta2=0.6 --set leon_mu=0.95 --set leon_ns_iters=12 --set leon_orthogonalize_dtype=float32 --set leon_eps=1e-12 --set leon_cooldown_frac=1.0 --set leon_precondition_side=input --set leon_l_scale=2.0,unset,leonh,0.0175,,0.6,0,0.95,12,524288,3325,3.27963,3.27963,,true,false,36.60,2122.479,1.0,0.7,1e-12,12,4,NVIDIA H100 NVL,2.11.0+cu128,12.8,records/track_3_optimization/runs/leonh/20260515-100510-b46ddac4,leon_l_scale sweep at side=input; l_scale=2.0 (upper side of 2x bracket); final 3.27963; NEW LeonH BEST — beats side=input baseline (3.28061) by -0.00098; FIRST LeonH config to clear the 3.28 threshold; doubling l_scale (more second-momentum/Gram contribution) helps at side=input
leonh_input_lr0175_lscale40_3325,2026-05-15T10:42:22-05:00,096fbbd,torchrun --standalone --nproc_per_node=4 records/track_3_optimization/train_gpt_simple_leonh.py --trials 1 --set train_steps=3325 --set leon_lr=0.0175 --set leon_beta2=0.6 --set leon_mu=0.95 --set leon_ns_iters=12 --set leon_orthogonalize_dtype=float32 --set leon_eps=1e-12 --set leon_cooldown_frac=1.0 --set leon_precondition_side=input --set leon_l_scale=4.0,unset,leonh,0.0175,,0.6,0,0.95,12,524288,3325,3.28191,3.28191,,false,false,36.57,2121.268,1.0,0.7,1e-12,12,4,NVIDIA H100 NVL,2.11.0+cu128,12.8,records/track_3_optimization/runs/leonh/20260515-104222-ca6ae67c,leon_l_scale sweep extension; l_scale=4.0; final 3.28191; WORSE than baseline (3.28061) by +0.00130 and worse than l_scale=2.0 by +0.00228; bracket complete with clean U-shape (0.5/1.0/2.0/4.0 = 3.28089/3.28061/3.27963/3.28191); l_scale=2.0 is the local optimum on 2x grid
leonh_input_lscale20_steps3000,2026-05-15T11:40:14-05:00,096fbbd,torchrun --standalone --nproc_per_node=4 records/track_3_optimization/train_gpt_simple_leonh.py --trials 1 --set train_steps=3000 --set leon_lr=0.0175 --set leon_beta2=0.6 --set leon_mu=0.95 --set leon_ns_iters=12 --set leon_orthogonalize_dtype=float32 --set leon_eps=1e-12 --set leon_cooldown_frac=1.0 --set leon_precondition_side=input --set leon_l_scale=2.0,unset,leonh,0.0175,,0.6,0,0.95,12,524288,3000,3.29735,3.29735,,false,false,33.93,1966.985,1.0,0.7,1e-12,12,4,NVIDIA H100 NVL,2.11.0+cu128,12.8,records/track_3_optimization/runs/leonh/20260515-114014-200341e2,"train_steps shortening probe at new best config (l_scale=2.0, side=input); train_steps=3000 (10% shorter than 3325); final 3.29735; does NOT clear 3.28 (+0.01735); cooldown_frac=1.0 rescales the schedule so this is a fresh shorter run, not a truncation"
leonh_input_lscale20_steps3200,2026-05-15T12:14:46-05:00,096fbbd,torchrun --standalone --nproc_per_node=4 records/track_3_optimization/train_gpt_simple_leonh.py --trials 1 --set train_steps=3200 --set leon_lr=0.0175 --set leon_beta2=0.6 --set leon_mu=0.95 --set leon_ns_iters=12 --set leon_orthogonalize_dtype=float32 --set leon_eps=1e-12 --set leon_cooldown_frac=1.0 --set leon_precondition_side=input --set leon_l_scale=2.0,unset,leonh,0.0175,,0.6,0,0.95,12,524288,3200,3.2855,3.2855,,false,false,39.83,2310.360,1.0,0.7,1e-12,12,4,NVIDIA H100 NVL,2.11.0+cu128,12.8,records/track_3_optimization/runs/leonh/20260515-121446-a06a3a90,train_steps shortening probe; train_steps=3200; final 3.28550; does NOT clear 3.28 (+0.00550); bisection point between 3000 (fail) and 3325 (pass)
leonh_input_lscale20_steps3300,2026-05-15T12:55:29-05:00,096fbbd,torchrun --standalone --nproc_per_node=4 records/track_3_optimization/train_gpt_simple_leonh.py --trials 1 --set train_steps=3300 --set leon_lr=0.0175 --set leon_beta2=0.6 --set leon_mu=0.95 --set leon_ns_iters=12 --set leon_orthogonalize_dtype=float32 --set leon_eps=1e-12 --set leon_cooldown_frac=1.0 --set leon_precondition_side=input --set leon_l_scale=2.0,unset,leonh,0.0175,,0.6,0,0.95,12,524288,3300,3.28039,3.28039,,false,false,40.55,2352.314,1.0,0.7,1e-12,12,4,NVIDIA H100 NVL,2.11.0+cu128,12.8,records/track_3_optimization/runs/leonh/20260515-125529-164cf72d,"train_steps shortening probe; train_steps=3300; final 3.28039; does NOT clear 3.28 but only by +0.00039 (right at threshold, within single-run noise ~0.005); threshold crossing for this config is in the narrow 3300-3325 window; 3325 is effectively the minimum train_steps that clears 3.28 — config has no meaningful budget to shorten"
leonh_input_lscale20_1500,2026-05-20T12:04:37-05:00,e6afca4,torchrun --standalone --nproc_per_node=4 records/track_3_optimization/train_gpt_simple_leonh.py --trials 1 --set train_steps=1500 --set leon_lr=0.0175 --set leon_cooldown_frac=1.0 --set leon_beta2=0.6 --set leon_mu=0.95 --set leon_ns_iters=12 --set leon_orthogonalize_dtype=float32 --set leon_eps=1e-12 --set leon_precondition_side=input --set leon_l_scale=2.0,unset,leonh,0.0175,,0.6,0,0.95,12,524288,1500,3.43365,3.43365,,false,false,15.96,957.691,1.0,0.7,1e-12,12,4,NVIDIA H100 NVL,2.11.0+cu128,12.8,records/track_3_optimization/runs/leonh/20260520-120437-487a6094,"Phase 1 baseline for embed/proj-via-LeonH probe; 1500-step reference at current best LeonH center (l_scale=2.0, side=input); final 3.43365"
leonh_input_lscale20_1500_embedh,2026-05-20T14:52:30-05:00,e6afca4,torchrun --standalone --nproc_per_node=4 records/track_3_optimization/train_gpt_simple_leonh.py --trials 1 --set train_steps=1500 --set leon_lr=0.0175 --set leon_cooldown_frac=1.0 --set leon_beta2=0.6 --set leon_mu=0.95 --set leon_ns_iters=12 --set leon_orthogonalize_dtype=float32 --set leon_eps=1e-12 --set leon_precondition_side=input --set leon_l_scale=2.0 --set leonh_embed=True,unset,leonh,0.0175,,0.6,0,0.95,12,524288,1500,3.51561,3.51561,,false,false,16.71,1002.614,1.0,0.7,1e-12,12,4,NVIDIA H100 NVL,2.11.0+cu128,12.8,records/track_3_optimization/runs/leonh/20260520-145230-4bb0826a,"Phase 1 embed-only: route model.embed.weight through LeonH no-hyperball (lr=leon_lr=0.0175, side=input, pinned); final 3.51561 = +0.08196 worse than baseline 3.43365 at 1500 steps; regression far past noise (~0.005). leon_lr likely too high for the orthogonalized embed update; AdamW embed_lr=0.3 is per-element while LeonH effective step scales by sqrt(d_out/d_in)~8x, so 0.0175*8 ~= 0.14 effective magnitude is plausibly overshooting."
leonh_input_lscale20_1500_projh,2026-05-20T16:20:49-05:00,e6afca4,torchrun --standalone --nproc_per_node=4 records/track_3_optimization/train_gpt_simple_leonh.py --trials 1 --set train_steps=1500 --set leon_lr=0.0175 --set leon_cooldown_frac=1.0 --set leon_beta2=0.6 --set leon_mu=0.95 --set leon_ns_iters=12 --set leon_orthogonalize_dtype=float32 --set leon_eps=1e-12 --set leon_precondition_side=input --set leon_l_scale=2.0 --set leonh_proj=True,unset,leonh,0.0175,,0.6,0,0.95,12,524288,1500,3.46159,3.46159,,false,false,16.93,1015.733,1.0,0.7,1e-12,12,4,NVIDIA H100 NVL,2.11.0+cu128,12.8,records/track_3_optimization/runs/leonh/20260520-162049-d64d968e,"Phase 1 proj-only: route model.proj.weight through LeonH no-hyperball (lr=leon_lr=0.0175, side=input pinned); final 3.46159 = +0.02794 worse than baseline 3.43365. Smaller regression than embed-only (+0.08196) but still above noise floor. Next: tune leon_proj_lr at factor-of-2 spacing."
leonh_input_lscale20_1500_projh_lr00875,2026-05-20T16:43:52-05:00,e6afca4,torchrun --standalone --nproc_per_node=4 records/track_3_optimization/train_gpt_simple_leonh.py --trials 1 --set train_steps=1500 --set leon_lr=0.0175 --set leon_cooldown_frac=1.0 --set leon_beta2=0.6 --set leon_mu=0.95 --set leon_ns_iters=12 --set leon_orthogonalize_dtype=float32 --set leon_eps=1e-12 --set leon_precondition_side=input --set leon_l_scale=2.0 --set leonh_proj=True --set leon_proj_lr=0.00875,unset,leonh,0.0175,,0.6,0,0.95,12,524288,1500,3.47378,3.47378,,false,false,16.99,1019.817,1.0,0.7,1e-12,12,4,NVIDIA H100 NVL,2.11.0+cu128,12.8,records/track_3_optimization/runs/leonh/20260520-164352-ec26b156,"Phase 2 proj_lr factor-of-2 sweep, lr/2 = 0.00875; leonh_proj=True; final 3.47378 = +0.04013 vs baseline, WORSE than lr=0.0175 (3.46159, +0.02794). Going lower on proj_lr did NOT help."
leonh_input_lscale20_1500_projh_lr035,2026-05-20T17:10:14-05:00,e6afca4,torchrun --standalone --nproc_per_node=4 records/track_3_optimization/train_gpt_simple_leonh.py --trials 1 --set train_steps=1500 --set leon_lr=0.0175 --set leon_cooldown_frac=1.0 --set leon_beta2=0.6 --set leon_mu=0.95 --set leon_ns_iters=12 --set leon_orthogonalize_dtype=float32 --set leon_eps=1e-12 --set leon_precondition_side=input --set leon_l_scale=2.0 --set leonh_proj=True --set leon_proj_lr=0.035,unset,leonh,0.0175,,0.6,0,0.95,12,524288,1500,3.45929,3.45929,,false,false,16.96,1017.8,1.0,0.7,1e-12,12,4,NVIDIA H100 NVL,2.11.0+cu128,12.8,records/track_3_optimization/runs/leonh/20260520-171014-eb595f71,"Phase 2 proj_lr factor-of-2 sweep, lr*2 = 0.035; leonh_proj=True; final 3.45929 = +0.02564 vs baseline, BEST of the 3 proj-only probes (better than lr=0.0175 by 0.0023 and lr=0.00875 by 0.0145). proj_lr trend is monotonic: higher better. Still +0.026 worse than baseline 3.43365 at 1500 steps."
leonh_input_lscale20_1500_projh_lr07,2026-05-20T17:39:00-05:00,e6afca4,torchrun --standalone --nproc_per_node=4 records/track_3_optimization/train_gpt_simple_leonh.py --trials 1 --set train_steps=1500 --set leon_lr=0.0175 --set leon_cooldown_frac=1.0 --set leon_beta2=0.6 --set leon_mu=0.95 --set leon_ns_iters=12 --set leon_orthogonalize_dtype=float32 --set leon_eps=1e-12 --set leon_precondition_side=input --set leon_l_scale=2.0 --set leonh_proj=True --set leon_proj_lr=0.07,unset,leonh,0.0175,,0.6,0,0.95,12,524288,1500,3.46719,3.46719,,false,false,16.95,1017.174,1.0,0.7,1e-12,12,4,NVIDIA H100 NVL,2.11.0+cu128,12.8,records/track_3_optimization/runs/leonh/20260520-173900-383a1db3,"Phase 2 proj_lr factor-of-2 sweep, lr*4 = 0.07; leonh_proj=True; final 3.46719 = +0.03354 vs baseline, WORSE than lr=0.035 (+0.00790). Trend reversed — lr=0.035 is the local optimum. Full proj_lr U-shape: 0.00875=3.47378, 0.0175=3.46159, 0.035=3.45929 (best), 0.07=3.46719. Best proj-only config still +0.02564 worse than baseline."
leonh_input_lscale20_1500_projh_hyper_lr0175,2026-05-20T23:36:23-05:00,e6afca4,torchrun --standalone --nproc_per_node=4 records/track_3_optimization/train_gpt_simple_leonh.py --trials 1 --set train_steps=1500 --set leon_lr=0.0175 --set leon_cooldown_frac=1.0 --set leon_beta2=0.6 --set leon_mu=0.95 --set leon_ns_iters=12 --set leon_orthogonalize_dtype=float32 --set leon_eps=1e-12 --set leon_precondition_side=input --set leon_l_scale=2.0 --set leonh_proj=True --set leonh_proj_hyperball=True --set leon_proj_lr=0.0175,unset,leonh,0.0175,,0.6,0,0.95,12,524288,1500,3.45400,3.45400,,false,false,17.04,1022.330,1.0,0.7,1e-12,12,4,NVIDIA H100 NVL,2.11.0+cu128,12.8,records/track_3_optimization/runs/leonh/20260520-233623-a0221f53,"Phase 3 probe: proj-only WITH hyperball at lr=0.0175 (block-matched LR). Final 3.45400 = +0.02035 vs baseline — NEW BEST proj-only variant, beats best no-hyperball (lr=0.035) by 0.00529 and same-lr no-hyperball by 0.00759. Hyperball relative step (lr*||p||_F) is ~1.75% per iter at this LR vs no-hyperball ~6% at lr=0.035. Still +0.020 worse than AdamW baseline."
leonh_input_lscale20_1500_projh_hyper_lr035,2026-05-21T10:22:46-05:00,e6afca4,torchrun --standalone --nproc_per_node=4 records/track_3_optimization/train_gpt_simple_leonh.py --trials 1 --set train_steps=1500 --set leon_lr=0.0175 --set leon_cooldown_frac=1.0 --set leon_beta2=0.6 --set leon_mu=0.95 --set leon_ns_iters=12 --set leon_orthogonalize_dtype=float32 --set leon_eps=1e-12 --set leon_precondition_side=input --set leon_l_scale=2.0 --set leonh_proj=True --set leonh_proj_hyperball=True --set leon_proj_lr=0.035,unset,leonh,0.0175,,0.6,0,0.95,12,524288,1500,3.46913,3.46913,,false,false,17.64,1058.568,1.0,0.7,1e-12,12,4,NVIDIA H100 NVL,2.11.0+cu128,12.8,records/track_3_optimization/runs/leonh/20260521-102246-53dfae8a,"Phase 3 HB sweep, lr*2 = 0.035; final 3.46913 = +0.01513 vs HB lr=0.0175 (3.45400). Going UP hurts under hyperball, opposite of no-HB direction (where 0.035 was best). Hyperball relative step is now ~3.5%, apparently too aggressive for proj."
leonh_input_lscale20_1500_projh_hyper_lr00875,2026-05-21T10:42:21-05:00,e6afca4,torchrun --standalone --nproc_per_node=4 records/track_3_optimization/train_gpt_simple_leonh.py --trials 1 --set train_steps=1500 --set leon_lr=0.0175 --set leon_cooldown_frac=1.0 --set leon_beta2=0.6 --set leon_mu=0.95 --set leon_ns_iters=12 --set leon_orthogonalize_dtype=float32 --set leon_eps=1e-12 --set leon_precondition_side=input --set leon_l_scale=2.0 --set leonh_proj=True --set leonh_proj_hyperball=True --set leon_proj_lr=0.00875,unset,leonh,0.0175,,0.6,0,0.95,12,524288,1500,3.46567,3.46567,,false,false,18.52,1110.930,1.0,0.7,1e-12,12,4,NVIDIA H100 NVL,2.11.0+cu128,12.8,records/track_3_optimization/runs/leonh/20260521-104221-bdeb9b30,"Phase 3 HB sweep, lr/2 = 0.00875; final 3.46567 = +0.01167 vs HB lr=0.0175 (3.45400). Going DOWN also hurts. Clean U-shape with HB optimum at lr=0.0175: {0.00875: 3.46567, 0.0175: 3.45400 (best), 0.035: 3.46913}. step_avg fluctuated 680-800ms across run (likely GPU contention), but val_loss reliable. HB bracket closed."
leon_l0_500_diag,2026-05-22T15:30:55-05:00,060bed9,"NPROC_PER_NODE=4 records/track_3_optimization/launch_leon.sh --trials 1 --out-dir records/track_3_optimization/runs/leon/20260522-leon-normhalf-matchnorm-diagnostics/l0_500_4gpu --set train_steps=500 --set leon_l_scale=0.0 --set leon_ns_iters=12 --set leon_orthogonalize_dtype=float32 --set leon_eps=1e-12 --set leon_log_diagnostics=True --set wandb_project=modded-nanogpt-track3 --set wandb_run_name=leon_l0_500_diag",unset,leon,0.025,,0.7,0.025,0.95,12,524288,500,3.75171,3.75171,,false,false,3.880,232.801,0.7,0.7,1e-12,12,4,NVIDIA H100 NVL,2.11.0+cu126,12.6,records/track_3_optimization/runs/leon/20260522-leon-normhalf-matchnorm-diagnostics/l0_500_4gpu,"L=0 reference for normhalf/matchnorm diagnostics: float32 + ns_iters=12 + unnormalized-sum buffers. Final 3.75171."
leon_l1_500_diag,2026-05-22T15:36:09-05:00,060bed9,"NPROC_PER_NODE=4 records/track_3_optimization/launch_leon.sh --trials 1 --out-dir records/track_3_optimization/runs/leon/20260522-leon-normhalf-matchnorm-diagnostics/l1_500_4gpu --set train_steps=500 --set leon_l_scale=1.0 --set leon_ns_iters=12 --set leon_orthogonalize_dtype=float32 --set leon_eps=1e-12 --set leon_log_diagnostics=True --set wandb_project=modded-nanogpt-track3 --set wandb_run_name=leon_l1_500_diag",unset,leon,0.025,,0.7,0.025,0.95,12,524288,500,3.74774,3.74774,,false,false,3.883,232.951,0.7,0.7,1e-12,12,4,NVIDIA H100 NVL,2.11.0+cu126,12.6,records/track_3_optimization/runs/leon/20260522-leon-normhalf-matchnorm-diagnostics/l1_500_4gpu,"L=1 baseline (unnormalized-sum buffers, off mode). Final 3.74774 = -0.00397 vs L=0 ref — gap from prior bf16+ns6 sweep no longer reproduced."
leon_matchg_500_diag,2026-05-22T15:48:27-05:00,060bed9,"NPROC_PER_NODE=4 records/track_3_optimization/launch_leon.sh --trials 1 --out-dir records/track_3_optimization/runs/leon/20260522-leon-normhalf-matchnorm-diagnostics/matchg_500_4gpu --set train_steps=500 --set leon_l_scale=1.0 --set leon_l_normalize_mode=match_g --set leon_ns_iters=12 --set leon_orthogonalize_dtype=float32 --set leon_eps=1e-12 --set leon_log_diagnostics=True --set wandb_project=modded-nanogpt-track3 --set wandb_run_name=leon_matchg_500_diag",unset,leon,0.025,,0.7,0.025,0.95,12,524288,500,3.74984,3.74984,,false,false,4.135,248.086,0.7,0.7,1e-12,12,4,NVIDIA H100 NVL,2.11.0+cu126,12.6,records/track_3_optimization/runs/leon/20260522-leon-normhalf-matchnorm-diagnostics/matchg_500_4gpu,"A: tr(L) fraction pinned at 0.5 via l_normalize_mode=match_g. Final 3.74984 = -0.00187 vs L=0; statistically a wash vs L=1 baseline. Update is more damped than baseline (norm ~17-19 vs ~20) and cosine alignment with update_L0 is slightly lower (0.87 vs 0.92)."
leon_matchnorm_500_diag,2026-05-22T17:07:52-05:00,060bed9,"NPROC_PER_NODE=4 records/track_3_optimization/launch_leon.sh --trials 1 --out-dir records/track_3_optimization/runs/leon/20260522-leon-normhalf-matchnorm-diagnostics/matchnorm_500_4gpu --set train_steps=500 --set leon_l_scale=1.0 --set leon_match_l0_norm=True --set leon_ns_iters=12 --set leon_orthogonalize_dtype=float32 --set leon_eps=1e-12 --set leon_log_diagnostics=True --set wandb_project=modded-nanogpt-track3 --set wandb_run_name=leon_matchnorm_500_diag",unset,leon,0.025,,0.7,0.025,0.95,12,524288,500,3.78380,3.78380,,false,false,3.886,233.121,0.7,0.7,1e-12,12,4,NVIDIA H100 NVL,2.11.0+cu126,12.6,records/track_3_optimization/runs/leon/20260522-leon-normhalf-matchnorm-diagnostics/matchnorm_500_4gpu,"B: rescale update to ||update||_F = sqrt(min(D1,D2)) via match_l0_norm. Final 3.78380 = +0.03209 vs L=0 — HURTS. update_norm pinned at sqrt(768)=27.71 as designed, but undoing L's damping makes per-step update too aggressive where L was correctly preconditioning."
leon_l0_1500_diag,2026-05-22T17:48:29-05:00,060bed9,"NPROC_PER_NODE=4 records/track_3_optimization/launch_leon.sh --trials 1 --set train_steps=1500 --set leon_ns_iters=12 --set leon_orthogonalize_dtype=float32 --set leon_eps=1e-12 --set leon_log_diagnostics=True --set wandb_project=modded-nanogpt-track3 --out-dir records/track_3_optimization/runs/leon/20260522-leon-normhalf-matchnorm-diagnostics-1500/l0_1500_4gpu --set leon_l_scale=0.0 --set wandb_run_name=leon_l0_1500_diag",unset,leon,0.025,,0.7,0.025,0.95,12,524288,1500,3.43230,3.43230,,false,false,11.558,693.472,0.7,0.7,1e-12,12,4,NVIDIA H100 NVL,2.11.0+cu126,12.6,records/track_3_optimization/runs/leon/20260522-leon-normhalf-matchnorm-diagnostics-1500/l0_1500_4gpu,"L=0 reference at 1500 steps, float32 + ns_iters=12 + unnormalized-sum buffers. Final 3.43230."
leon_l1_1500_diag,2026-05-22T18:00:48-05:00,060bed9,"NPROC_PER_NODE=4 records/track_3_optimization/launch_leon.sh --trials 1 --set train_steps=1500 --set leon_ns_iters=12 --set leon_orthogonalize_dtype=float32 --set leon_eps=1e-12 --set leon_log_diagnostics=True --set wandb_project=modded-nanogpt-track3 --out-dir records/track_3_optimization/runs/leon/20260522-leon-normhalf-matchnorm-diagnostics-1500/l1_1500_4gpu --set leon_l_scale=1.0 --set wandb_run_name=leon_l1_1500_diag",unset,leon,0.025,,0.7,0.025,0.95,12,524288,1500,3.43581,3.43581,,false,false,11.562,693.693,0.7,0.7,1e-12,12,4,NVIDIA H100 NVL,2.11.0+cu126,12.6,records/track_3_optimization/runs/leon/20260522-leon-normhalf-matchnorm-diagnostics-1500/l1_1500_4gpu,"L=1 baseline (unnormalized-sum, off mode) at 1500 steps. Final 3.43581 = +0.00351 vs L=0 — old bf16+ns6 gap of -0.12540 collapses to +0.00351 with float32+ns12."
leon_matchg_1500_diag,2026-05-22T18:13:08-05:00,060bed9,"NPROC_PER_NODE=4 records/track_3_optimization/launch_leon.sh --trials 1 --set train_steps=1500 --set leon_ns_iters=12 --set leon_orthogonalize_dtype=float32 --set leon_eps=1e-12 --set leon_log_diagnostics=True --set wandb_project=modded-nanogpt-track3 --out-dir records/track_3_optimization/runs/leon/20260522-leon-normhalf-matchnorm-diagnostics-1500/matchg_1500_4gpu --set leon_l_scale=1.0 --set leon_l_normalize_mode=match_g --set wandb_run_name=leon_matchg_1500_diag",unset,leon,0.025,,0.7,0.025,0.95,12,524288,1500,3.43362,3.43362,,false,false,11.558,693.471,0.7,0.7,1e-12,12,4,NVIDIA H100 NVL,2.11.0+cu126,12.6,records/track_3_optimization/runs/leon/20260522-leon-normhalf-matchnorm-diagnostics-1500/matchg_1500_4gpu,"A: tr(L) fraction pinned at 0.5 via l_normalize_mode=match_g. Final 3.43362 = +0.00132 vs L=0; statistical wash vs L=1. Update more damped than baseline (||U||/||W||=0.326 vs 0.374 at step 1500) and cos(U, U_L0) drifts to 0.86 vs 0.92."
leon_matchnorm_1500_diag,2026-05-22T18:25:27-05:00,060bed9,"NPROC_PER_NODE=4 records/track_3_optimization/launch_leon.sh --trials 1 --set train_steps=1500 --set leon_ns_iters=12 --set leon_orthogonalize_dtype=float32 --set leon_eps=1e-12 --set leon_log_diagnostics=True --set wandb_project=modded-nanogpt-track3 --out-dir records/track_3_optimization/runs/leon/20260522-leon-normhalf-matchnorm-diagnostics-1500/matchnorm_1500_4gpu --set leon_l_scale=1.0 --set leon_match_l0_norm=True --set wandb_run_name=leon_matchnorm_1500_diag",unset,leon,0.025,,0.7,0.025,0.95,12,524288,1500,3.44404,3.44404,,false,false,11.579,694.727,0.7,0.7,1e-12,12,4,NVIDIA H100 NVL,2.11.0+cu126,12.6,records/track_3_optimization/runs/leon/20260522-leon-normhalf-matchnorm-diagnostics-1500/matchnorm_1500_4gpu,"B: rescale update to ||U||_F = sqrt(min(D1,D2)) via match_l0_norm. Final 3.44404 = +0.01174 vs L=0 — hurts, though smaller margin than 500-step (+0.03209). Undoing L's damping inflates ||W|| (53 vs 38-45 at others) and ends in worse optimum."
leon_graddiff_500_diag,2026-05-24T16:49:21-05:00,8b086f95e614c722c56deeb4d93a53391b053224,"CUDA_VISIBLE_DEVICES=0,1,2,3 NPROC_PER_NODE=4 records/track_3_optimization/launch_leon.sh --trials 1 --set train_steps=500 --set leon_lr=0.025 --set leon_wd=0.025 --set leon_mu=0.95 --set leon_beta2=0.7 --set leon_cooldown_frac=0.7 --set leon_ns_iters=12 --set leon_orthogonalize_dtype=float32 --set leon_eps=1e-12 --set leon_l_scale=1.0 --set leon_use_grad_diff=True --set leon_log_diagnostics=True --set leon_diag_interval=125",unset,leon,0.025,,0.7,0.025,0.95,12,524288,500,3.74790,3.74790,,false,false,4.437,266.255,0.7,0.7,1e-12,12,4,NVIDIA H100 NVL,2.11.0+cu128,12.8,records/track_3_optimization/runs/leon/20260524-164921-dc8e6616,"C: grad-diff second moment T_t=beta2*T_{t-1}+(grad_t-grad_{t-1})(grad_t-grad_{t-1})^T. val 125:4.57622 250:4.05423 375:3.84771 500:3.74790. vs existing L=1 baseline (3.74774): +0.00016 at step 500 (tie); vs L=0 (3.75171): -0.00381 better. Early advantage at step 125: 0.01115 better than L=1; 0.06127 better than L=0. grad_diff_norm/grad_norm ~1.74x at step 125. tr_frac starts 0.66 and falls to 0.32 by step 500 (higher early than raw-grad L but lower later)."
leon_graddiff_1500_diag,2026-05-24T16:59:33-05:00,f24f62b,"CUDA_VISIBLE_DEVICES=0,1,2,3 NPROC_PER_NODE=4 records/track_3_optimization/launch_leon.sh --trials 1 --set train_steps=1500 --set leon_lr=0.025 --set leon_wd=0.025 --set leon_mu=0.95 --set leon_beta2=0.7 --set leon_cooldown_frac=0.7 --set leon_ns_iters=12 --set leon_orthogonalize_dtype=float32 --set leon_eps=1e-12 --set leon_l_scale=1.0 --set leon_use_grad_diff=True --set leon_log_diagnostics=True --set leon_diag_interval=125",unset,leon,0.025,,0.7,0.025,0.95,12,524288,1500,3.43389,3.43389,,false,false,13.532,811.900,0.7,0.7,1e-12,12,4,NVIDIA H100 NVL,2.11.0+cu128,12.8,records/track_3_optimization/runs/leon/20260524-165933-3e03c0b7,"C 1500-step: grad-diff second moment. Final 3.43389 = -0.00192 vs L=1 baseline (3.43581); tied with match_g (3.43362, diff +0.00027); +0.00159 vs L=0 (3.43230). Consistent improvement over L=1 from step 250 onward (0.001-0.005). tr_frac stays higher than raw-grad L=1 (0.342 vs 0.193 at step 1500) but still outperforms. grad_diff_norm/grad_norm ~1.7x early, declining to ~1.4x at 1500."
gd_lr0175_1500,2026-05-24T17:22:53-05:00,cae8be6,"CUDA_VISIBLE_DEVICES=0,1,2,3 NPROC_PER_NODE=4 records/track_3_optimization/launch_leon.sh --trials 1 --set train_steps=1500 --set leon_ns_iters=12 --set leon_orthogonalize_dtype=float32 --set leon_eps=1e-12 --set leon_use_grad_diff=True --set leon_log_diagnostics=True --set leon_diag_interval=125 --set wandb_project=modded-nanogpt-track3 --set wandb_run_name=gd_lr0175_1500 --set leon_lr=0.0175 --set leon_wd=0.025 --set leon_mu=0.95 --set leon_beta2=0.7 --set leon_cooldown_frac=0.7",unset,leon,0.0175,,0.7,0.025,0.95,12,524288,1500,3.44406,3.44406,,false,false,11.77,706.141,0.7,0.7,1e-12,12,4,NVIDIA H100 NVL,2.11.0+cu128,12.8,records/track_3_optimization/runs/leon/20260524-172253-30faedb9,"LR sweep lr=0.0175 with use_grad_diff=True. Final 3.44406 = +0.01017 vs baseline (3.43389); lower LR hurts the grad-diff variant."
gd_lr035_1500,2026-05-24T17:35:25-05:00,cae8be6,"CUDA_VISIBLE_DEVICES=0,1,2,3 NPROC_PER_NODE=4 records/track_3_optimization/launch_leon.sh --trials 1 --set train_steps=1500 --set leon_ns_iters=12 --set leon_orthogonalize_dtype=float32 --set leon_eps=1e-12 --set leon_use_grad_diff=True --set leon_log_diagnostics=True --set leon_diag_interval=125 --set wandb_project=modded-nanogpt-track3 --set wandb_run_name=gd_lr035_1500 --set leon_lr=0.035 --set leon_wd=0.025 --set leon_mu=0.95 --set leon_beta2=0.7 --set leon_cooldown_frac=0.7",unset,leon,0.035,,0.7,0.025,0.95,12,524288,1500,3.43521,3.43521,,false,false,12.15,728.869,0.7,0.7,1e-12,12,4,NVIDIA H100 NVL,2.11.0+cu128,12.8,records/track_3_optimization/runs/leon/20260524-173525-078092b2,"LR sweep lr=0.035 with use_grad_diff=True. Final 3.43521 = +0.00132 vs baseline (3.43389); slight regression at higher LR."
gd_wd0125_1500,2026-05-24T17:48:22-05:00,cae8be6,"CUDA_VISIBLE_DEVICES=0,1,2,3 NPROC_PER_NODE=4 records/track_3_optimization/launch_leon.sh --trials 1 --set train_steps=1500 --set leon_ns_iters=12 --set leon_orthogonalize_dtype=float32 --set leon_eps=1e-12 --set leon_use_grad_diff=True --set leon_log_diagnostics=True --set leon_diag_interval=125 --set wandb_project=modded-nanogpt-track3 --set wandb_run_name=gd_wd0125_1500 --set leon_lr=0.025 --set leon_wd=0.0125 --set leon_mu=0.95 --set leon_beta2=0.7 --set leon_cooldown_frac=0.7",unset,leon,0.025,,0.7,0.0125,0.95,12,524288,1500,3.44483,3.44483,,false,false,11.56,693.878,0.7,0.7,1e-12,12,4,NVIDIA H100 NVL,2.11.0+cu128,12.8,records/track_3_optimization/runs/leon/20260524-174822-77115bff,"WD sweep wd=0.0125 with use_grad_diff=True. Final 3.44483 = +0.01094 vs baseline (3.43389); lower WD hurts."
gd_wd050_1500,2026-05-24T18:00:43-05:00,cae8be6,"CUDA_VISIBLE_DEVICES=0,1,2,3 NPROC_PER_NODE=4 records/track_3_optimization/launch_leon.sh --trials 1 --set train_steps=1500 --set leon_ns_iters=12 --set leon_orthogonalize_dtype=float32 --set leon_eps=1e-12 --set leon_use_grad_diff=True --set leon_log_diagnostics=True --set leon_diag_interval=125 --set wandb_project=modded-nanogpt-track3 --set wandb_run_name=gd_wd050_1500 --set leon_lr=0.025 --set leon_wd=0.05 --set leon_mu=0.95 --set leon_beta2=0.7 --set leon_cooldown_frac=0.7",unset,leon,0.025,,0.7,0.05,0.95,12,524288,1500,3.43335,3.43335,,false,false,11.56,693.440,0.7,0.7,1e-12,12,4,NVIDIA H100 NVL,2.11.0+cu128,12.8,records/track_3_optimization/runs/leon/20260524-180043-93ad1603,"WD sweep wd=0.05 with use_grad_diff=True. Final 3.43335 = -0.00054 vs baseline (3.43389); marginal best of the sweep."
gd_mu085_1500,2026-05-24T18:13:03-05:00,cae8be6,"CUDA_VISIBLE_DEVICES=0,1,2,3 NPROC_PER_NODE=4 records/track_3_optimization/launch_leon.sh --trials 1 --set train_steps=1500 --set leon_ns_iters=12 --set leon_orthogonalize_dtype=float32 --set leon_eps=1e-12 --set leon_use_grad_diff=True --set leon_log_diagnostics=True --set leon_diag_interval=125 --set wandb_project=modded-nanogpt-track3 --set wandb_run_name=gd_mu085_1500 --set leon_lr=0.025 --set leon_wd=0.025 --set leon_mu=0.85 --set leon_beta2=0.7 --set leon_cooldown_frac=0.7",unset,leon,0.025,,0.7,0.025,0.85,12,524288,1500,3.47138,3.47138,,false,false,11.56,693.520,0.7,0.7,1e-12,12,4,NVIDIA H100 NVL,2.11.0+cu128,12.8,records/track_3_optimization/runs/leon/20260524-181303-c2483d66,"mu sweep mu=0.85 with use_grad_diff=True. Final 3.47138 = +0.03749 vs baseline (3.43389); lower momentum significantly hurts grad-diff."
gd_mu098_1500,2026-05-24T18:25:23-05:00,cae8be6,"CUDA_VISIBLE_DEVICES=0,1,2,3 NPROC_PER_NODE=4 records/track_3_optimization/launch_leon.sh --trials 1 --set train_steps=1500 --set leon_ns_iters=12 --set leon_orthogonalize_dtype=float32 --set leon_eps=1e-12 --set leon_use_grad_diff=True --set leon_log_diagnostics=True --set leon_diag_interval=125 --set wandb_project=modded-nanogpt-track3 --set wandb_run_name=gd_mu098_1500 --set leon_lr=0.025 --set leon_wd=0.025 --set leon_mu=0.98 --set leon_beta2=0.7 --set leon_cooldown_frac=0.7",unset,leon,0.025,,0.7,0.025,0.98,12,524288,1500,3.45030,3.45030,,false,false,11.56,693.628,0.7,0.7,1e-12,12,4,NVIDIA H100 NVL,2.11.0+cu128,12.8,records/track_3_optimization/runs/leon/20260524-182523-25d02cfd,"mu sweep mu=0.98 with use_grad_diff=True. Final 3.45030 = +0.01641 vs baseline (3.43389); high mu also hurts."
gd_b250_1500,2026-05-24T18:37:44-05:00,cae8be6,"CUDA_VISIBLE_DEVICES=0,1,2,3 NPROC_PER_NODE=4 records/track_3_optimization/launch_leon.sh --trials 1 --set train_steps=1500 --set leon_ns_iters=12 --set leon_orthogonalize_dtype=float32 --set leon_eps=1e-12 --set leon_use_grad_diff=True --set leon_log_diagnostics=True --set leon_diag_interval=125 --set wandb_project=modded-nanogpt-track3 --set wandb_run_name=gd_b250_1500 --set leon_lr=0.025 --set leon_wd=0.025 --set leon_mu=0.95 --set leon_beta2=0.5 --set leon_cooldown_frac=0.7",unset,leon,0.025,,0.5,0.025,0.95,12,524288,1500,3.43343,3.43343,,false,false,11.56,693.652,0.7,0.7,1e-12,12,4,NVIDIA H100 NVL,2.11.0+cu128,12.8,records/track_3_optimization/runs/leon/20260524-183744-0261208d,"beta2 sweep beta2=0.5 with use_grad_diff=True. Final 3.43343 = -0.00046 vs baseline (3.43389); effectively tied best with wd=0.05."
gd_b290_1500,2026-05-24T18:50:04-05:00,cae8be6,"CUDA_VISIBLE_DEVICES=0,1,2,3 NPROC_PER_NODE=4 records/track_3_optimization/launch_leon.sh --trials 1 --set train_steps=1500 --set leon_ns_iters=12 --set leon_orthogonalize_dtype=float32 --set leon_eps=1e-12 --set leon_use_grad_diff=True --set leon_log_diagnostics=True --set leon_diag_interval=125 --set wandb_project=modded-nanogpt-track3 --set wandb_run_name=gd_b290_1500 --set leon_lr=0.025 --set leon_wd=0.025 --set leon_mu=0.95 --set leon_beta2=0.9 --set leon_cooldown_frac=0.7",unset,leon,0.025,,0.9,0.025,0.95,12,524288,1500,3.44626,3.44626,,false,false,15.69,941.212,0.7,0.7,1e-12,12,4,NVIDIA H100 NVL,2.11.0+cu128,12.8,records/track_3_optimization/runs/leon/20260524-185004-26955d72,"beta2 sweep beta2=0.9 with use_grad_diff=True. Final 3.44626 = +0.01237 vs baseline (3.43389); higher beta2 hurts."
no_nesterov_1500_diag,2026-05-24T19:10:11-05:00,cae8be6,"CUDA_VISIBLE_DEVICES=0,1,2,3 NPROC_PER_NODE=4 records/track_3_optimization/launch_leon.sh --trials 1 --set train_steps=1500 --set leon_ns_iters=12 --set leon_orthogonalize_dtype=float32 --set leon_eps=1e-12 --set leon_use_grad_diff=False --set leon_use_nesterov=False --set leon_lr=0.025 --set leon_wd=0.025 --set leon_mu=0.95 --set leon_beta2=0.7 --set leon_cooldown_frac=0.7 --set leon_log_diagnostics=True --set leon_diag_interval=125 --set wandb_project=modded-nanogpt-track3 --set wandb_run_name=no_nesterov_1500_diag",unset,leon,0.025,,0.7,0.025,0.95,12,524288,1500,3.62775,3.62775,,false,false,16.48,988.895,0.7,0.7,1e-12,12,4,NVIDIA H100 NVL,2.11.0+cu128,12.8,records/track_3_optimization/runs/leon/20260524-191011-469ba597,"No-Nesterov variant: use_nesterov=False use_grad_diff=False. Raw gradient directly orthogonalized by (GG^T+L)^{-0.5}G. Final 3.62775 = +0.19386 vs L=1 baseline (3.43389) and +0.19545 vs L=0 (3.43230). tr_frac stays high (0.73-0.79 vs 0.19-0.43 for Nesterov L=1). Confirms Nesterov first-moment is the dominant contributor to Leon performance."
