Running: torchrun --standalone --nproc_per_node=4 records/track_3_optimization/train_gpt_simple_leonh.py --trials 1 --out-dir records/track_3_optimization/runs/leonh/20260514-precond-side/input_3325_4gpu --set train_steps=3325 --set leon_lr=0.0175 --set leon_beta2=0.6 --set leon_mu=0.95 --set leon_ns_iters=12 --set leon_orthogonalize_dtype=float32 --set leon_eps=1e-12 --set leon_cooldown_frac=1.0 --set leon_precondition_side=input
W0514 12:14:23.556000 659778 /ssd1/rj23424/venvs/modded-nanogpt/lib/python3.12/site-packages/torch/distributed/run.py:851] 
W0514 12:14:23.556000 659778 /ssd1/rj23424/venvs/modded-nanogpt/lib/python3.12/site-packages/torch/distributed/run.py:851] *****************************************
W0514 12:14:23.556000 659778 /ssd1/rj23424/venvs/modded-nanogpt/lib/python3.12/site-packages/torch/distributed/run.py:851] Setting OMP_NUM_THREADS environment variable for each process to be 1 in default, to avoid your system being overloaded, please further tune the variable for optimal performance in your application as needed. 
W0514 12:14:23.556000 659778 /ssd1/rj23424/venvs/modded-nanogpt/lib/python3.12/site-packages/torch/distributed/run.py:851] *****************************************
records/track_3_optimization/runs/leonh/20260514-precond-side/input_3325_4gpu/train.log
step:0/3325 val_loss:10.96606 train_time:0.000s step_avg:nanms
step:1/3325 train_time:2.320s step_avg:2320.17ms
step:2/3325 train_time:2.968s step_avg:1484.08ms
step:3/3325 train_time:3.620s step_avg:1206.55ms
step:4/3325 train_time:4.270s step_avg:1067.56ms
step:5/3325 train_time:4.924s step_avg:984.75ms
step:6/3325 train_time:5.579s step_avg:929.87ms
step:7/3325 train_time:6.230s step_avg:890.05ms
step:8/3325 train_time:6.885s step_avg:860.62ms
step:9/3325 train_time:7.540s step_avg:837.74ms
step:10/3325 train_time:8.193s step_avg:819.30ms
step:11/3325 train_time:8.847s step_avg:804.27ms
step:12/3325 train_time:9.502s step_avg:791.83ms
step:13/3325 train_time:10.161s step_avg:781.61ms
step:14/3325 train_time:10.819s step_avg:772.75ms
step:15/3325 train_time:11.480s step_avg:765.35ms
step:16/3325 train_time:12.135s step_avg:758.45ms
step:17/3325 train_time:12.790s step_avg:752.36ms
step:18/3325 train_time:13.447s step_avg:747.06ms
step:19/3325 train_time:14.101s step_avg:742.14ms
step:20/3325 train_time:14.759s step_avg:737.94ms
step:21/3325 train_time:15.413s step_avg:733.94ms
step:22/3325 train_time:16.074s step_avg:730.63ms
step:23/3325 train_time:16.729s step_avg:727.35ms
step:24/3325 train_time:17.391s step_avg:724.62ms
step:25/3325 train_time:18.047s step_avg:721.89ms
step:26/3325 train_time:18.710s step_avg:719.60ms
step:27/3325 train_time:19.366s step_avg:717.27ms
step:28/3325 train_time:20.024s step_avg:715.16ms
step:29/3325 train_time:20.691s step_avg:713.49ms
step:30/3325 train_time:21.343s step_avg:711.44ms
step:31/3325 train_time:22.002s step_avg:709.73ms
step:32/3325 train_time:22.658s step_avg:708.07ms
step:33/3325 train_time:23.317s step_avg:706.56ms
step:34/3325 train_time:23.971s step_avg:705.03ms
step:35/3325 train_time:24.628s step_avg:703.66ms
step:36/3325 train_time:25.288s step_avg:702.46ms
step:37/3325 train_time:25.949s step_avg:701.33ms
step:38/3325 train_time:26.609s step_avg:700.23ms
step:39/3325 train_time:27.270s step_avg:699.23ms
step:40/3325 train_time:27.930s step_avg:698.26ms
step:41/3325 train_time:28.596s step_avg:697.46ms
step:42/3325 train_time:29.252s step_avg:696.48ms
step:43/3325 train_time:29.912s step_avg:695.62ms
step:44/3325 train_time:30.574s step_avg:694.86ms
step:45/3325 train_time:31.233s step_avg:694.07ms
step:46/3325 train_time:31.895s step_avg:693.37ms
step:47/3325 train_time:32.554s step_avg:692.64ms
step:48/3325 train_time:33.214s step_avg:691.96ms
step:49/3325 train_time:33.873s step_avg:691.29ms
step:50/3325 train_time:34.527s step_avg:690.55ms
step:51/3325 train_time:35.185s step_avg:689.90ms
step:52/3325 train_time:35.841s step_avg:689.25ms
step:53/3325 train_time:36.500s step_avg:688.68ms
step:54/3325 train_time:37.159s step_avg:688.13ms
step:55/3325 train_time:37.815s step_avg:687.55ms
step:56/3325 train_time:38.475s step_avg:687.05ms
step:57/3325 train_time:39.130s step_avg:686.48ms
step:58/3325 train_time:39.795s step_avg:686.12ms
step:59/3325 train_time:40.449s step_avg:685.57ms
step:60/3325 train_time:41.109s step_avg:685.14ms
step:61/3325 train_time:41.770s step_avg:684.75ms
step:62/3325 train_time:42.435s step_avg:684.43ms
step:63/3325 train_time:43.098s step_avg:684.09ms
step:64/3325 train_time:43.756s step_avg:683.69ms
step:65/3325 train_time:44.418s step_avg:683.35ms
step:66/3325 train_time:45.080s step_avg:683.04ms
step:67/3325 train_time:45.742s step_avg:682.71ms
step:68/3325 train_time:46.400s step_avg:682.35ms
step:69/3325 train_time:47.061s step_avg:682.04ms
step:70/3325 train_time:47.721s step_avg:681.73ms
step:71/3325 train_time:48.382s step_avg:681.44ms
step:72/3325 train_time:49.043s step_avg:681.15ms
step:73/3325 train_time:49.701s step_avg:680.84ms
step:74/3325 train_time:50.362s step_avg:680.57ms
step:75/3325 train_time:51.019s step_avg:680.26ms
step:76/3325 train_time:51.682s step_avg:680.02ms
step:77/3325 train_time:52.343s step_avg:679.78ms
step:78/3325 train_time:53.002s step_avg:679.51ms
step:79/3325 train_time:53.666s step_avg:679.32ms
step:80/3325 train_time:54.325s step_avg:679.06ms
step:81/3325 train_time:54.987s step_avg:678.85ms
step:82/3325 train_time:55.648s step_avg:678.63ms
step:83/3325 train_time:56.307s step_avg:678.40ms
step:84/3325 train_time:56.966s step_avg:678.17ms
step:85/3325 train_time:57.624s step_avg:677.93ms
step:86/3325 train_time:58.286s step_avg:677.75ms
step:87/3325 train_time:58.947s step_avg:677.55ms
step:88/3325 train_time:59.606s step_avg:677.34ms
step:89/3325 train_time:60.268s step_avg:677.17ms
step:90/3325 train_time:60.931s step_avg:677.01ms
step:91/3325 train_time:61.591s step_avg:676.82ms
step:92/3325 train_time:62.257s step_avg:676.70ms
step:93/3325 train_time:62.915s step_avg:676.51ms
step:94/3325 train_time:63.579s step_avg:676.38ms
step:95/3325 train_time:64.243s step_avg:676.24ms
step:96/3325 train_time:64.902s step_avg:676.06ms
step:97/3325 train_time:65.566s step_avg:675.94ms
step:98/3325 train_time:66.228s step_avg:675.80ms
step:99/3325 train_time:66.896s step_avg:675.71ms
step:100/3325 train_time:67.553s step_avg:675.53ms
step:101/3325 train_time:68.216s step_avg:675.41ms
step:102/3325 train_time:68.876s step_avg:675.25ms
step:103/3325 train_time:69.540s step_avg:675.14ms
step:104/3325 train_time:70.198s step_avg:674.98ms
step:105/3325 train_time:70.863s step_avg:674.89ms
step:106/3325 train_time:71.529s step_avg:674.80ms
step:107/3325 train_time:72.194s step_avg:674.71ms
step:108/3325 train_time:72.859s step_avg:674.62ms
step:109/3325 train_time:73.520s step_avg:674.49ms
step:110/3325 train_time:74.187s step_avg:674.42ms
step:111/3325 train_time:74.845s step_avg:674.28ms
step:112/3325 train_time:75.509s step_avg:674.19ms
step:113/3325 train_time:76.181s step_avg:674.17ms
step:114/3325 train_time:76.848s step_avg:674.10ms
step:115/3325 train_time:77.508s step_avg:673.98ms
step:116/3325 train_time:78.176s step_avg:673.93ms
step:117/3325 train_time:78.833s step_avg:673.79ms
step:118/3325 train_time:79.503s step_avg:673.75ms
step:119/3325 train_time:80.164s step_avg:673.65ms
step:120/3325 train_time:80.834s step_avg:673.62ms
step:121/3325 train_time:81.494s step_avg:673.50ms
step:122/3325 train_time:82.163s step_avg:673.47ms
step:123/3325 train_time:82.822s step_avg:673.35ms
step:124/3325 train_time:83.486s step_avg:673.28ms
step:125/3325 train_time:84.148s step_avg:673.19ms
step:125/3325 val_loss:4.80391 train_time:84.159s step_avg:673.27ms
step:126/3325 train_time:84.820s step_avg:673.17ms
step:127/3325 train_time:85.479s step_avg:673.06ms
step:128/3325 train_time:86.146s step_avg:673.02ms
step:129/3325 train_time:86.812s step_avg:672.96ms
step:130/3325 train_time:87.474s step_avg:672.88ms
step:131/3325 train_time:88.138s step_avg:672.81ms
step:132/3325 train_time:88.800s step_avg:672.73ms
step:133/3325 train_time:89.470s step_avg:672.71ms
step:134/3325 train_time:90.129s step_avg:672.61ms
step:135/3325 train_time:90.793s step_avg:672.54ms
step:136/3325 train_time:91.457s step_avg:672.48ms
step:137/3325 train_time:92.127s step_avg:672.46ms
step:138/3325 train_time:92.787s step_avg:672.37ms
step:139/3325 train_time:93.455s step_avg:672.34ms
step:140/3325 train_time:94.119s step_avg:672.28ms
step:141/3325 train_time:94.784s step_avg:672.23ms
step:142/3325 train_time:95.458s step_avg:672.24ms
step:143/3325 train_time:96.118s step_avg:672.15ms
step:144/3325 train_time:96.780s step_avg:672.08ms
step:145/3325 train_time:97.448s step_avg:672.06ms
step:146/3325 train_time:98.108s step_avg:671.97ms
step:147/3325 train_time:98.774s step_avg:671.93ms
step:148/3325 train_time:99.439s step_avg:671.89ms
step:149/3325 train_time:100.107s step_avg:671.86ms
step:150/3325 train_time:100.770s step_avg:671.80ms
step:151/3325 train_time:101.434s step_avg:671.75ms
step:152/3325 train_time:102.095s step_avg:671.68ms
step:153/3325 train_time:102.760s step_avg:671.63ms
step:154/3325 train_time:103.424s step_avg:671.59ms
step:155/3325 train_time:104.088s step_avg:671.53ms
step:156/3325 train_time:104.752s step_avg:671.49ms
step:157/3325 train_time:105.415s step_avg:671.44ms
step:158/3325 train_time:106.077s step_avg:671.37ms
step:159/3325 train_time:106.740s step_avg:671.32ms
step:160/3325 train_time:107.402s step_avg:671.26ms
step:161/3325 train_time:108.070s step_avg:671.24ms
step:162/3325 train_time:108.733s step_avg:671.19ms
step:163/3325 train_time:109.395s step_avg:671.13ms
step:164/3325 train_time:110.057s step_avg:671.08ms
step:165/3325 train_time:110.721s step_avg:671.03ms
step:166/3325 train_time:111.384s step_avg:670.99ms
step:167/3325 train_time:112.053s step_avg:670.97ms
step:168/3325 train_time:112.714s step_avg:670.92ms
step:169/3325 train_time:113.377s step_avg:670.87ms
step:170/3325 train_time:114.044s step_avg:670.85ms
step:171/3325 train_time:114.710s step_avg:670.82ms
step:172/3325 train_time:115.372s step_avg:670.77ms
step:173/3325 train_time:116.036s step_avg:670.73ms
step:174/3325 train_time:116.701s step_avg:670.69ms
step:175/3325 train_time:117.365s step_avg:670.66ms
step:176/3325 train_time:118.030s step_avg:670.63ms
step:177/3325 train_time:118.693s step_avg:670.58ms
step:178/3325 train_time:119.356s step_avg:670.54ms
step:179/3325 train_time:120.018s step_avg:670.49ms
step:180/3325 train_time:120.681s step_avg:670.45ms
step:181/3325 train_time:121.351s step_avg:670.45ms
step:182/3325 train_time:122.012s step_avg:670.40ms
step:183/3325 train_time:122.676s step_avg:670.36ms
step:184/3325 train_time:123.341s step_avg:670.33ms
step:185/3325 train_time:124.006s step_avg:670.30ms
step:186/3325 train_time:124.671s step_avg:670.27ms
step:187/3325 train_time:125.334s step_avg:670.24ms
step:188/3325 train_time:125.998s step_avg:670.20ms
step:189/3325 train_time:126.666s step_avg:670.19ms
step:190/3325 train_time:127.331s step_avg:670.16ms
step:191/3325 train_time:128.147s step_avg:670.93ms
step:192/3325 train_time:128.817s step_avg:670.92ms
step:193/3325 train_time:129.478s step_avg:670.87ms
step:194/3325 train_time:130.144s step_avg:670.84ms
step:195/3325 train_time:130.811s step_avg:670.82ms
step:196/3325 train_time:131.476s step_avg:670.79ms
step:197/3325 train_time:132.140s step_avg:670.76ms
step:198/3325 train_time:132.810s step_avg:670.76ms
step:199/3325 train_time:133.469s step_avg:670.70ms
step:200/3325 train_time:134.140s step_avg:670.70ms
step:201/3325 train_time:134.799s step_avg:670.64ms
step:202/3325 train_time:135.470s step_avg:670.64ms
step:203/3325 train_time:136.134s step_avg:670.61ms
step:204/3325 train_time:136.802s step_avg:670.60ms
step:205/3325 train_time:137.472s step_avg:670.59ms
step:206/3325 train_time:138.135s step_avg:670.56ms
step:207/3325 train_time:138.797s step_avg:670.52ms
step:208/3325 train_time:139.474s step_avg:670.55ms
step:209/3325 train_time:140.137s step_avg:670.51ms
step:210/3325 train_time:140.799s step_avg:670.47ms
step:211/3325 train_time:141.462s step_avg:670.44ms
step:212/3325 train_time:142.127s step_avg:670.41ms
step:213/3325 train_time:142.789s step_avg:670.37ms
step:214/3325 train_time:143.453s step_avg:670.34ms
step:215/3325 train_time:144.116s step_avg:670.31ms
step:216/3325 train_time:144.778s step_avg:670.27ms
step:217/3325 train_time:145.441s step_avg:670.23ms
step:218/3325 train_time:146.106s step_avg:670.21ms
step:219/3325 train_time:146.771s step_avg:670.19ms
step:220/3325 train_time:147.435s step_avg:670.16ms
step:221/3325 train_time:148.098s step_avg:670.13ms
step:222/3325 train_time:148.762s step_avg:670.10ms
step:223/3325 train_time:149.427s step_avg:670.08ms
step:224/3325 train_time:150.094s step_avg:670.06ms
step:225/3325 train_time:150.757s step_avg:670.03ms
step:226/3325 train_time:151.419s step_avg:670.00ms
step:227/3325 train_time:152.081s step_avg:669.96ms
step:228/3325 train_time:152.751s step_avg:669.96ms
step:229/3325 train_time:153.411s step_avg:669.92ms
step:230/3325 train_time:154.076s step_avg:669.89ms
step:231/3325 train_time:154.741s step_avg:669.87ms
step:232/3325 train_time:155.411s step_avg:669.88ms
step:233/3325 train_time:156.073s step_avg:669.84ms
step:234/3325 train_time:156.739s step_avg:669.82ms
step:235/3325 train_time:157.402s step_avg:669.80ms
step:236/3325 train_time:158.075s step_avg:669.81ms
step:237/3325 train_time:158.736s step_avg:669.77ms
step:238/3325 train_time:159.408s step_avg:669.78ms
step:239/3325 train_time:160.070s step_avg:669.75ms
step:240/3325 train_time:160.740s step_avg:669.75ms
step:241/3325 train_time:161.402s step_avg:669.72ms
step:242/3325 train_time:162.072s step_avg:669.72ms
step:243/3325 train_time:162.737s step_avg:669.70ms
step:244/3325 train_time:163.411s step_avg:669.72ms
step:245/3325 train_time:164.074s step_avg:669.69ms
step:246/3325 train_time:164.741s step_avg:669.68ms
step:247/3325 train_time:165.406s step_avg:669.66ms
step:248/3325 train_time:166.076s step_avg:669.66ms
step:249/3325 train_time:166.741s step_avg:669.64ms
step:250/3325 train_time:167.405s step_avg:669.62ms
step:250/3325 val_loss:4.18230 train_time:167.416s step_avg:666.06ms
step:251/3325 train_time:168.078s step_avg:669.64ms
step:252/3325 train_time:168.743s step_avg:669.62ms
step:253/3325 train_time:169.406s step_avg:669.59ms
step:254/3325 train_time:170.069s step_avg:669.56ms
step:255/3325 train_time:170.734s step_avg:669.54ms
step:256/3325 train_time:171.396s step_avg:669.52ms
step:257/3325 train_time:172.060s step_avg:669.49ms
step:258/3325 train_time:172.727s step_avg:669.48ms
step:259/3325 train_time:173.390s step_avg:669.46ms
step:260/3325 train_time:174.053s step_avg:669.43ms
step:261/3325 train_time:174.717s step_avg:669.41ms
step:262/3325 train_time:175.382s step_avg:669.40ms
step:263/3325 train_time:176.044s step_avg:669.37ms
step:264/3325 train_time:176.708s step_avg:669.35ms
step:265/3325 train_time:177.371s step_avg:669.33ms
step:266/3325 train_time:178.035s step_avg:669.31ms
step:267/3325 train_time:178.697s step_avg:669.28ms
step:268/3325 train_time:179.358s step_avg:669.25ms
step:269/3325 train_time:180.028s step_avg:669.25ms
step:270/3325 train_time:180.690s step_avg:669.22ms
step:271/3325 train_time:181.353s step_avg:669.20ms
step:272/3325 train_time:182.016s step_avg:669.18ms
step:273/3325 train_time:182.680s step_avg:669.16ms
step:274/3325 train_time:183.343s step_avg:669.13ms
step:275/3325 train_time:184.010s step_avg:669.13ms
step:276/3325 train_time:184.672s step_avg:669.10ms
step:277/3325 train_time:185.337s step_avg:669.09ms
step:278/3325 train_time:186.001s step_avg:669.07ms
step:279/3325 train_time:186.663s step_avg:669.04ms
step:280/3325 train_time:187.327s step_avg:669.03ms
step:281/3325 train_time:187.989s step_avg:669.00ms
step:282/3325 train_time:188.652s step_avg:668.98ms
step:283/3325 train_time:189.316s step_avg:668.96ms
step:284/3325 train_time:189.977s step_avg:668.93ms
step:285/3325 train_time:190.642s step_avg:668.92ms
step:286/3325 train_time:191.305s step_avg:668.90ms
step:287/3325 train_time:191.965s step_avg:668.87ms
step:288/3325 train_time:192.629s step_avg:668.85ms
step:289/3325 train_time:193.291s step_avg:668.83ms
step:290/3325 train_time:193.952s step_avg:668.80ms
step:291/3325 train_time:194.615s step_avg:668.78ms
step:292/3325 train_time:195.276s step_avg:668.75ms
step:293/3325 train_time:195.941s step_avg:668.74ms
step:294/3325 train_time:196.605s step_avg:668.73ms
step:295/3325 train_time:197.266s step_avg:668.70ms
step:296/3325 train_time:197.931s step_avg:668.68ms
step:297/3325 train_time:198.595s step_avg:668.67ms
step:298/3325 train_time:199.256s step_avg:668.64ms
step:299/3325 train_time:199.923s step_avg:668.64ms
step:300/3325 train_time:200.587s step_avg:668.62ms
step:301/3325 train_time:201.249s step_avg:668.60ms
step:302/3325 train_time:201.913s step_avg:668.58ms
step:303/3325 train_time:202.575s step_avg:668.56ms
step:304/3325 train_time:203.236s step_avg:668.54ms
step:305/3325 train_time:203.899s step_avg:668.52ms
step:306/3325 train_time:204.560s step_avg:668.50ms
step:307/3325 train_time:205.228s step_avg:668.50ms
step:308/3325 train_time:205.890s step_avg:668.48ms
step:309/3325 train_time:206.552s step_avg:668.45ms
step:310/3325 train_time:207.214s step_avg:668.43ms
step:311/3325 train_time:207.876s step_avg:668.41ms
step:312/3325 train_time:208.540s step_avg:668.40ms
step:313/3325 train_time:209.205s step_avg:668.39ms
step:314/3325 train_time:209.864s step_avg:668.36ms
step:315/3325 train_time:210.528s step_avg:668.34ms
step:316/3325 train_time:211.190s step_avg:668.32ms
step:317/3325 train_time:211.852s step_avg:668.30ms
step:318/3325 train_time:212.516s step_avg:668.29ms
step:319/3325 train_time:213.178s step_avg:668.27ms
step:320/3325 train_time:213.843s step_avg:668.26ms
step:321/3325 train_time:214.505s step_avg:668.24ms
step:322/3325 train_time:215.167s step_avg:668.22ms
step:323/3325 train_time:215.832s step_avg:668.21ms
step:324/3325 train_time:216.494s step_avg:668.19ms
step:325/3325 train_time:217.155s step_avg:668.17ms
step:326/3325 train_time:217.822s step_avg:668.17ms
step:327/3325 train_time:218.484s step_avg:668.15ms
step:328/3325 train_time:219.147s step_avg:668.13ms
step:329/3325 train_time:219.809s step_avg:668.11ms
step:330/3325 train_time:220.471s step_avg:668.09ms
step:331/3325 train_time:221.136s step_avg:668.08ms
step:332/3325 train_time:221.797s step_avg:668.06ms
step:333/3325 train_time:222.459s step_avg:668.05ms
step:334/3325 train_time:223.128s step_avg:668.05ms
step:335/3325 train_time:223.790s step_avg:668.03ms
step:336/3325 train_time:224.452s step_avg:668.01ms
step:337/3325 train_time:225.116s step_avg:668.00ms
step:338/3325 train_time:225.776s step_avg:667.98ms
step:339/3325 train_time:226.441s step_avg:667.97ms
step:340/3325 train_time:227.104s step_avg:667.95ms
step:341/3325 train_time:227.765s step_avg:667.93ms
step:342/3325 train_time:228.429s step_avg:667.92ms
step:343/3325 train_time:229.092s step_avg:667.91ms
step:344/3325 train_time:229.753s step_avg:667.89ms
step:345/3325 train_time:230.416s step_avg:667.87ms
step:346/3325 train_time:231.079s step_avg:667.86ms
step:347/3325 train_time:231.742s step_avg:667.85ms
step:348/3325 train_time:232.407s step_avg:667.84ms
step:349/3325 train_time:233.069s step_avg:667.82ms
step:350/3325 train_time:233.734s step_avg:667.81ms
step:351/3325 train_time:234.395s step_avg:667.79ms
step:352/3325 train_time:235.056s step_avg:667.77ms
step:353/3325 train_time:235.720s step_avg:667.76ms
step:354/3325 train_time:236.383s step_avg:667.75ms
step:355/3325 train_time:237.046s step_avg:667.74ms
step:356/3325 train_time:237.709s step_avg:667.72ms
step:357/3325 train_time:238.370s step_avg:667.70ms
step:358/3325 train_time:239.033s step_avg:667.69ms
step:359/3325 train_time:239.694s step_avg:667.67ms
step:360/3325 train_time:240.355s step_avg:667.65ms
step:361/3325 train_time:241.019s step_avg:667.64ms
step:362/3325 train_time:241.683s step_avg:667.63ms
step:363/3325 train_time:242.346s step_avg:667.62ms
step:364/3325 train_time:243.011s step_avg:667.61ms
step:365/3325 train_time:243.671s step_avg:667.59ms
step:366/3325 train_time:244.335s step_avg:667.58ms
step:367/3325 train_time:244.996s step_avg:667.56ms
step:368/3325 train_time:245.657s step_avg:667.55ms
step:369/3325 train_time:246.320s step_avg:667.53ms
step:370/3325 train_time:246.984s step_avg:667.52ms
step:371/3325 train_time:247.645s step_avg:667.51ms
step:372/3325 train_time:248.308s step_avg:667.49ms
step:373/3325 train_time:248.969s step_avg:667.48ms
step:374/3325 train_time:249.632s step_avg:667.46ms
step:375/3325 train_time:250.295s step_avg:667.45ms
step:375/3325 val_loss:3.99603 train_time:250.305s step_avg:663.11ms
step:376/3325 train_time:250.974s step_avg:667.48ms
step:377/3325 train_time:251.633s step_avg:667.46ms
step:378/3325 train_time:252.298s step_avg:667.46ms
step:379/3325 train_time:252.959s step_avg:667.44ms
step:380/3325 train_time:253.624s step_avg:667.43ms
step:381/3325 train_time:254.304s step_avg:667.46ms
step:382/3325 train_time:254.966s step_avg:667.45ms
step:383/3325 train_time:255.627s step_avg:667.43ms
step:384/3325 train_time:256.289s step_avg:667.42ms
step:385/3325 train_time:256.951s step_avg:667.41ms
step:386/3325 train_time:257.614s step_avg:667.39ms
step:387/3325 train_time:258.276s step_avg:667.38ms
step:388/3325 train_time:258.936s step_avg:667.36ms
step:389/3325 train_time:259.600s step_avg:667.35ms
step:390/3325 train_time:260.261s step_avg:667.34ms
step:391/3325 train_time:260.927s step_avg:667.33ms
step:392/3325 train_time:261.589s step_avg:667.32ms
step:393/3325 train_time:262.250s step_avg:667.30ms
step:394/3325 train_time:262.914s step_avg:667.29ms
step:395/3325 train_time:263.576s step_avg:667.28ms
step:396/3325 train_time:264.236s step_avg:667.26ms
step:397/3325 train_time:264.899s step_avg:667.25ms
step:398/3325 train_time:265.561s step_avg:667.24ms
step:399/3325 train_time:266.226s step_avg:667.23ms
step:400/3325 train_time:266.888s step_avg:667.22ms
step:401/3325 train_time:267.547s step_avg:667.20ms
step:402/3325 train_time:268.212s step_avg:667.19ms
step:403/3325 train_time:268.872s step_avg:667.18ms
step:404/3325 train_time:269.534s step_avg:667.16ms
step:405/3325 train_time:270.198s step_avg:667.16ms
step:406/3325 train_time:270.858s step_avg:667.14ms
step:407/3325 train_time:271.521s step_avg:667.13ms
step:408/3325 train_time:272.186s step_avg:667.12ms
step:409/3325 train_time:272.844s step_avg:667.10ms
step:410/3325 train_time:273.512s step_avg:667.10ms
step:411/3325 train_time:274.172s step_avg:667.08ms
step:412/3325 train_time:274.834s step_avg:667.07ms
step:413/3325 train_time:275.498s step_avg:667.06ms
step:414/3325 train_time:276.159s step_avg:667.05ms
step:415/3325 train_time:276.823s step_avg:667.04ms
step:416/3325 train_time:277.487s step_avg:667.04ms
step:417/3325 train_time:278.145s step_avg:667.01ms
step:418/3325 train_time:278.811s step_avg:667.01ms
step:419/3325 train_time:279.472s step_avg:667.00ms
step:420/3325 train_time:280.135s step_avg:666.99ms
step:421/3325 train_time:280.798s step_avg:666.98ms
step:422/3325 train_time:281.460s step_avg:666.97ms
step:423/3325 train_time:282.124s step_avg:666.96ms
step:424/3325 train_time:282.786s step_avg:666.95ms
step:425/3325 train_time:283.445s step_avg:666.93ms
step:426/3325 train_time:284.108s step_avg:666.92ms
step:427/3325 train_time:284.767s step_avg:666.90ms
step:428/3325 train_time:285.429s step_avg:666.89ms
step:429/3325 train_time:286.092s step_avg:666.88ms
step:430/3325 train_time:286.754s step_avg:666.87ms
step:431/3325 train_time:287.418s step_avg:666.86ms
step:432/3325 train_time:288.078s step_avg:666.85ms
step:433/3325 train_time:288.739s step_avg:666.83ms
step:434/3325 train_time:289.403s step_avg:666.83ms
step:435/3325 train_time:290.065s step_avg:666.82ms
step:436/3325 train_time:290.728s step_avg:666.81ms
step:437/3325 train_time:291.389s step_avg:666.79ms
step:438/3325 train_time:292.051s step_avg:666.78ms
step:439/3325 train_time:292.714s step_avg:666.77ms
step:440/3325 train_time:293.376s step_avg:666.76ms
step:441/3325 train_time:294.036s step_avg:666.75ms
step:442/3325 train_time:294.698s step_avg:666.74ms
step:443/3325 train_time:295.358s step_avg:666.72ms
step:444/3325 train_time:296.022s step_avg:666.72ms
step:445/3325 train_time:296.684s step_avg:666.71ms
step:446/3325 train_time:297.344s step_avg:666.69ms
step:447/3325 train_time:298.012s step_avg:666.69ms
step:448/3325 train_time:298.673s step_avg:666.68ms
step:449/3325 train_time:299.335s step_avg:666.67ms
step:450/3325 train_time:299.997s step_avg:666.66ms
step:451/3325 train_time:300.658s step_avg:666.65ms
step:452/3325 train_time:301.320s step_avg:666.64ms
step:453/3325 train_time:301.981s step_avg:666.62ms
step:454/3325 train_time:302.641s step_avg:666.61ms
step:455/3325 train_time:303.310s step_avg:666.62ms
step:456/3325 train_time:303.970s step_avg:666.60ms
step:457/3325 train_time:304.633s step_avg:666.59ms
step:458/3325 train_time:305.296s step_avg:666.59ms
step:459/3325 train_time:305.954s step_avg:666.57ms
step:460/3325 train_time:306.618s step_avg:666.56ms
step:461/3325 train_time:307.279s step_avg:666.55ms
step:462/3325 train_time:307.940s step_avg:666.54ms
step:463/3325 train_time:308.608s step_avg:666.54ms
step:464/3325 train_time:309.267s step_avg:666.52ms
step:465/3325 train_time:309.929s step_avg:666.51ms
step:466/3325 train_time:310.593s step_avg:666.51ms
step:467/3325 train_time:311.253s step_avg:666.49ms
step:468/3325 train_time:311.915s step_avg:666.49ms
step:469/3325 train_time:312.576s step_avg:666.47ms
step:470/3325 train_time:313.237s step_avg:666.46ms
step:471/3325 train_time:313.899s step_avg:666.45ms
step:472/3325 train_time:314.561s step_avg:666.44ms
step:473/3325 train_time:315.226s step_avg:666.44ms
step:474/3325 train_time:315.888s step_avg:666.43ms
step:475/3325 train_time:316.547s step_avg:666.41ms
step:476/3325 train_time:317.210s step_avg:666.41ms
step:477/3325 train_time:317.872s step_avg:666.40ms
step:478/3325 train_time:318.534s step_avg:666.39ms
step:479/3325 train_time:319.198s step_avg:666.38ms
step:480/3325 train_time:319.859s step_avg:666.37ms
step:481/3325 train_time:320.523s step_avg:666.37ms
step:482/3325 train_time:321.186s step_avg:666.36ms
step:483/3325 train_time:321.844s step_avg:666.34ms
step:484/3325 train_time:322.512s step_avg:666.35ms
step:485/3325 train_time:323.174s step_avg:666.34ms
step:486/3325 train_time:323.836s step_avg:666.33ms
step:487/3325 train_time:324.499s step_avg:666.32ms
step:488/3325 train_time:325.162s step_avg:666.32ms
step:489/3325 train_time:325.826s step_avg:666.31ms
step:490/3325 train_time:326.489s step_avg:666.30ms
step:491/3325 train_time:327.151s step_avg:666.30ms
step:492/3325 train_time:327.814s step_avg:666.29ms
step:493/3325 train_time:328.475s step_avg:666.28ms
step:494/3325 train_time:329.136s step_avg:666.27ms
step:495/3325 train_time:329.799s step_avg:666.26ms
step:496/3325 train_time:330.460s step_avg:666.25ms
step:497/3325 train_time:331.125s step_avg:666.25ms
step:498/3325 train_time:331.789s step_avg:666.24ms
step:499/3325 train_time:332.451s step_avg:666.23ms
step:500/3325 train_time:333.114s step_avg:666.23ms
step:500/3325 val_loss:3.88015 train_time:333.124s step_avg:662.55ms
step:501/3325 train_time:333.785s step_avg:666.24ms
step:502/3325 train_time:334.444s step_avg:666.22ms
step:503/3325 train_time:335.113s step_avg:666.23ms
step:504/3325 train_time:335.773s step_avg:666.22ms
step:505/3325 train_time:336.434s step_avg:666.21ms
step:506/3325 train_time:337.098s step_avg:666.20ms
step:507/3325 train_time:337.759s step_avg:666.19ms
step:508/3325 train_time:338.419s step_avg:666.18ms
step:509/3325 train_time:339.082s step_avg:666.17ms
step:510/3325 train_time:339.743s step_avg:666.16ms
step:511/3325 train_time:340.409s step_avg:666.16ms
step:512/3325 train_time:341.071s step_avg:666.15ms
step:513/3325 train_time:341.730s step_avg:666.14ms
step:514/3325 train_time:342.394s step_avg:666.14ms
step:515/3325 train_time:343.056s step_avg:666.13ms
step:516/3325 train_time:343.718s step_avg:666.12ms
step:517/3325 train_time:344.382s step_avg:666.12ms
step:518/3325 train_time:345.042s step_avg:666.10ms
step:519/3325 train_time:345.705s step_avg:666.10ms
step:520/3325 train_time:346.369s step_avg:666.09ms
step:521/3325 train_time:347.027s step_avg:666.08ms
step:522/3325 train_time:347.696s step_avg:666.08ms
step:523/3325 train_time:348.358s step_avg:666.08ms
step:524/3325 train_time:349.019s step_avg:666.07ms
step:525/3325 train_time:349.681s step_avg:666.06ms
step:526/3325 train_time:350.343s step_avg:666.05ms
step:527/3325 train_time:351.006s step_avg:666.04ms
step:528/3325 train_time:351.669s step_avg:666.04ms
step:529/3325 train_time:352.328s step_avg:666.03ms
step:530/3325 train_time:352.995s step_avg:666.03ms
step:531/3325 train_time:353.656s step_avg:666.02ms
step:532/3325 train_time:354.319s step_avg:666.01ms
step:533/3325 train_time:354.981s step_avg:666.01ms
step:534/3325 train_time:355.641s step_avg:665.99ms
step:535/3325 train_time:356.305s step_avg:665.99ms
step:536/3325 train_time:356.968s step_avg:665.99ms
step:537/3325 train_time:357.628s step_avg:665.97ms
step:538/3325 train_time:358.294s step_avg:665.97ms
step:539/3325 train_time:358.953s step_avg:665.96ms
step:540/3325 train_time:359.613s step_avg:665.95ms
step:541/3325 train_time:360.276s step_avg:665.94ms
step:542/3325 train_time:360.936s step_avg:665.93ms
step:543/3325 train_time:361.598s step_avg:665.93ms
step:544/3325 train_time:362.260s step_avg:665.92ms
step:545/3325 train_time:362.919s step_avg:665.91ms
step:546/3325 train_time:363.581s step_avg:665.90ms
step:547/3325 train_time:364.241s step_avg:665.89ms
step:548/3325 train_time:364.906s step_avg:665.89ms
step:549/3325 train_time:365.571s step_avg:665.88ms
step:550/3325 train_time:366.230s step_avg:665.87ms
step:551/3325 train_time:366.894s step_avg:665.87ms
step:552/3325 train_time:367.555s step_avg:665.86ms
step:553/3325 train_time:368.217s step_avg:665.85ms
step:554/3325 train_time:368.881s step_avg:665.85ms
step:555/3325 train_time:369.542s step_avg:665.84ms
step:556/3325 train_time:370.204s step_avg:665.83ms
step:557/3325 train_time:370.865s step_avg:665.83ms
step:558/3325 train_time:371.528s step_avg:665.82ms
step:559/3325 train_time:372.194s step_avg:665.82ms
step:560/3325 train_time:372.853s step_avg:665.81ms
step:561/3325 train_time:373.517s step_avg:665.81ms
step:562/3325 train_time:374.180s step_avg:665.80ms
step:563/3325 train_time:374.842s step_avg:665.79ms
step:564/3325 train_time:375.505s step_avg:665.79ms
step:565/3325 train_time:376.169s step_avg:665.79ms
step:566/3325 train_time:376.829s step_avg:665.78ms
step:567/3325 train_time:377.496s step_avg:665.78ms
step:568/3325 train_time:378.158s step_avg:665.77ms
step:569/3325 train_time:378.820s step_avg:665.76ms
step:570/3325 train_time:379.481s step_avg:665.76ms
step:571/3325 train_time:380.162s step_avg:665.78ms
step:572/3325 train_time:380.823s step_avg:665.77ms
step:573/3325 train_time:381.493s step_avg:665.78ms
step:574/3325 train_time:382.153s step_avg:665.77ms
step:575/3325 train_time:382.816s step_avg:665.77ms
step:576/3325 train_time:383.478s step_avg:665.76ms
step:577/3325 train_time:384.138s step_avg:665.75ms
step:578/3325 train_time:384.801s step_avg:665.75ms
step:579/3325 train_time:385.461s step_avg:665.74ms
step:580/3325 train_time:386.122s step_avg:665.73ms
step:581/3325 train_time:386.788s step_avg:665.73ms
step:582/3325 train_time:387.448s step_avg:665.72ms
step:583/3325 train_time:388.112s step_avg:665.72ms
step:584/3325 train_time:388.775s step_avg:665.71ms
step:585/3325 train_time:389.437s step_avg:665.70ms
step:586/3325 train_time:390.100s step_avg:665.70ms
step:587/3325 train_time:390.761s step_avg:665.69ms
step:588/3325 train_time:391.421s step_avg:665.68ms
step:589/3325 train_time:392.084s step_avg:665.68ms
step:590/3325 train_time:392.745s step_avg:665.67ms
step:591/3325 train_time:393.411s step_avg:665.67ms
step:592/3325 train_time:394.073s step_avg:665.66ms
step:593/3325 train_time:394.736s step_avg:665.66ms
step:594/3325 train_time:395.399s step_avg:665.65ms
step:595/3325 train_time:396.060s step_avg:665.65ms
step:596/3325 train_time:396.722s step_avg:665.64ms
step:597/3325 train_time:397.388s step_avg:665.64ms
step:598/3325 train_time:398.052s step_avg:665.64ms
step:599/3325 train_time:398.714s step_avg:665.63ms
step:600/3325 train_time:399.379s step_avg:665.63ms
step:601/3325 train_time:400.038s step_avg:665.62ms
step:602/3325 train_time:400.703s step_avg:665.62ms
step:603/3325 train_time:401.365s step_avg:665.61ms
step:604/3325 train_time:402.026s step_avg:665.61ms
step:605/3325 train_time:402.694s step_avg:665.61ms
step:606/3325 train_time:403.355s step_avg:665.60ms
step:607/3325 train_time:404.018s step_avg:665.60ms
step:608/3325 train_time:404.681s step_avg:665.59ms
step:609/3325 train_time:405.340s step_avg:665.58ms
step:610/3325 train_time:406.003s step_avg:665.58ms
step:611/3325 train_time:406.665s step_avg:665.57ms
step:612/3325 train_time:407.325s step_avg:665.56ms
step:613/3325 train_time:407.992s step_avg:665.57ms
step:614/3325 train_time:408.651s step_avg:665.55ms
step:615/3325 train_time:409.314s step_avg:665.55ms
step:616/3325 train_time:409.977s step_avg:665.55ms
step:617/3325 train_time:410.638s step_avg:665.54ms
step:618/3325 train_time:411.301s step_avg:665.54ms
step:619/3325 train_time:411.960s step_avg:665.53ms
step:620/3325 train_time:412.621s step_avg:665.52ms
step:621/3325 train_time:413.283s step_avg:665.51ms
step:622/3325 train_time:413.946s step_avg:665.51ms
step:623/3325 train_time:414.608s step_avg:665.50ms
step:624/3325 train_time:415.275s step_avg:665.50ms
step:625/3325 train_time:415.933s step_avg:665.49ms
step:625/3325 val_loss:3.81193 train_time:415.944s step_avg:662.56ms
step:626/3325 train_time:416.607s step_avg:665.51ms
step:627/3325 train_time:417.265s step_avg:665.49ms
step:628/3325 train_time:417.930s step_avg:665.49ms
step:629/3325 train_time:418.590s step_avg:665.48ms
step:630/3325 train_time:419.254s step_avg:665.48ms
step:631/3325 train_time:419.914s step_avg:665.47ms
step:632/3325 train_time:420.581s step_avg:665.48ms
step:633/3325 train_time:421.242s step_avg:665.47ms
step:634/3325 train_time:421.905s step_avg:665.47ms
step:635/3325 train_time:422.569s step_avg:665.46ms
step:636/3325 train_time:423.228s step_avg:665.45ms
step:637/3325 train_time:423.891s step_avg:665.45ms
step:638/3325 train_time:424.552s step_avg:665.44ms
step:639/3325 train_time:425.212s step_avg:665.43ms
step:640/3325 train_time:425.877s step_avg:665.43ms
step:641/3325 train_time:426.539s step_avg:665.43ms
step:642/3325 train_time:427.201s step_avg:665.42ms
step:643/3325 train_time:427.862s step_avg:665.42ms
step:644/3325 train_time:428.524s step_avg:665.41ms
step:645/3325 train_time:429.187s step_avg:665.41ms
step:646/3325 train_time:429.849s step_avg:665.40ms
step:647/3325 train_time:430.508s step_avg:665.39ms
step:648/3325 train_time:431.172s step_avg:665.39ms
step:649/3325 train_time:431.834s step_avg:665.38ms
step:650/3325 train_time:432.501s step_avg:665.39ms
step:651/3325 train_time:433.160s step_avg:665.38ms
step:652/3325 train_time:433.822s step_avg:665.37ms
step:653/3325 train_time:434.482s step_avg:665.36ms
step:654/3325 train_time:435.143s step_avg:665.36ms
step:655/3325 train_time:435.804s step_avg:665.35ms
step:656/3325 train_time:436.467s step_avg:665.35ms
step:657/3325 train_time:437.129s step_avg:665.34ms
step:658/3325 train_time:437.790s step_avg:665.33ms
step:659/3325 train_time:438.450s step_avg:665.33ms
step:660/3325 train_time:439.110s step_avg:665.32ms
step:661/3325 train_time:439.776s step_avg:665.32ms
step:662/3325 train_time:440.439s step_avg:665.32ms
step:663/3325 train_time:441.101s step_avg:665.31ms
step:664/3325 train_time:441.764s step_avg:665.31ms
step:665/3325 train_time:442.425s step_avg:665.30ms
step:666/3325 train_time:443.088s step_avg:665.30ms
step:667/3325 train_time:443.749s step_avg:665.29ms
step:668/3325 train_time:444.409s step_avg:665.28ms
step:669/3325 train_time:445.071s step_avg:665.28ms
step:670/3325 train_time:445.732s step_avg:665.27ms
step:671/3325 train_time:446.393s step_avg:665.26ms
step:672/3325 train_time:447.054s step_avg:665.26ms
step:673/3325 train_time:447.716s step_avg:665.25ms
step:674/3325 train_time:448.381s step_avg:665.25ms
step:675/3325 train_time:449.041s step_avg:665.25ms
step:676/3325 train_time:449.703s step_avg:665.24ms
step:677/3325 train_time:450.366s step_avg:665.24ms
step:678/3325 train_time:451.025s step_avg:665.23ms
step:679/3325 train_time:451.687s step_avg:665.22ms
step:680/3325 train_time:452.349s step_avg:665.22ms
step:681/3325 train_time:453.008s step_avg:665.21ms
step:682/3325 train_time:453.670s step_avg:665.20ms
step:683/3325 train_time:454.330s step_avg:665.20ms
step:684/3325 train_time:454.991s step_avg:665.19ms
step:685/3325 train_time:455.650s step_avg:665.18ms
step:686/3325 train_time:456.310s step_avg:665.18ms
step:687/3325 train_time:456.974s step_avg:665.17ms
step:688/3325 train_time:457.635s step_avg:665.17ms
step:689/3325 train_time:458.299s step_avg:665.17ms
step:690/3325 train_time:458.962s step_avg:665.16ms
step:691/3325 train_time:459.623s step_avg:665.16ms
step:692/3325 train_time:460.286s step_avg:665.15ms
step:693/3325 train_time:460.948s step_avg:665.15ms
step:694/3325 train_time:461.608s step_avg:665.14ms
step:695/3325 train_time:462.272s step_avg:665.14ms
step:696/3325 train_time:462.934s step_avg:665.13ms
step:697/3325 train_time:463.597s step_avg:665.13ms
step:698/3325 train_time:464.260s step_avg:665.13ms
step:699/3325 train_time:464.921s step_avg:665.12ms
step:700/3325 train_time:465.584s step_avg:665.12ms
step:701/3325 train_time:466.245s step_avg:665.11ms
step:702/3325 train_time:466.906s step_avg:665.11ms
step:703/3325 train_time:467.569s step_avg:665.11ms
step:704/3325 train_time:468.227s step_avg:665.10ms
step:705/3325 train_time:468.892s step_avg:665.09ms
step:706/3325 train_time:469.551s step_avg:665.09ms
step:707/3325 train_time:470.211s step_avg:665.08ms
step:708/3325 train_time:470.874s step_avg:665.08ms
step:709/3325 train_time:471.537s step_avg:665.07ms
step:710/3325 train_time:472.198s step_avg:665.07ms
step:711/3325 train_time:472.862s step_avg:665.07ms
step:712/3325 train_time:473.521s step_avg:665.06ms
step:713/3325 train_time:474.188s step_avg:665.06ms
step:714/3325 train_time:474.848s step_avg:665.05ms
step:715/3325 train_time:475.511s step_avg:665.05ms
step:716/3325 train_time:476.177s step_avg:665.05ms
step:717/3325 train_time:476.840s step_avg:665.05ms
step:718/3325 train_time:477.501s step_avg:665.04ms
step:719/3325 train_time:478.166s step_avg:665.04ms
step:720/3325 train_time:478.826s step_avg:665.04ms
step:721/3325 train_time:479.487s step_avg:665.03ms
step:722/3325 train_time:480.149s step_avg:665.03ms
step:723/3325 train_time:480.808s step_avg:665.02ms
step:724/3325 train_time:481.471s step_avg:665.01ms
step:725/3325 train_time:482.130s step_avg:665.01ms
step:726/3325 train_time:482.792s step_avg:665.00ms
step:727/3325 train_time:483.453s step_avg:665.00ms
step:728/3325 train_time:484.113s step_avg:664.99ms
step:729/3325 train_time:484.778s step_avg:664.99ms
step:730/3325 train_time:485.439s step_avg:664.99ms
step:731/3325 train_time:486.101s step_avg:664.98ms
step:732/3325 train_time:486.764s step_avg:664.98ms
step:733/3325 train_time:487.424s step_avg:664.97ms
step:734/3325 train_time:488.088s step_avg:664.97ms
step:735/3325 train_time:488.749s step_avg:664.97ms
step:736/3325 train_time:489.408s step_avg:664.96ms
step:737/3325 train_time:490.071s step_avg:664.95ms
step:738/3325 train_time:490.731s step_avg:664.95ms
step:739/3325 train_time:491.394s step_avg:664.94ms
step:740/3325 train_time:492.058s step_avg:664.94ms
step:741/3325 train_time:492.716s step_avg:664.93ms
step:742/3325 train_time:493.384s step_avg:664.94ms
step:743/3325 train_time:494.043s step_avg:664.93ms
step:744/3325 train_time:494.707s step_avg:664.93ms
step:745/3325 train_time:495.370s step_avg:664.93ms
step:746/3325 train_time:496.032s step_avg:664.92ms
step:747/3325 train_time:496.693s step_avg:664.92ms
step:748/3325 train_time:497.354s step_avg:664.91ms
step:749/3325 train_time:498.014s step_avg:664.91ms
step:750/3325 train_time:498.681s step_avg:664.91ms
step:750/3325 val_loss:3.77234 train_time:498.692s step_avg:661.98ms
step:751/3325 train_time:499.359s step_avg:664.93ms
step:752/3325 train_time:500.018s step_avg:664.92ms
step:753/3325 train_time:500.681s step_avg:664.91ms
step:754/3325 train_time:501.342s step_avg:664.91ms
step:755/3325 train_time:502.003s step_avg:664.90ms
step:756/3325 train_time:502.664s step_avg:664.90ms
step:757/3325 train_time:503.324s step_avg:664.89ms
step:758/3325 train_time:503.984s step_avg:664.89ms
step:759/3325 train_time:504.647s step_avg:664.88ms
step:760/3325 train_time:505.308s step_avg:664.88ms
step:761/3325 train_time:505.988s step_avg:664.90ms
step:762/3325 train_time:506.652s step_avg:664.90ms
step:763/3325 train_time:507.310s step_avg:664.89ms
step:764/3325 train_time:507.980s step_avg:664.89ms
step:765/3325 train_time:508.640s step_avg:664.89ms
step:766/3325 train_time:509.300s step_avg:664.88ms
step:767/3325 train_time:509.963s step_avg:664.88ms
step:768/3325 train_time:510.623s step_avg:664.87ms
step:769/3325 train_time:511.285s step_avg:664.87ms
step:770/3325 train_time:511.946s step_avg:664.86ms
step:771/3325 train_time:512.608s step_avg:664.86ms
step:772/3325 train_time:513.275s step_avg:664.86ms
step:773/3325 train_time:513.936s step_avg:664.86ms
step:774/3325 train_time:514.599s step_avg:664.86ms
step:775/3325 train_time:515.261s step_avg:664.85ms
step:776/3325 train_time:515.920s step_avg:664.85ms
step:777/3325 train_time:516.581s step_avg:664.84ms
step:778/3325 train_time:517.242s step_avg:664.84ms
step:779/3325 train_time:517.901s step_avg:664.83ms
step:780/3325 train_time:518.564s step_avg:664.83ms
step:781/3325 train_time:519.225s step_avg:664.82ms
step:782/3325 train_time:519.887s step_avg:664.82ms
step:783/3325 train_time:520.550s step_avg:664.82ms
step:784/3325 train_time:521.213s step_avg:664.81ms
step:785/3325 train_time:521.877s step_avg:664.81ms
step:786/3325 train_time:522.539s step_avg:664.81ms
step:787/3325 train_time:523.199s step_avg:664.80ms
step:788/3325 train_time:523.863s step_avg:664.80ms
step:789/3325 train_time:524.523s step_avg:664.79ms
step:790/3325 train_time:525.185s step_avg:664.79ms
step:791/3325 train_time:525.848s step_avg:664.79ms
step:792/3325 train_time:526.507s step_avg:664.78ms
step:793/3325 train_time:527.176s step_avg:664.79ms
step:794/3325 train_time:527.836s step_avg:664.78ms
step:795/3325 train_time:528.498s step_avg:664.78ms
step:796/3325 train_time:529.161s step_avg:664.78ms
step:797/3325 train_time:529.821s step_avg:664.77ms
step:798/3325 train_time:530.484s step_avg:664.77ms
step:799/3325 train_time:531.144s step_avg:664.76ms
step:800/3325 train_time:531.805s step_avg:664.76ms
step:801/3325 train_time:532.469s step_avg:664.75ms
step:802/3325 train_time:533.132s step_avg:664.75ms
step:803/3325 train_time:533.793s step_avg:664.75ms
step:804/3325 train_time:534.456s step_avg:664.75ms
step:805/3325 train_time:535.115s step_avg:664.74ms
step:806/3325 train_time:535.779s step_avg:664.74ms
step:807/3325 train_time:536.439s step_avg:664.73ms
step:808/3325 train_time:537.100s step_avg:664.73ms
step:809/3325 train_time:537.764s step_avg:664.73ms
step:810/3325 train_time:538.425s step_avg:664.72ms
step:811/3325 train_time:539.087s step_avg:664.72ms
step:812/3325 train_time:539.749s step_avg:664.72ms
step:813/3325 train_time:540.409s step_avg:664.71ms
step:814/3325 train_time:541.075s step_avg:664.71ms
step:815/3325 train_time:541.737s step_avg:664.71ms
step:816/3325 train_time:542.399s step_avg:664.70ms
step:817/3325 train_time:543.061s step_avg:664.70ms
step:818/3325 train_time:543.723s step_avg:664.70ms
step:819/3325 train_time:544.383s step_avg:664.69ms
step:820/3325 train_time:545.045s step_avg:664.69ms
step:821/3325 train_time:545.707s step_avg:664.69ms
step:822/3325 train_time:546.373s step_avg:664.69ms
step:823/3325 train_time:547.032s step_avg:664.68ms
step:824/3325 train_time:547.696s step_avg:664.68ms
step:825/3325 train_time:548.359s step_avg:664.68ms
step:826/3325 train_time:549.020s step_avg:664.67ms
step:827/3325 train_time:549.682s step_avg:664.67ms
step:828/3325 train_time:550.342s step_avg:664.66ms
step:829/3325 train_time:551.004s step_avg:664.66ms
step:830/3325 train_time:551.665s step_avg:664.66ms
step:831/3325 train_time:552.326s step_avg:664.65ms
step:832/3325 train_time:552.989s step_avg:664.65ms
step:833/3325 train_time:553.653s step_avg:664.65ms
step:834/3325 train_time:554.312s step_avg:664.64ms
step:835/3325 train_time:554.977s step_avg:664.64ms
step:836/3325 train_time:555.636s step_avg:664.64ms
step:837/3325 train_time:556.298s step_avg:664.63ms
step:838/3325 train_time:556.961s step_avg:664.63ms
step:839/3325 train_time:557.621s step_avg:664.63ms
step:840/3325 train_time:558.285s step_avg:664.62ms
step:841/3325 train_time:558.947s step_avg:664.62ms
step:842/3325 train_time:559.608s step_avg:664.62ms
step:843/3325 train_time:560.274s step_avg:664.62ms
step:844/3325 train_time:560.932s step_avg:664.61ms
step:845/3325 train_time:561.597s step_avg:664.61ms
step:846/3325 train_time:562.258s step_avg:664.61ms
step:847/3325 train_time:562.918s step_avg:664.60ms
step:848/3325 train_time:563.580s step_avg:664.60ms
step:849/3325 train_time:564.240s step_avg:664.59ms
step:850/3325 train_time:564.900s step_avg:664.59ms
step:851/3325 train_time:565.563s step_avg:664.59ms
step:852/3325 train_time:566.222s step_avg:664.58ms
step:853/3325 train_time:566.887s step_avg:664.58ms
step:854/3325 train_time:567.548s step_avg:664.58ms
step:855/3325 train_time:568.209s step_avg:664.57ms
step:856/3325 train_time:568.873s step_avg:664.57ms
step:857/3325 train_time:569.535s step_avg:664.57ms
step:858/3325 train_time:570.196s step_avg:664.56ms
step:859/3325 train_time:570.859s step_avg:664.56ms
step:860/3325 train_time:571.519s step_avg:664.56ms
step:861/3325 train_time:572.180s step_avg:664.55ms
step:862/3325 train_time:572.842s step_avg:664.55ms
step:863/3325 train_time:573.502s step_avg:664.54ms
step:864/3325 train_time:574.165s step_avg:664.54ms
step:865/3325 train_time:574.827s step_avg:664.54ms
step:866/3325 train_time:575.492s step_avg:664.54ms
step:867/3325 train_time:576.153s step_avg:664.54ms
step:868/3325 train_time:576.813s step_avg:664.53ms
step:869/3325 train_time:577.476s step_avg:664.53ms
step:870/3325 train_time:578.137s step_avg:664.53ms
step:871/3325 train_time:578.800s step_avg:664.52ms
step:872/3325 train_time:579.462s step_avg:664.52ms
step:873/3325 train_time:580.124s step_avg:664.52ms
step:874/3325 train_time:580.785s step_avg:664.51ms
step:875/3325 train_time:581.447s step_avg:664.51ms
step:875/3325 val_loss:3.72474 train_time:581.458s step_avg:662.13ms
step:876/3325 train_time:582.126s step_avg:664.53ms
step:877/3325 train_time:582.783s step_avg:664.52ms
step:878/3325 train_time:583.447s step_avg:664.52ms
step:879/3325 train_time:584.106s step_avg:664.51ms
step:880/3325 train_time:584.768s step_avg:664.51ms
step:881/3325 train_time:585.429s step_avg:664.51ms
step:882/3325 train_time:586.088s step_avg:664.50ms
step:883/3325 train_time:586.750s step_avg:664.50ms
step:884/3325 train_time:587.411s step_avg:664.49ms
step:885/3325 train_time:588.072s step_avg:664.49ms
step:886/3325 train_time:588.732s step_avg:664.48ms
step:887/3325 train_time:589.392s step_avg:664.48ms
step:888/3325 train_time:590.055s step_avg:664.48ms
step:889/3325 train_time:590.715s step_avg:664.47ms
step:890/3325 train_time:591.379s step_avg:664.47ms
step:891/3325 train_time:592.039s step_avg:664.47ms
step:892/3325 train_time:592.701s step_avg:664.46ms
step:893/3325 train_time:593.364s step_avg:664.46ms
step:894/3325 train_time:594.025s step_avg:664.46ms
step:895/3325 train_time:594.687s step_avg:664.45ms
step:896/3325 train_time:595.350s step_avg:664.45ms
step:897/3325 train_time:596.011s step_avg:664.45ms
step:898/3325 train_time:596.671s step_avg:664.44ms
step:899/3325 train_time:597.332s step_avg:664.44ms
step:900/3325 train_time:597.992s step_avg:664.44ms
step:901/3325 train_time:598.655s step_avg:664.43ms
step:902/3325 train_time:599.315s step_avg:664.43ms
step:903/3325 train_time:599.980s step_avg:664.43ms
step:904/3325 train_time:600.640s step_avg:664.42ms
step:905/3325 train_time:601.300s step_avg:664.42ms
step:906/3325 train_time:601.964s step_avg:664.42ms
step:907/3325 train_time:602.623s step_avg:664.41ms
step:908/3325 train_time:603.285s step_avg:664.41ms
step:909/3325 train_time:603.947s step_avg:664.41ms
step:910/3325 train_time:604.609s step_avg:664.41ms
step:911/3325 train_time:605.272s step_avg:664.40ms
step:912/3325 train_time:605.931s step_avg:664.40ms
step:913/3325 train_time:606.591s step_avg:664.39ms
step:914/3325 train_time:607.257s step_avg:664.39ms
step:915/3325 train_time:607.916s step_avg:664.39ms
step:916/3325 train_time:608.582s step_avg:664.39ms
step:917/3325 train_time:609.239s step_avg:664.38ms
step:918/3325 train_time:609.902s step_avg:664.38ms
step:919/3325 train_time:610.563s step_avg:664.38ms
step:920/3325 train_time:611.224s step_avg:664.37ms
step:921/3325 train_time:611.884s step_avg:664.37ms
step:922/3325 train_time:612.546s step_avg:664.37ms
step:923/3325 train_time:613.205s step_avg:664.36ms
step:924/3325 train_time:613.868s step_avg:664.36ms
step:925/3325 train_time:614.530s step_avg:664.36ms
step:926/3325 train_time:615.190s step_avg:664.35ms
step:927/3325 train_time:615.852s step_avg:664.35ms
step:928/3325 train_time:616.514s step_avg:664.35ms
step:929/3325 train_time:617.176s step_avg:664.34ms
step:930/3325 train_time:617.836s step_avg:664.34ms
step:931/3325 train_time:618.499s step_avg:664.34ms
step:932/3325 train_time:619.163s step_avg:664.34ms
step:933/3325 train_time:619.823s step_avg:664.33ms
step:934/3325 train_time:620.486s step_avg:664.33ms
step:935/3325 train_time:621.147s step_avg:664.33ms
step:936/3325 train_time:621.808s step_avg:664.32ms
step:937/3325 train_time:622.469s step_avg:664.32ms
step:938/3325 train_time:623.130s step_avg:664.32ms
step:939/3325 train_time:623.790s step_avg:664.31ms
step:940/3325 train_time:624.451s step_avg:664.31ms
step:941/3325 train_time:625.113s step_avg:664.31ms
step:942/3325 train_time:625.773s step_avg:664.30ms
step:943/3325 train_time:626.433s step_avg:664.30ms
step:944/3325 train_time:627.092s step_avg:664.29ms
step:945/3325 train_time:627.757s step_avg:664.29ms
step:946/3325 train_time:628.419s step_avg:664.29ms
step:947/3325 train_time:629.081s step_avg:664.29ms
step:948/3325 train_time:629.743s step_avg:664.29ms
step:949/3325 train_time:630.400s step_avg:664.28ms
step:950/3325 train_time:631.065s step_avg:664.28ms
step:951/3325 train_time:631.747s step_avg:664.30ms
step:952/3325 train_time:632.408s step_avg:664.29ms
step:953/3325 train_time:633.069s step_avg:664.29ms
step:954/3325 train_time:633.730s step_avg:664.29ms
step:955/3325 train_time:634.388s step_avg:664.28ms
step:956/3325 train_time:635.050s step_avg:664.28ms
step:957/3325 train_time:635.711s step_avg:664.27ms
step:958/3325 train_time:636.373s step_avg:664.27ms
step:959/3325 train_time:637.032s step_avg:664.27ms
step:960/3325 train_time:637.692s step_avg:664.26ms
step:961/3325 train_time:638.354s step_avg:664.26ms
step:962/3325 train_time:639.014s step_avg:664.26ms
step:963/3325 train_time:639.676s step_avg:664.25ms
step:964/3325 train_time:640.338s step_avg:664.25ms
step:965/3325 train_time:640.996s step_avg:664.24ms
step:966/3325 train_time:641.664s step_avg:664.25ms
step:967/3325 train_time:642.324s step_avg:664.24ms
step:968/3325 train_time:642.988s step_avg:664.24ms
step:969/3325 train_time:643.650s step_avg:664.24ms
step:970/3325 train_time:644.312s step_avg:664.24ms
step:971/3325 train_time:644.973s step_avg:664.24ms
step:972/3325 train_time:645.633s step_avg:664.23ms
step:973/3325 train_time:646.294s step_avg:664.23ms
step:974/3325 train_time:646.957s step_avg:664.23ms
step:975/3325 train_time:647.618s step_avg:664.22ms
step:976/3325 train_time:648.281s step_avg:664.22ms
step:977/3325 train_time:648.941s step_avg:664.22ms
step:978/3325 train_time:649.601s step_avg:664.21ms
step:979/3325 train_time:650.266s step_avg:664.21ms
step:980/3325 train_time:650.926s step_avg:664.21ms
step:981/3325 train_time:651.588s step_avg:664.21ms
step:982/3325 train_time:652.250s step_avg:664.21ms
step:983/3325 train_time:652.909s step_avg:664.20ms
step:984/3325 train_time:653.571s step_avg:664.20ms
step:985/3325 train_time:654.231s step_avg:664.19ms
step:986/3325 train_time:654.891s step_avg:664.19ms
step:987/3325 train_time:655.555s step_avg:664.19ms
step:988/3325 train_time:656.217s step_avg:664.19ms
step:989/3325 train_time:656.881s step_avg:664.19ms
step:990/3325 train_time:657.542s step_avg:664.18ms
step:991/3325 train_time:658.203s step_avg:664.18ms
step:992/3325 train_time:658.868s step_avg:664.18ms
step:993/3325 train_time:659.530s step_avg:664.18ms
step:994/3325 train_time:660.190s step_avg:664.17ms
step:995/3325 train_time:660.852s step_avg:664.17ms
step:996/3325 train_time:661.511s step_avg:664.17ms
step:997/3325 train_time:662.173s step_avg:664.17ms
step:998/3325 train_time:662.833s step_avg:664.16ms
step:999/3325 train_time:663.492s step_avg:664.16ms
step:1000/3325 train_time:664.158s step_avg:664.16ms
step:1000/3325 val_loss:3.69135 train_time:664.168s step_avg:661.68ms
step:1001/3325 train_time:664.837s step_avg:664.17ms
step:1002/3325 train_time:665.494s step_avg:664.17ms
step:1003/3325 train_time:666.158s step_avg:664.17ms
step:1004/3325 train_time:666.816s step_avg:664.16ms
step:1005/3325 train_time:667.477s step_avg:664.16ms
step:1006/3325 train_time:668.139s step_avg:664.15ms
step:1007/3325 train_time:668.798s step_avg:664.15ms
step:1008/3325 train_time:669.460s step_avg:664.15ms
step:1009/3325 train_time:670.120s step_avg:664.14ms
step:1010/3325 train_time:670.780s step_avg:664.14ms
step:1011/3325 train_time:671.442s step_avg:664.14ms
step:1012/3325 train_time:672.103s step_avg:664.13ms
step:1013/3325 train_time:672.768s step_avg:664.13ms
step:1014/3325 train_time:673.430s step_avg:664.13ms
step:1015/3325 train_time:674.089s step_avg:664.13ms
step:1016/3325 train_time:674.754s step_avg:664.13ms
step:1017/3325 train_time:675.414s step_avg:664.12ms
step:1018/3325 train_time:676.076s step_avg:664.12ms
step:1019/3325 train_time:676.737s step_avg:664.12ms
step:1020/3325 train_time:677.397s step_avg:664.11ms
step:1021/3325 train_time:678.059s step_avg:664.11ms
step:1022/3325 train_time:678.719s step_avg:664.11ms
step:1023/3325 train_time:679.378s step_avg:664.10ms
step:1024/3325 train_time:680.040s step_avg:664.10ms
step:1025/3325 train_time:680.700s step_avg:664.10ms
step:1026/3325 train_time:681.361s step_avg:664.09ms
step:1027/3325 train_time:682.021s step_avg:664.09ms
step:1028/3325 train_time:682.681s step_avg:664.09ms
step:1029/3325 train_time:683.342s step_avg:664.08ms
step:1030/3325 train_time:684.003s step_avg:664.08ms
step:1031/3325 train_time:684.670s step_avg:664.08ms
step:1032/3325 train_time:685.331s step_avg:664.08ms
step:1033/3325 train_time:685.993s step_avg:664.08ms
step:1034/3325 train_time:686.655s step_avg:664.08ms
step:1035/3325 train_time:687.316s step_avg:664.07ms
step:1036/3325 train_time:687.977s step_avg:664.07ms
step:1037/3325 train_time:688.639s step_avg:664.07ms
step:1038/3325 train_time:689.297s step_avg:664.06ms
step:1039/3325 train_time:689.960s step_avg:664.06ms
step:1040/3325 train_time:690.618s step_avg:664.06ms
step:1041/3325 train_time:691.281s step_avg:664.05ms
step:1042/3325 train_time:691.943s step_avg:664.05ms
step:1043/3325 train_time:692.603s step_avg:664.05ms
step:1044/3325 train_time:693.267s step_avg:664.05ms
step:1045/3325 train_time:693.930s step_avg:664.05ms
step:1046/3325 train_time:694.588s step_avg:664.04ms
step:1047/3325 train_time:695.252s step_avg:664.04ms
step:1048/3325 train_time:695.910s step_avg:664.04ms
step:1049/3325 train_time:696.570s step_avg:664.03ms
step:1050/3325 train_time:697.233s step_avg:664.03ms
step:1051/3325 train_time:697.894s step_avg:664.03ms
step:1052/3325 train_time:698.558s step_avg:664.03ms
step:1053/3325 train_time:699.219s step_avg:664.03ms
step:1054/3325 train_time:699.878s step_avg:664.02ms
step:1055/3325 train_time:700.540s step_avg:664.02ms
step:1056/3325 train_time:701.199s step_avg:664.01ms
step:1057/3325 train_time:701.862s step_avg:664.01ms
step:1058/3325 train_time:702.522s step_avg:664.01ms
step:1059/3325 train_time:703.181s step_avg:664.00ms
step:1060/3325 train_time:703.844s step_avg:664.00ms
step:1061/3325 train_time:704.508s step_avg:664.00ms
step:1062/3325 train_time:705.170s step_avg:664.00ms
step:1063/3325 train_time:705.830s step_avg:664.00ms
step:1064/3325 train_time:706.489s step_avg:663.99ms
step:1065/3325 train_time:707.153s step_avg:663.99ms
step:1066/3325 train_time:707.812s step_avg:663.99ms
step:1067/3325 train_time:708.469s step_avg:663.98ms
step:1068/3325 train_time:709.134s step_avg:663.98ms
step:1069/3325 train_time:709.793s step_avg:663.98ms
step:1070/3325 train_time:710.456s step_avg:663.98ms
step:1071/3325 train_time:711.119s step_avg:663.98ms
step:1072/3325 train_time:711.778s step_avg:663.97ms
step:1073/3325 train_time:712.442s step_avg:663.97ms
step:1074/3325 train_time:713.101s step_avg:663.97ms
step:1075/3325 train_time:713.762s step_avg:663.96ms
step:1076/3325 train_time:714.422s step_avg:663.96ms
step:1077/3325 train_time:715.083s step_avg:663.96ms
step:1078/3325 train_time:715.747s step_avg:663.96ms
step:1079/3325 train_time:716.406s step_avg:663.95ms
step:1080/3325 train_time:717.071s step_avg:663.95ms
step:1081/3325 train_time:717.732s step_avg:663.95ms
step:1082/3325 train_time:718.390s step_avg:663.95ms
step:1083/3325 train_time:719.053s step_avg:663.95ms
step:1084/3325 train_time:719.713s step_avg:663.94ms
step:1085/3325 train_time:720.375s step_avg:663.94ms
step:1086/3325 train_time:721.037s step_avg:663.94ms
step:1087/3325 train_time:721.696s step_avg:663.93ms
step:1088/3325 train_time:722.358s step_avg:663.93ms
step:1089/3325 train_time:723.019s step_avg:663.93ms
step:1090/3325 train_time:723.679s step_avg:663.93ms
step:1091/3325 train_time:724.340s step_avg:663.92ms
step:1092/3325 train_time:725.001s step_avg:663.92ms
step:1093/3325 train_time:725.662s step_avg:663.92ms
step:1094/3325 train_time:726.320s step_avg:663.91ms
step:1095/3325 train_time:726.981s step_avg:663.91ms
step:1096/3325 train_time:727.642s step_avg:663.91ms
step:1097/3325 train_time:728.303s step_avg:663.90ms
step:1098/3325 train_time:728.965s step_avg:663.90ms
step:1099/3325 train_time:729.626s step_avg:663.90ms
step:1100/3325 train_time:730.288s step_avg:663.90ms
step:1101/3325 train_time:730.953s step_avg:663.90ms
step:1102/3325 train_time:731.612s step_avg:663.89ms
step:1103/3325 train_time:732.275s step_avg:663.89ms
step:1104/3325 train_time:732.937s step_avg:663.89ms
step:1105/3325 train_time:733.597s step_avg:663.89ms
step:1106/3325 train_time:734.259s step_avg:663.89ms
step:1107/3325 train_time:734.920s step_avg:663.88ms
step:1108/3325 train_time:735.580s step_avg:663.88ms
step:1109/3325 train_time:736.242s step_avg:663.88ms
step:1110/3325 train_time:736.903s step_avg:663.88ms
step:1111/3325 train_time:737.567s step_avg:663.88ms
step:1112/3325 train_time:738.227s step_avg:663.87ms
step:1113/3325 train_time:738.884s step_avg:663.87ms
step:1114/3325 train_time:739.553s step_avg:663.87ms
step:1115/3325 train_time:740.213s step_avg:663.87ms
step:1116/3325 train_time:740.875s step_avg:663.87ms
step:1117/3325 train_time:741.537s step_avg:663.86ms
step:1118/3325 train_time:742.197s step_avg:663.86ms
step:1119/3325 train_time:742.859s step_avg:663.86ms
step:1120/3325 train_time:743.519s step_avg:663.86ms
step:1121/3325 train_time:744.178s step_avg:663.85ms
step:1122/3325 train_time:744.840s step_avg:663.85ms
step:1123/3325 train_time:745.501s step_avg:663.85ms
step:1124/3325 train_time:746.162s step_avg:663.84ms
step:1125/3325 train_time:746.822s step_avg:663.84ms
step:1125/3325 val_loss:3.66355 train_time:746.832s step_avg:661.31ms
step:1126/3325 train_time:747.492s step_avg:663.85ms
step:1127/3325 train_time:748.150s step_avg:663.84ms
step:1128/3325 train_time:748.812s step_avg:663.84ms
step:1129/3325 train_time:749.472s step_avg:663.84ms
step:1130/3325 train_time:750.136s step_avg:663.84ms
step:1131/3325 train_time:750.793s step_avg:663.83ms
step:1132/3325 train_time:751.460s step_avg:663.83ms
step:1133/3325 train_time:752.119s step_avg:663.83ms
step:1134/3325 train_time:752.778s step_avg:663.83ms
step:1135/3325 train_time:753.439s step_avg:663.82ms
step:1136/3325 train_time:754.099s step_avg:663.82ms
step:1137/3325 train_time:754.758s step_avg:663.82ms
step:1138/3325 train_time:755.421s step_avg:663.81ms
step:1139/3325 train_time:756.081s step_avg:663.81ms
step:1140/3325 train_time:756.743s step_avg:663.81ms
step:1141/3325 train_time:757.424s step_avg:663.82ms
step:1142/3325 train_time:758.084s step_avg:663.82ms
step:1143/3325 train_time:758.745s step_avg:663.82ms
step:1144/3325 train_time:759.406s step_avg:663.82ms
step:1145/3325 train_time:760.065s step_avg:663.81ms
step:1146/3325 train_time:760.727s step_avg:663.81ms
step:1147/3325 train_time:761.388s step_avg:663.81ms
step:1148/3325 train_time:762.048s step_avg:663.81ms
step:1149/3325 train_time:762.708s step_avg:663.80ms
step:1150/3325 train_time:763.366s step_avg:663.80ms
step:1151/3325 train_time:764.029s step_avg:663.80ms
step:1152/3325 train_time:764.688s step_avg:663.79ms
step:1153/3325 train_time:765.349s step_avg:663.79ms
step:1154/3325 train_time:766.008s step_avg:663.79ms
step:1155/3325 train_time:766.669s step_avg:663.78ms
step:1156/3325 train_time:767.330s step_avg:663.78ms
step:1157/3325 train_time:767.991s step_avg:663.78ms
step:1158/3325 train_time:768.655s step_avg:663.78ms
step:1159/3325 train_time:769.316s step_avg:663.78ms
step:1160/3325 train_time:769.976s step_avg:663.77ms
step:1161/3325 train_time:770.639s step_avg:663.77ms
step:1162/3325 train_time:771.299s step_avg:663.77ms
step:1163/3325 train_time:771.959s step_avg:663.76ms
step:1164/3325 train_time:772.620s step_avg:663.76ms
step:1165/3325 train_time:773.280s step_avg:663.76ms
step:1166/3325 train_time:773.942s step_avg:663.76ms
step:1167/3325 train_time:774.603s step_avg:663.76ms
step:1168/3325 train_time:775.264s step_avg:663.75ms
step:1169/3325 train_time:775.929s step_avg:663.75ms
step:1170/3325 train_time:776.586s step_avg:663.75ms
step:1171/3325 train_time:777.250s step_avg:663.75ms
step:1172/3325 train_time:777.909s step_avg:663.74ms
step:1173/3325 train_time:778.568s step_avg:663.74ms
step:1174/3325 train_time:779.229s step_avg:663.74ms
step:1175/3325 train_time:779.889s step_avg:663.74ms
step:1176/3325 train_time:780.548s step_avg:663.73ms
step:1177/3325 train_time:781.209s step_avg:663.73ms
step:1178/3325 train_time:781.869s step_avg:663.73ms
step:1179/3325 train_time:782.532s step_avg:663.72ms
step:1180/3325 train_time:783.191s step_avg:663.72ms
step:1181/3325 train_time:783.856s step_avg:663.72ms
step:1182/3325 train_time:784.518s step_avg:663.72ms
step:1183/3325 train_time:785.176s step_avg:663.72ms
step:1184/3325 train_time:785.842s step_avg:663.72ms
step:1185/3325 train_time:786.502s step_avg:663.71ms
step:1186/3325 train_time:787.164s step_avg:663.71ms
step:1187/3325 train_time:787.826s step_avg:663.71ms
step:1188/3325 train_time:788.485s step_avg:663.71ms
step:1189/3325 train_time:789.147s step_avg:663.71ms
step:1190/3325 train_time:789.807s step_avg:663.70ms
step:1191/3325 train_time:790.467s step_avg:663.70ms
step:1192/3325 train_time:791.127s step_avg:663.70ms
step:1193/3325 train_time:791.787s step_avg:663.69ms
step:1194/3325 train_time:792.449s step_avg:663.69ms
step:1195/3325 train_time:793.110s step_avg:663.69ms
step:1196/3325 train_time:793.772s step_avg:663.69ms
step:1197/3325 train_time:794.434s step_avg:663.69ms
step:1198/3325 train_time:795.095s step_avg:663.69ms
step:1199/3325 train_time:795.756s step_avg:663.68ms
step:1200/3325 train_time:796.422s step_avg:663.68ms
step:1201/3325 train_time:797.080s step_avg:663.68ms
step:1202/3325 train_time:797.744s step_avg:663.68ms
step:1203/3325 train_time:798.406s step_avg:663.68ms
step:1204/3325 train_time:799.066s step_avg:663.68ms
step:1205/3325 train_time:799.730s step_avg:663.68ms
step:1206/3325 train_time:800.393s step_avg:663.68ms
step:1207/3325 train_time:801.058s step_avg:663.68ms
step:1208/3325 train_time:801.722s step_avg:663.68ms
step:1209/3325 train_time:802.385s step_avg:663.68ms
step:1210/3325 train_time:803.046s step_avg:663.67ms
step:1211/3325 train_time:803.708s step_avg:663.67ms
step:1212/3325 train_time:804.368s step_avg:663.67ms
step:1213/3325 train_time:805.031s step_avg:663.67ms
step:1214/3325 train_time:805.697s step_avg:663.67ms
step:1215/3325 train_time:806.356s step_avg:663.67ms
step:1216/3325 train_time:807.023s step_avg:663.67ms
step:1217/3325 train_time:807.682s step_avg:663.67ms
step:1218/3325 train_time:808.344s step_avg:663.67ms
step:1219/3325 train_time:809.007s step_avg:663.66ms
step:1220/3325 train_time:809.667s step_avg:663.66ms
step:1221/3325 train_time:810.330s step_avg:663.66ms
step:1222/3325 train_time:810.992s step_avg:663.66ms
step:1223/3325 train_time:811.657s step_avg:663.66ms
step:1224/3325 train_time:812.319s step_avg:663.66ms
step:1225/3325 train_time:812.978s step_avg:663.66ms
step:1226/3325 train_time:813.644s step_avg:663.66ms
step:1227/3325 train_time:814.305s step_avg:663.66ms
step:1228/3325 train_time:814.966s step_avg:663.65ms
step:1229/3325 train_time:815.630s step_avg:663.65ms
step:1230/3325 train_time:816.288s step_avg:663.65ms
step:1231/3325 train_time:816.952s step_avg:663.65ms
step:1232/3325 train_time:817.612s step_avg:663.65ms
step:1233/3325 train_time:818.270s step_avg:663.64ms
step:1234/3325 train_time:818.935s step_avg:663.64ms
step:1235/3325 train_time:819.597s step_avg:663.64ms
step:1236/3325 train_time:820.258s step_avg:663.64ms
step:1237/3325 train_time:820.920s step_avg:663.64ms
step:1238/3325 train_time:821.580s step_avg:663.63ms
step:1239/3325 train_time:822.241s step_avg:663.63ms
step:1240/3325 train_time:822.902s step_avg:663.63ms
step:1241/3325 train_time:823.564s step_avg:663.63ms
step:1242/3325 train_time:824.226s step_avg:663.63ms
step:1243/3325 train_time:824.887s step_avg:663.63ms
step:1244/3325 train_time:825.548s step_avg:663.62ms
step:1245/3325 train_time:826.209s step_avg:663.62ms
step:1246/3325 train_time:826.870s step_avg:663.62ms
step:1247/3325 train_time:827.533s step_avg:663.62ms
step:1248/3325 train_time:828.193s step_avg:663.62ms
step:1249/3325 train_time:828.858s step_avg:663.62ms
step:1250/3325 train_time:829.518s step_avg:663.61ms
step:1250/3325 val_loss:3.62838 train_time:829.529s step_avg:661.57ms
step:1251/3325 train_time:830.196s step_avg:663.63ms
step:1252/3325 train_time:830.855s step_avg:663.62ms
step:1253/3325 train_time:831.519s step_avg:663.62ms
step:1254/3325 train_time:832.177s step_avg:663.62ms
step:1255/3325 train_time:832.839s step_avg:663.62ms
step:1256/3325 train_time:833.500s step_avg:663.61ms
step:1257/3325 train_time:834.159s step_avg:663.61ms
step:1258/3325 train_time:834.820s step_avg:663.61ms
step:1259/3325 train_time:835.481s step_avg:663.61ms
step:1260/3325 train_time:836.143s step_avg:663.61ms
step:1261/3325 train_time:836.802s step_avg:663.60ms
step:1262/3325 train_time:837.463s step_avg:663.60ms
step:1263/3325 train_time:838.125s step_avg:663.60ms
step:1264/3325 train_time:838.785s step_avg:663.60ms
step:1265/3325 train_time:839.450s step_avg:663.60ms
step:1266/3325 train_time:840.111s step_avg:663.59ms
step:1267/3325 train_time:840.771s step_avg:663.59ms
step:1268/3325 train_time:841.434s step_avg:663.59ms
step:1269/3325 train_time:842.096s step_avg:663.59ms
step:1270/3325 train_time:842.757s step_avg:663.59ms
step:1271/3325 train_time:843.420s step_avg:663.59ms
step:1272/3325 train_time:844.079s step_avg:663.58ms
step:1273/3325 train_time:844.742s step_avg:663.58ms
step:1274/3325 train_time:845.403s step_avg:663.58ms
step:1275/3325 train_time:846.062s step_avg:663.58ms
step:1276/3325 train_time:846.725s step_avg:663.58ms
step:1277/3325 train_time:847.385s step_avg:663.57ms
step:1278/3325 train_time:848.050s step_avg:663.58ms
step:1279/3325 train_time:848.712s step_avg:663.57ms
step:1280/3325 train_time:849.371s step_avg:663.57ms
step:1281/3325 train_time:850.034s step_avg:663.57ms
step:1282/3325 train_time:850.693s step_avg:663.57ms
step:1283/3325 train_time:851.355s step_avg:663.57ms
step:1284/3325 train_time:852.017s step_avg:663.56ms
step:1285/3325 train_time:852.678s step_avg:663.56ms
step:1286/3325 train_time:853.338s step_avg:663.56ms
step:1287/3325 train_time:854.000s step_avg:663.56ms
step:1288/3325 train_time:854.659s step_avg:663.56ms
step:1289/3325 train_time:855.320s step_avg:663.55ms
step:1290/3325 train_time:855.981s step_avg:663.55ms
step:1291/3325 train_time:856.642s step_avg:663.55ms
step:1292/3325 train_time:857.302s step_avg:663.55ms
step:1293/3325 train_time:857.962s step_avg:663.54ms
step:1294/3325 train_time:858.624s step_avg:663.54ms
step:1295/3325 train_time:859.283s step_avg:663.54ms
step:1296/3325 train_time:859.943s step_avg:663.54ms
step:1297/3325 train_time:860.603s step_avg:663.53ms
step:1298/3325 train_time:861.264s step_avg:663.53ms
step:1299/3325 train_time:861.928s step_avg:663.53ms
step:1300/3325 train_time:862.589s step_avg:663.53ms
step:1301/3325 train_time:863.250s step_avg:663.53ms
step:1302/3325 train_time:863.911s step_avg:663.53ms
step:1303/3325 train_time:864.570s step_avg:663.52ms
step:1304/3325 train_time:865.234s step_avg:663.52ms
step:1305/3325 train_time:865.893s step_avg:663.52ms
step:1306/3325 train_time:866.553s step_avg:663.52ms
step:1307/3325 train_time:867.213s step_avg:663.51ms
step:1308/3325 train_time:867.872s step_avg:663.51ms
step:1309/3325 train_time:868.535s step_avg:663.51ms
step:1310/3325 train_time:869.196s step_avg:663.51ms
step:1311/3325 train_time:869.857s step_avg:663.51ms
step:1312/3325 train_time:870.517s step_avg:663.50ms
step:1313/3325 train_time:871.178s step_avg:663.50ms
step:1314/3325 train_time:871.839s step_avg:663.50ms
step:1315/3325 train_time:872.501s step_avg:663.50ms
step:1316/3325 train_time:873.159s step_avg:663.49ms
step:1317/3325 train_time:873.820s step_avg:663.49ms
step:1318/3325 train_time:874.479s step_avg:663.49ms
step:1319/3325 train_time:875.142s step_avg:663.49ms
step:1320/3325 train_time:875.801s step_avg:663.49ms
step:1321/3325 train_time:876.460s step_avg:663.48ms
step:1322/3325 train_time:877.122s step_avg:663.48ms
step:1323/3325 train_time:877.782s step_avg:663.48ms
step:1324/3325 train_time:878.442s step_avg:663.48ms
step:1325/3325 train_time:879.105s step_avg:663.48ms
step:1326/3325 train_time:879.764s step_avg:663.47ms
step:1327/3325 train_time:880.432s step_avg:663.48ms
step:1328/3325 train_time:881.089s step_avg:663.47ms
step:1329/3325 train_time:881.752s step_avg:663.47ms
step:1330/3325 train_time:882.414s step_avg:663.47ms
step:1331/3325 train_time:883.095s step_avg:663.48ms
step:1332/3325 train_time:883.754s step_avg:663.48ms
step:1333/3325 train_time:884.415s step_avg:663.48ms
step:1334/3325 train_time:885.075s step_avg:663.47ms
step:1335/3325 train_time:885.738s step_avg:663.47ms
step:1336/3325 train_time:886.400s step_avg:663.47ms
step:1337/3325 train_time:887.060s step_avg:663.47ms
step:1338/3325 train_time:887.720s step_avg:663.47ms
step:1339/3325 train_time:888.381s step_avg:663.47ms
step:1340/3325 train_time:889.041s step_avg:663.46ms
step:1341/3325 train_time:889.701s step_avg:663.46ms
step:1342/3325 train_time:890.359s step_avg:663.46ms
step:1343/3325 train_time:891.020s step_avg:663.46ms
step:1344/3325 train_time:891.679s step_avg:663.45ms
step:1345/3325 train_time:892.343s step_avg:663.45ms
step:1346/3325 train_time:893.003s step_avg:663.45ms
step:1347/3325 train_time:893.662s step_avg:663.45ms
step:1348/3325 train_time:894.326s step_avg:663.45ms
step:1349/3325 train_time:894.987s step_avg:663.44ms
step:1350/3325 train_time:895.651s step_avg:663.45ms
step:1351/3325 train_time:896.310s step_avg:663.44ms
step:1352/3325 train_time:896.971s step_avg:663.44ms
step:1353/3325 train_time:897.636s step_avg:663.44ms
step:1354/3325 train_time:898.297s step_avg:663.44ms
step:1355/3325 train_time:898.958s step_avg:663.44ms
step:1356/3325 train_time:899.620s step_avg:663.44ms
step:1357/3325 train_time:900.279s step_avg:663.43ms
step:1358/3325 train_time:900.942s step_avg:663.43ms
step:1359/3325 train_time:901.602s step_avg:663.43ms
step:1360/3325 train_time:902.261s step_avg:663.43ms
step:1361/3325 train_time:902.924s step_avg:663.43ms
step:1362/3325 train_time:903.584s step_avg:663.42ms
step:1363/3325 train_time:904.244s step_avg:663.42ms
step:1364/3325 train_time:904.904s step_avg:663.42ms
step:1365/3325 train_time:905.564s step_avg:663.42ms
step:1366/3325 train_time:906.227s step_avg:663.42ms
step:1367/3325 train_time:906.887s step_avg:663.41ms
step:1368/3325 train_time:907.552s step_avg:663.42ms
step:1369/3325 train_time:908.211s step_avg:663.41ms
step:1370/3325 train_time:908.871s step_avg:663.41ms
step:1371/3325 train_time:909.532s step_avg:663.41ms
step:1372/3325 train_time:910.193s step_avg:663.41ms
step:1373/3325 train_time:910.852s step_avg:663.40ms
step:1374/3325 train_time:911.515s step_avg:663.40ms
step:1375/3325 train_time:912.174s step_avg:663.40ms
step:1375/3325 val_loss:3.60143 train_time:912.184s step_avg:661.24ms
step:1376/3325 train_time:912.845s step_avg:663.40ms
step:1377/3325 train_time:913.505s step_avg:663.40ms
step:1378/3325 train_time:914.169s step_avg:663.40ms
step:1379/3325 train_time:914.830s step_avg:663.40ms
step:1380/3325 train_time:915.490s step_avg:663.40ms
step:1381/3325 train_time:916.149s step_avg:663.40ms
step:1382/3325 train_time:916.810s step_avg:663.39ms
step:1383/3325 train_time:917.472s step_avg:663.39ms
step:1384/3325 train_time:918.132s step_avg:663.39ms
step:1385/3325 train_time:918.793s step_avg:663.39ms
step:1386/3325 train_time:919.453s step_avg:663.39ms
step:1387/3325 train_time:920.115s step_avg:663.39ms
step:1388/3325 train_time:920.777s step_avg:663.38ms
step:1389/3325 train_time:921.438s step_avg:663.38ms
step:1390/3325 train_time:922.103s step_avg:663.38ms
step:1391/3325 train_time:922.760s step_avg:663.38ms
step:1392/3325 train_time:923.424s step_avg:663.38ms
step:1393/3325 train_time:924.083s step_avg:663.38ms
step:1394/3325 train_time:924.744s step_avg:663.37ms
step:1395/3325 train_time:925.407s step_avg:663.37ms
step:1396/3325 train_time:926.067s step_avg:663.37ms
step:1397/3325 train_time:926.731s step_avg:663.37ms
step:1398/3325 train_time:927.390s step_avg:663.37ms
step:1399/3325 train_time:928.050s step_avg:663.37ms
step:1400/3325 train_time:928.713s step_avg:663.37ms
step:1401/3325 train_time:929.375s step_avg:663.37ms
step:1402/3325 train_time:930.039s step_avg:663.37ms
step:1403/3325 train_time:930.702s step_avg:663.37ms
step:1404/3325 train_time:931.360s step_avg:663.36ms
step:1405/3325 train_time:932.024s step_avg:663.36ms
step:1406/3325 train_time:932.683s step_avg:663.36ms
step:1407/3325 train_time:933.344s step_avg:663.36ms
step:1408/3325 train_time:934.007s step_avg:663.36ms
step:1409/3325 train_time:934.667s step_avg:663.35ms
step:1410/3325 train_time:935.327s step_avg:663.35ms
step:1411/3325 train_time:935.988s step_avg:663.35ms
step:1412/3325 train_time:936.650s step_avg:663.35ms
step:1413/3325 train_time:937.312s step_avg:663.35ms
step:1414/3325 train_time:937.970s step_avg:663.35ms
step:1415/3325 train_time:938.633s step_avg:663.34ms
step:1416/3325 train_time:939.293s step_avg:663.34ms
step:1417/3325 train_time:939.952s step_avg:663.34ms
step:1418/3325 train_time:940.616s step_avg:663.34ms
step:1419/3325 train_time:941.280s step_avg:663.34ms
step:1420/3325 train_time:941.938s step_avg:663.34ms
step:1421/3325 train_time:942.602s step_avg:663.34ms
step:1422/3325 train_time:943.260s step_avg:663.33ms
step:1423/3325 train_time:943.924s step_avg:663.33ms
step:1424/3325 train_time:944.583s step_avg:663.33ms
step:1425/3325 train_time:945.246s step_avg:663.33ms
step:1426/3325 train_time:945.909s step_avg:663.33ms
step:1427/3325 train_time:946.567s step_avg:663.33ms
step:1428/3325 train_time:947.229s step_avg:663.33ms
step:1429/3325 train_time:947.891s step_avg:663.32ms
step:1430/3325 train_time:948.549s step_avg:663.32ms
step:1431/3325 train_time:949.210s step_avg:663.32ms
step:1432/3325 train_time:949.869s step_avg:663.32ms
step:1433/3325 train_time:950.531s step_avg:663.32ms
step:1434/3325 train_time:951.190s step_avg:663.31ms
step:1435/3325 train_time:951.851s step_avg:663.31ms
step:1436/3325 train_time:952.513s step_avg:663.31ms
step:1437/3325 train_time:953.173s step_avg:663.31ms
step:1438/3325 train_time:953.834s step_avg:663.31ms
step:1439/3325 train_time:954.496s step_avg:663.30ms
step:1440/3325 train_time:955.157s step_avg:663.30ms
step:1441/3325 train_time:955.821s step_avg:663.30ms
step:1442/3325 train_time:956.477s step_avg:663.30ms
step:1443/3325 train_time:957.143s step_avg:663.30ms
step:1444/3325 train_time:957.803s step_avg:663.30ms
step:1445/3325 train_time:958.463s step_avg:663.30ms
step:1446/3325 train_time:959.128s step_avg:663.30ms
step:1447/3325 train_time:959.788s step_avg:663.30ms
step:1448/3325 train_time:960.448s step_avg:663.29ms
step:1449/3325 train_time:961.109s step_avg:663.29ms
step:1450/3325 train_time:961.768s step_avg:663.29ms
step:1451/3325 train_time:962.431s step_avg:663.29ms
step:1452/3325 train_time:963.093s step_avg:663.29ms
step:1453/3325 train_time:963.754s step_avg:663.29ms
step:1454/3325 train_time:964.416s step_avg:663.28ms
step:1455/3325 train_time:965.081s step_avg:663.29ms
step:1456/3325 train_time:965.740s step_avg:663.28ms
step:1457/3325 train_time:966.405s step_avg:663.28ms
step:1458/3325 train_time:967.065s step_avg:663.28ms
step:1459/3325 train_time:967.727s step_avg:663.28ms
step:1460/3325 train_time:968.389s step_avg:663.28ms
step:1461/3325 train_time:969.049s step_avg:663.28ms
step:1462/3325 train_time:969.710s step_avg:663.28ms
step:1463/3325 train_time:970.369s step_avg:663.27ms
step:1464/3325 train_time:971.032s step_avg:663.27ms
step:1465/3325 train_time:971.693s step_avg:663.27ms
step:1466/3325 train_time:972.353s step_avg:663.27ms
step:1467/3325 train_time:973.017s step_avg:663.27ms
step:1468/3325 train_time:973.676s step_avg:663.27ms
step:1469/3325 train_time:974.342s step_avg:663.27ms
step:1470/3325 train_time:975.000s step_avg:663.27ms
step:1471/3325 train_time:975.659s step_avg:663.26ms
step:1472/3325 train_time:976.325s step_avg:663.26ms
step:1473/3325 train_time:976.986s step_avg:663.26ms
step:1474/3325 train_time:977.647s step_avg:663.26ms
step:1475/3325 train_time:978.310s step_avg:663.26ms
step:1476/3325 train_time:978.969s step_avg:663.26ms
step:1477/3325 train_time:979.632s step_avg:663.26ms
step:1478/3325 train_time:980.292s step_avg:663.26ms
step:1479/3325 train_time:980.952s step_avg:663.25ms
step:1480/3325 train_time:981.615s step_avg:663.25ms
step:1481/3325 train_time:982.276s step_avg:663.25ms
step:1482/3325 train_time:982.942s step_avg:663.25ms
step:1483/3325 train_time:983.603s step_avg:663.25ms
step:1484/3325 train_time:984.262s step_avg:663.25ms
step:1485/3325 train_time:984.926s step_avg:663.25ms
step:1486/3325 train_time:985.586s step_avg:663.25ms
step:1487/3325 train_time:986.247s step_avg:663.25ms
step:1488/3325 train_time:986.910s step_avg:663.25ms
step:1489/3325 train_time:987.572s step_avg:663.25ms
step:1490/3325 train_time:988.233s step_avg:663.24ms
step:1491/3325 train_time:988.893s step_avg:663.24ms
step:1492/3325 train_time:989.553s step_avg:663.24ms
step:1493/3325 train_time:990.220s step_avg:663.24ms
step:1494/3325 train_time:990.878s step_avg:663.24ms
step:1495/3325 train_time:991.545s step_avg:663.24ms
step:1496/3325 train_time:992.206s step_avg:663.24ms
step:1497/3325 train_time:992.866s step_avg:663.24ms
step:1498/3325 train_time:993.529s step_avg:663.24ms
step:1499/3325 train_time:994.191s step_avg:663.24ms
step:1500/3325 train_time:994.851s step_avg:663.23ms
step:1500/3325 val_loss:3.57042 train_time:994.862s step_avg:661.42ms
step:1501/3325 train_time:995.525s step_avg:663.24ms
step:1502/3325 train_time:996.182s step_avg:663.24ms
step:1503/3325 train_time:996.847s step_avg:663.24ms
step:1504/3325 train_time:997.508s step_avg:663.24ms
step:1505/3325 train_time:998.168s step_avg:663.23ms
step:1506/3325 train_time:998.830s step_avg:663.23ms
step:1507/3325 train_time:999.491s step_avg:663.23ms
step:1508/3325 train_time:1000.152s step_avg:663.23ms
step:1509/3325 train_time:1000.814s step_avg:663.23ms
step:1510/3325 train_time:1001.478s step_avg:663.23ms
step:1511/3325 train_time:1002.136s step_avg:663.23ms
step:1512/3325 train_time:1002.801s step_avg:663.23ms
step:1513/3325 train_time:1003.462s step_avg:663.23ms
step:1514/3325 train_time:1004.127s step_avg:663.23ms
step:1515/3325 train_time:1004.788s step_avg:663.23ms
step:1516/3325 train_time:1005.447s step_avg:663.22ms
step:1517/3325 train_time:1006.111s step_avg:663.22ms
step:1518/3325 train_time:1006.771s step_avg:663.22ms
step:1519/3325 train_time:1007.432s step_avg:663.22ms
step:1520/3325 train_time:1008.095s step_avg:663.22ms
step:1521/3325 train_time:1008.778s step_avg:663.23ms
step:1522/3325 train_time:1009.441s step_avg:663.23ms
step:1523/3325 train_time:1010.106s step_avg:663.23ms
step:1524/3325 train_time:1010.766s step_avg:663.23ms
step:1525/3325 train_time:1011.431s step_avg:663.23ms
step:1526/3325 train_time:1012.093s step_avg:663.23ms
step:1527/3325 train_time:1012.751s step_avg:663.23ms
step:1528/3325 train_time:1013.414s step_avg:663.23ms
step:1529/3325 train_time:1014.075s step_avg:663.23ms
step:1530/3325 train_time:1014.736s step_avg:663.23ms
step:1531/3325 train_time:1015.396s step_avg:663.22ms
step:1532/3325 train_time:1016.055s step_avg:663.22ms
step:1533/3325 train_time:1016.717s step_avg:663.22ms
step:1534/3325 train_time:1017.377s step_avg:663.22ms
step:1535/3325 train_time:1018.036s step_avg:663.22ms
step:1536/3325 train_time:1018.698s step_avg:663.21ms
step:1537/3325 train_time:1019.360s step_avg:663.21ms
step:1538/3325 train_time:1020.020s step_avg:663.21ms
step:1539/3325 train_time:1020.682s step_avg:663.21ms
step:1540/3325 train_time:1021.342s step_avg:663.21ms
step:1541/3325 train_time:1022.010s step_avg:663.21ms
step:1542/3325 train_time:1022.669s step_avg:663.21ms
step:1543/3325 train_time:1023.331s step_avg:663.21ms
step:1544/3325 train_time:1023.992s step_avg:663.21ms
step:1545/3325 train_time:1024.653s step_avg:663.21ms
step:1546/3325 train_time:1025.314s step_avg:663.20ms
step:1547/3325 train_time:1025.976s step_avg:663.20ms
step:1548/3325 train_time:1026.635s step_avg:663.20ms
step:1549/3325 train_time:1027.298s step_avg:663.20ms
step:1550/3325 train_time:1027.958s step_avg:663.20ms
step:1551/3325 train_time:1028.619s step_avg:663.20ms
step:1552/3325 train_time:1029.279s step_avg:663.20ms
step:1553/3325 train_time:1029.940s step_avg:663.19ms
step:1554/3325 train_time:1030.602s step_avg:663.19ms
step:1555/3325 train_time:1031.264s step_avg:663.19ms
step:1556/3325 train_time:1031.928s step_avg:663.19ms
step:1557/3325 train_time:1032.590s step_avg:663.19ms
step:1558/3325 train_time:1033.249s step_avg:663.19ms
step:1559/3325 train_time:1033.913s step_avg:663.19ms
step:1560/3325 train_time:1034.574s step_avg:663.19ms
step:1561/3325 train_time:1035.235s step_avg:663.19ms
step:1562/3325 train_time:1035.898s step_avg:663.19ms
step:1563/3325 train_time:1036.558s step_avg:663.18ms
step:1564/3325 train_time:1037.219s step_avg:663.18ms
step:1565/3325 train_time:1037.879s step_avg:663.18ms
step:1566/3325 train_time:1038.540s step_avg:663.18ms
step:1567/3325 train_time:1039.203s step_avg:663.18ms
step:1568/3325 train_time:1039.867s step_avg:663.18ms
step:1569/3325 train_time:1040.525s step_avg:663.18ms
step:1570/3325 train_time:1041.191s step_avg:663.18ms
step:1571/3325 train_time:1041.850s step_avg:663.18ms
step:1572/3325 train_time:1042.512s step_avg:663.18ms
step:1573/3325 train_time:1043.173s step_avg:663.17ms
step:1574/3325 train_time:1043.835s step_avg:663.17ms
step:1575/3325 train_time:1044.498s step_avg:663.17ms
step:1576/3325 train_time:1045.158s step_avg:663.17ms
step:1577/3325 train_time:1045.820s step_avg:663.17ms
step:1578/3325 train_time:1046.480s step_avg:663.17ms
step:1579/3325 train_time:1047.139s step_avg:663.17ms
step:1580/3325 train_time:1047.800s step_avg:663.16ms
step:1581/3325 train_time:1048.459s step_avg:663.16ms
step:1582/3325 train_time:1049.121s step_avg:663.16ms
step:1583/3325 train_time:1049.780s step_avg:663.16ms
step:1584/3325 train_time:1050.440s step_avg:663.16ms
step:1585/3325 train_time:1051.103s step_avg:663.16ms
step:1586/3325 train_time:1051.763s step_avg:663.15ms
step:1587/3325 train_time:1052.429s step_avg:663.16ms
step:1588/3325 train_time:1053.090s step_avg:663.16ms
step:1589/3325 train_time:1053.751s step_avg:663.15ms
step:1590/3325 train_time:1054.413s step_avg:663.15ms
step:1591/3325 train_time:1055.074s step_avg:663.15ms
step:1592/3325 train_time:1055.735s step_avg:663.15ms
step:1593/3325 train_time:1056.399s step_avg:663.15ms
step:1594/3325 train_time:1057.058s step_avg:663.15ms
step:1595/3325 train_time:1057.719s step_avg:663.15ms
step:1596/3325 train_time:1058.379s step_avg:663.14ms
step:1597/3325 train_time:1059.038s step_avg:663.14ms
step:1598/3325 train_time:1059.701s step_avg:663.14ms
step:1599/3325 train_time:1060.363s step_avg:663.14ms
step:1600/3325 train_time:1061.026s step_avg:663.14ms
step:1601/3325 train_time:1061.688s step_avg:663.14ms
step:1602/3325 train_time:1062.346s step_avg:663.14ms
step:1603/3325 train_time:1063.011s step_avg:663.14ms
step:1604/3325 train_time:1063.670s step_avg:663.14ms
step:1605/3325 train_time:1064.333s step_avg:663.14ms
step:1606/3325 train_time:1064.994s step_avg:663.13ms
step:1607/3325 train_time:1065.654s step_avg:663.13ms
step:1608/3325 train_time:1066.315s step_avg:663.13ms
step:1609/3325 train_time:1066.975s step_avg:663.13ms
step:1610/3325 train_time:1067.636s step_avg:663.13ms
step:1611/3325 train_time:1068.297s step_avg:663.13ms
step:1612/3325 train_time:1068.955s step_avg:663.12ms
step:1613/3325 train_time:1069.617s step_avg:663.12ms
step:1614/3325 train_time:1070.277s step_avg:663.12ms
step:1615/3325 train_time:1070.937s step_avg:663.12ms
step:1616/3325 train_time:1071.598s step_avg:663.12ms
step:1617/3325 train_time:1072.260s step_avg:663.12ms
step:1618/3325 train_time:1072.920s step_avg:663.12ms
step:1619/3325 train_time:1073.580s step_avg:663.11ms
step:1620/3325 train_time:1074.240s step_avg:663.11ms
step:1621/3325 train_time:1074.902s step_avg:663.11ms
step:1622/3325 train_time:1075.564s step_avg:663.11ms
step:1623/3325 train_time:1076.226s step_avg:663.11ms
step:1624/3325 train_time:1076.889s step_avg:663.11ms
step:1625/3325 train_time:1077.548s step_avg:663.11ms
step:1625/3325 val_loss:3.54882 train_time:1077.558s step_avg:661.57ms
step:1626/3325 train_time:1078.223s step_avg:663.11ms
step:1627/3325 train_time:1078.880s step_avg:663.11ms
step:1628/3325 train_time:1079.542s step_avg:663.11ms
step:1629/3325 train_time:1080.203s step_avg:663.11ms
step:1630/3325 train_time:1080.866s step_avg:663.11ms
step:1631/3325 train_time:1081.527s step_avg:663.11ms
step:1632/3325 train_time:1082.190s step_avg:663.11ms
step:1633/3325 train_time:1082.851s step_avg:663.11ms
step:1634/3325 train_time:1083.513s step_avg:663.10ms
step:1635/3325 train_time:1084.172s step_avg:663.10ms
step:1636/3325 train_time:1084.832s step_avg:663.10ms
step:1637/3325 train_time:1085.494s step_avg:663.10ms
step:1638/3325 train_time:1086.155s step_avg:663.10ms
step:1639/3325 train_time:1086.817s step_avg:663.10ms
step:1640/3325 train_time:1087.479s step_avg:663.10ms
step:1641/3325 train_time:1088.136s step_avg:663.09ms
step:1642/3325 train_time:1088.803s step_avg:663.10ms
step:1643/3325 train_time:1089.461s step_avg:663.09ms
step:1644/3325 train_time:1090.124s step_avg:663.09ms
step:1645/3325 train_time:1090.786s step_avg:663.09ms
step:1646/3325 train_time:1091.445s step_avg:663.09ms
step:1647/3325 train_time:1092.108s step_avg:663.09ms
step:1648/3325 train_time:1092.769s step_avg:663.09ms
step:1649/3325 train_time:1093.429s step_avg:663.09ms
step:1650/3325 train_time:1094.093s step_avg:663.09ms
step:1651/3325 train_time:1094.752s step_avg:663.08ms
step:1652/3325 train_time:1095.414s step_avg:663.08ms
step:1653/3325 train_time:1096.075s step_avg:663.08ms
step:1654/3325 train_time:1096.735s step_avg:663.08ms
step:1655/3325 train_time:1097.400s step_avg:663.08ms
step:1656/3325 train_time:1098.059s step_avg:663.08ms
step:1657/3325 train_time:1098.720s step_avg:663.08ms
step:1658/3325 train_time:1099.381s step_avg:663.08ms
step:1659/3325 train_time:1100.038s step_avg:663.07ms
step:1660/3325 train_time:1100.704s step_avg:663.07ms
step:1661/3325 train_time:1101.364s step_avg:663.07ms
step:1662/3325 train_time:1102.025s step_avg:663.07ms
step:1663/3325 train_time:1102.687s step_avg:663.07ms
step:1664/3325 train_time:1103.345s step_avg:663.07ms
step:1665/3325 train_time:1104.007s step_avg:663.07ms
step:1666/3325 train_time:1104.667s step_avg:663.07ms
step:1667/3325 train_time:1105.328s step_avg:663.06ms
step:1668/3325 train_time:1105.990s step_avg:663.06ms
step:1669/3325 train_time:1106.649s step_avg:663.06ms
step:1670/3325 train_time:1107.310s step_avg:663.06ms
step:1671/3325 train_time:1107.970s step_avg:663.06ms
step:1672/3325 train_time:1108.629s step_avg:663.06ms
step:1673/3325 train_time:1109.292s step_avg:663.06ms
step:1674/3325 train_time:1109.951s step_avg:663.05ms
step:1675/3325 train_time:1110.612s step_avg:663.05ms
step:1676/3325 train_time:1111.272s step_avg:663.05ms
step:1677/3325 train_time:1111.933s step_avg:663.05ms
step:1678/3325 train_time:1112.595s step_avg:663.05ms
step:1679/3325 train_time:1113.257s step_avg:663.05ms
step:1680/3325 train_time:1113.918s step_avg:663.05ms
step:1681/3325 train_time:1114.583s step_avg:663.05ms
step:1682/3325 train_time:1115.240s step_avg:663.04ms
step:1683/3325 train_time:1115.906s step_avg:663.05ms
step:1684/3325 train_time:1116.564s step_avg:663.04ms
step:1685/3325 train_time:1117.227s step_avg:663.04ms
step:1686/3325 train_time:1117.887s step_avg:663.04ms
step:1687/3325 train_time:1118.548s step_avg:663.04ms
step:1688/3325 train_time:1119.208s step_avg:663.04ms
step:1689/3325 train_time:1119.869s step_avg:663.04ms
step:1690/3325 train_time:1120.528s step_avg:663.03ms
step:1691/3325 train_time:1121.191s step_avg:663.03ms
step:1692/3325 train_time:1121.850s step_avg:663.03ms
step:1693/3325 train_time:1122.512s step_avg:663.03ms
step:1694/3325 train_time:1123.171s step_avg:663.03ms
step:1695/3325 train_time:1123.830s step_avg:663.03ms
step:1696/3325 train_time:1124.491s step_avg:663.03ms
step:1697/3325 train_time:1125.152s step_avg:663.02ms
step:1698/3325 train_time:1125.811s step_avg:663.02ms
step:1699/3325 train_time:1126.471s step_avg:663.02ms
step:1700/3325 train_time:1127.130s step_avg:663.02ms
step:1701/3325 train_time:1127.792s step_avg:663.02ms
step:1702/3325 train_time:1128.453s step_avg:663.02ms
step:1703/3325 train_time:1129.115s step_avg:663.02ms
step:1704/3325 train_time:1129.776s step_avg:663.01ms
step:1705/3325 train_time:1130.435s step_avg:663.01ms
step:1706/3325 train_time:1131.102s step_avg:663.01ms
step:1707/3325 train_time:1131.757s step_avg:663.01ms
step:1708/3325 train_time:1132.424s step_avg:663.01ms
step:1709/3325 train_time:1133.085s step_avg:663.01ms
step:1710/3325 train_time:1133.745s step_avg:663.01ms
step:1711/3325 train_time:1134.429s step_avg:663.02ms
step:1712/3325 train_time:1135.093s step_avg:663.02ms
step:1713/3325 train_time:1135.751s step_avg:663.02ms
step:1714/3325 train_time:1136.414s step_avg:663.02ms
step:1715/3325 train_time:1137.074s step_avg:663.02ms
step:1716/3325 train_time:1137.733s step_avg:663.01ms
step:1717/3325 train_time:1138.398s step_avg:663.02ms
step:1718/3325 train_time:1139.057s step_avg:663.01ms
step:1719/3325 train_time:1139.717s step_avg:663.01ms
step:1720/3325 train_time:1140.380s step_avg:663.01ms
step:1721/3325 train_time:1141.037s step_avg:663.01ms
step:1722/3325 train_time:1141.705s step_avg:663.01ms
step:1723/3325 train_time:1142.364s step_avg:663.01ms
step:1724/3325 train_time:1143.025s step_avg:663.01ms
step:1725/3325 train_time:1143.690s step_avg:663.01ms
step:1726/3325 train_time:1144.348s step_avg:663.01ms
step:1727/3325 train_time:1145.010s step_avg:663.01ms
step:1728/3325 train_time:1145.671s step_avg:663.00ms
step:1729/3325 train_time:1146.330s step_avg:663.00ms
step:1730/3325 train_time:1146.991s step_avg:663.00ms
step:1731/3325 train_time:1147.650s step_avg:663.00ms
step:1732/3325 train_time:1148.312s step_avg:663.00ms
step:1733/3325 train_time:1148.974s step_avg:663.00ms
step:1734/3325 train_time:1149.630s step_avg:662.99ms
step:1735/3325 train_time:1150.293s step_avg:662.99ms
step:1736/3325 train_time:1150.955s step_avg:662.99ms
step:1737/3325 train_time:1151.615s step_avg:662.99ms
step:1738/3325 train_time:1152.277s step_avg:662.99ms
step:1739/3325 train_time:1152.935s step_avg:662.99ms
step:1740/3325 train_time:1153.600s step_avg:662.99ms
step:1741/3325 train_time:1154.257s step_avg:662.98ms
step:1742/3325 train_time:1154.920s step_avg:662.99ms
step:1743/3325 train_time:1155.579s step_avg:662.98ms
step:1744/3325 train_time:1156.239s step_avg:662.98ms
step:1745/3325 train_time:1156.905s step_avg:662.98ms
step:1746/3325 train_time:1157.564s step_avg:662.98ms
step:1747/3325 train_time:1158.224s step_avg:662.98ms
step:1748/3325 train_time:1158.886s step_avg:662.98ms
step:1749/3325 train_time:1159.546s step_avg:662.98ms
step:1750/3325 train_time:1160.209s step_avg:662.98ms
step:1750/3325 val_loss:3.52337 train_time:1160.219s step_avg:661.29ms
step:1751/3325 train_time:1160.883s step_avg:662.98ms
step:1752/3325 train_time:1161.540s step_avg:662.98ms
step:1753/3325 train_time:1162.208s step_avg:662.98ms
step:1754/3325 train_time:1162.866s step_avg:662.98ms
step:1755/3325 train_time:1163.527s step_avg:662.98ms
step:1756/3325 train_time:1164.188s step_avg:662.98ms
step:1757/3325 train_time:1164.847s step_avg:662.98ms
step:1758/3325 train_time:1165.508s step_avg:662.97ms
step:1759/3325 train_time:1166.168s step_avg:662.97ms
step:1760/3325 train_time:1166.827s step_avg:662.97ms
step:1761/3325 train_time:1167.492s step_avg:662.97ms
step:1762/3325 train_time:1168.152s step_avg:662.97ms
step:1763/3325 train_time:1168.817s step_avg:662.97ms
step:1764/3325 train_time:1169.478s step_avg:662.97ms
step:1765/3325 train_time:1170.140s step_avg:662.97ms
step:1766/3325 train_time:1170.802s step_avg:662.97ms
step:1767/3325 train_time:1171.463s step_avg:662.97ms
step:1768/3325 train_time:1172.123s step_avg:662.97ms
step:1769/3325 train_time:1172.783s step_avg:662.96ms
step:1770/3325 train_time:1173.445s step_avg:662.96ms
step:1771/3325 train_time:1174.105s step_avg:662.96ms
step:1772/3325 train_time:1174.765s step_avg:662.96ms
step:1773/3325 train_time:1175.424s step_avg:662.96ms
step:1774/3325 train_time:1176.086s step_avg:662.96ms
step:1775/3325 train_time:1176.745s step_avg:662.95ms
step:1776/3325 train_time:1177.406s step_avg:662.95ms
step:1777/3325 train_time:1178.066s step_avg:662.95ms
step:1778/3325 train_time:1178.726s step_avg:662.95ms
step:1779/3325 train_time:1179.391s step_avg:662.95ms
step:1780/3325 train_time:1180.051s step_avg:662.95ms
step:1781/3325 train_time:1180.715s step_avg:662.95ms
step:1782/3325 train_time:1181.376s step_avg:662.95ms
step:1783/3325 train_time:1182.036s step_avg:662.95ms
step:1784/3325 train_time:1182.700s step_avg:662.95ms
step:1785/3325 train_time:1183.361s step_avg:662.95ms
step:1786/3325 train_time:1184.022s step_avg:662.95ms
step:1787/3325 train_time:1184.683s step_avg:662.95ms
step:1788/3325 train_time:1185.343s step_avg:662.94ms
step:1789/3325 train_time:1186.005s step_avg:662.94ms
step:1790/3325 train_time:1186.665s step_avg:662.94ms
step:1791/3325 train_time:1187.324s step_avg:662.94ms
step:1792/3325 train_time:1187.986s step_avg:662.94ms
step:1793/3325 train_time:1188.645s step_avg:662.94ms
step:1794/3325 train_time:1189.305s step_avg:662.93ms
step:1795/3325 train_time:1189.965s step_avg:662.93ms
step:1796/3325 train_time:1190.625s step_avg:662.93ms
step:1797/3325 train_time:1191.288s step_avg:662.93ms
step:1798/3325 train_time:1191.949s step_avg:662.93ms
step:1799/3325 train_time:1192.612s step_avg:662.93ms
step:1800/3325 train_time:1193.275s step_avg:662.93ms
step:1801/3325 train_time:1193.933s step_avg:662.93ms
step:1802/3325 train_time:1194.597s step_avg:662.93ms
step:1803/3325 train_time:1195.255s step_avg:662.93ms
step:1804/3325 train_time:1195.917s step_avg:662.93ms
step:1805/3325 train_time:1196.580s step_avg:662.92ms
step:1806/3325 train_time:1197.239s step_avg:662.92ms
step:1807/3325 train_time:1197.901s step_avg:662.92ms
step:1808/3325 train_time:1198.562s step_avg:662.92ms
step:1809/3325 train_time:1199.222s step_avg:662.92ms
step:1810/3325 train_time:1199.883s step_avg:662.92ms
step:1811/3325 train_time:1200.543s step_avg:662.92ms
step:1812/3325 train_time:1201.203s step_avg:662.92ms
step:1813/3325 train_time:1201.863s step_avg:662.91ms
step:1814/3325 train_time:1202.522s step_avg:662.91ms
step:1815/3325 train_time:1203.183s step_avg:662.91ms
step:1816/3325 train_time:1203.845s step_avg:662.91ms
step:1817/3325 train_time:1204.505s step_avg:662.91ms
step:1818/3325 train_time:1205.166s step_avg:662.91ms
step:1819/3325 train_time:1205.826s step_avg:662.91ms
step:1820/3325 train_time:1206.488s step_avg:662.91ms
step:1821/3325 train_time:1207.149s step_avg:662.90ms
step:1822/3325 train_time:1207.814s step_avg:662.91ms
step:1823/3325 train_time:1208.474s step_avg:662.90ms
step:1824/3325 train_time:1209.133s step_avg:662.90ms
step:1825/3325 train_time:1209.796s step_avg:662.90ms
step:1826/3325 train_time:1210.454s step_avg:662.90ms
step:1827/3325 train_time:1211.115s step_avg:662.90ms
step:1828/3325 train_time:1211.777s step_avg:662.90ms
step:1829/3325 train_time:1212.436s step_avg:662.90ms
step:1830/3325 train_time:1213.099s step_avg:662.90ms
step:1831/3325 train_time:1213.761s step_avg:662.90ms
step:1832/3325 train_time:1214.421s step_avg:662.89ms
step:1833/3325 train_time:1215.084s step_avg:662.89ms
step:1834/3325 train_time:1215.744s step_avg:662.89ms
step:1835/3325 train_time:1216.405s step_avg:662.89ms
step:1836/3325 train_time:1217.066s step_avg:662.89ms
step:1837/3325 train_time:1217.725s step_avg:662.89ms
step:1838/3325 train_time:1218.388s step_avg:662.89ms
step:1839/3325 train_time:1219.049s step_avg:662.89ms
step:1840/3325 train_time:1219.713s step_avg:662.89ms
step:1841/3325 train_time:1220.374s step_avg:662.89ms
step:1842/3325 train_time:1221.029s step_avg:662.88ms
step:1843/3325 train_time:1221.697s step_avg:662.89ms
step:1844/3325 train_time:1222.354s step_avg:662.88ms
step:1845/3325 train_time:1223.017s step_avg:662.88ms
step:1846/3325 train_time:1223.678s step_avg:662.88ms
step:1847/3325 train_time:1224.339s step_avg:662.88ms
step:1848/3325 train_time:1225.001s step_avg:662.88ms
step:1849/3325 train_time:1225.663s step_avg:662.88ms
step:1850/3325 train_time:1226.322s step_avg:662.88ms
step:1851/3325 train_time:1226.984s step_avg:662.88ms
step:1852/3325 train_time:1227.645s step_avg:662.88ms
step:1853/3325 train_time:1228.307s step_avg:662.87ms
step:1854/3325 train_time:1228.968s step_avg:662.87ms
step:1855/3325 train_time:1229.628s step_avg:662.87ms
step:1856/3325 train_time:1230.295s step_avg:662.87ms
step:1857/3325 train_time:1230.952s step_avg:662.87ms
step:1858/3325 train_time:1231.617s step_avg:662.87ms
step:1859/3325 train_time:1232.278s step_avg:662.87ms
step:1860/3325 train_time:1232.937s step_avg:662.87ms
step:1861/3325 train_time:1233.600s step_avg:662.87ms
step:1862/3325 train_time:1234.261s step_avg:662.87ms
step:1863/3325 train_time:1234.921s step_avg:662.87ms
step:1864/3325 train_time:1235.585s step_avg:662.87ms
step:1865/3325 train_time:1236.244s step_avg:662.87ms
step:1866/3325 train_time:1236.906s step_avg:662.87ms
step:1867/3325 train_time:1237.565s step_avg:662.86ms
step:1868/3325 train_time:1238.225s step_avg:662.86ms
step:1869/3325 train_time:1238.886s step_avg:662.86ms
step:1870/3325 train_time:1239.544s step_avg:662.86ms
step:1871/3325 train_time:1240.207s step_avg:662.86ms
step:1872/3325 train_time:1240.867s step_avg:662.86ms
step:1873/3325 train_time:1241.525s step_avg:662.85ms
step:1874/3325 train_time:1242.189s step_avg:662.85ms
step:1875/3325 train_time:1242.850s step_avg:662.85ms
step:1875/3325 val_loss:3.50009 train_time:1242.861s step_avg:661.14ms
step:1876/3325 train_time:1243.521s step_avg:662.86ms
step:1877/3325 train_time:1244.178s step_avg:662.85ms
step:1878/3325 train_time:1244.842s step_avg:662.86ms
step:1879/3325 train_time:1245.502s step_avg:662.85ms
step:1880/3325 train_time:1246.166s step_avg:662.85ms
step:1881/3325 train_time:1246.823s step_avg:662.85ms
step:1882/3325 train_time:1247.488s step_avg:662.85ms
step:1883/3325 train_time:1248.148s step_avg:662.85ms
step:1884/3325 train_time:1248.810s step_avg:662.85ms
step:1885/3325 train_time:1249.473s step_avg:662.85ms
step:1886/3325 train_time:1250.131s step_avg:662.85ms
step:1887/3325 train_time:1250.793s step_avg:662.85ms
step:1888/3325 train_time:1251.451s step_avg:662.84ms
step:1889/3325 train_time:1252.112s step_avg:662.84ms
step:1890/3325 train_time:1252.774s step_avg:662.84ms
step:1891/3325 train_time:1253.433s step_avg:662.84ms
step:1892/3325 train_time:1254.094s step_avg:662.84ms
step:1893/3325 train_time:1254.754s step_avg:662.84ms
step:1894/3325 train_time:1255.413s step_avg:662.84ms
step:1895/3325 train_time:1256.076s step_avg:662.84ms
step:1896/3325 train_time:1256.734s step_avg:662.83ms
step:1897/3325 train_time:1257.396s step_avg:662.83ms
step:1898/3325 train_time:1258.056s step_avg:662.83ms
step:1899/3325 train_time:1258.716s step_avg:662.83ms
step:1900/3325 train_time:1259.378s step_avg:662.83ms
step:1901/3325 train_time:1260.059s step_avg:662.84ms
step:1902/3325 train_time:1260.720s step_avg:662.84ms
step:1903/3325 train_time:1261.384s step_avg:662.84ms
step:1904/3325 train_time:1262.040s step_avg:662.84ms
step:1905/3325 train_time:1262.707s step_avg:662.84ms
step:1906/3325 train_time:1263.366s step_avg:662.84ms
step:1907/3325 train_time:1264.027s step_avg:662.84ms
step:1908/3325 train_time:1264.691s step_avg:662.84ms
step:1909/3325 train_time:1265.353s step_avg:662.84ms
step:1910/3325 train_time:1266.013s step_avg:662.83ms
step:1911/3325 train_time:1266.673s step_avg:662.83ms
step:1912/3325 train_time:1267.333s step_avg:662.83ms
step:1913/3325 train_time:1267.994s step_avg:662.83ms
step:1914/3325 train_time:1268.655s step_avg:662.83ms
step:1915/3325 train_time:1269.313s step_avg:662.83ms
step:1916/3325 train_time:1269.977s step_avg:662.83ms
step:1917/3325 train_time:1270.636s step_avg:662.83ms
step:1918/3325 train_time:1271.298s step_avg:662.83ms
step:1919/3325 train_time:1271.958s step_avg:662.82ms
step:1920/3325 train_time:1272.619s step_avg:662.82ms
step:1921/3325 train_time:1273.288s step_avg:662.83ms
step:1922/3325 train_time:1273.947s step_avg:662.82ms
step:1923/3325 train_time:1274.609s step_avg:662.82ms
step:1924/3325 train_time:1275.273s step_avg:662.82ms
step:1925/3325 train_time:1275.933s step_avg:662.82ms
step:1926/3325 train_time:1276.596s step_avg:662.82ms
step:1927/3325 train_time:1277.257s step_avg:662.82ms
step:1928/3325 train_time:1277.916s step_avg:662.82ms
step:1929/3325 train_time:1278.576s step_avg:662.82ms
step:1930/3325 train_time:1279.235s step_avg:662.82ms
step:1931/3325 train_time:1279.897s step_avg:662.82ms
step:1932/3325 train_time:1280.557s step_avg:662.81ms
step:1933/3325 train_time:1281.217s step_avg:662.81ms
step:1934/3325 train_time:1281.879s step_avg:662.81ms
step:1935/3325 train_time:1282.542s step_avg:662.81ms
step:1936/3325 train_time:1283.202s step_avg:662.81ms
step:1937/3325 train_time:1283.867s step_avg:662.81ms
step:1938/3325 train_time:1284.525s step_avg:662.81ms
step:1939/3325 train_time:1285.192s step_avg:662.81ms
step:1940/3325 train_time:1285.852s step_avg:662.81ms
step:1941/3325 train_time:1286.515s step_avg:662.81ms
step:1942/3325 train_time:1287.176s step_avg:662.81ms
step:1943/3325 train_time:1287.838s step_avg:662.81ms
step:1944/3325 train_time:1288.504s step_avg:662.81ms
step:1945/3325 train_time:1289.165s step_avg:662.81ms
step:1946/3325 train_time:1289.825s step_avg:662.81ms
step:1947/3325 train_time:1290.488s step_avg:662.81ms
step:1948/3325 train_time:1291.148s step_avg:662.81ms
step:1949/3325 train_time:1291.811s step_avg:662.81ms
step:1950/3325 train_time:1292.476s step_avg:662.81ms
step:1951/3325 train_time:1293.134s step_avg:662.81ms
step:1952/3325 train_time:1293.796s step_avg:662.81ms
step:1953/3325 train_time:1294.457s step_avg:662.80ms
step:1954/3325 train_time:1295.117s step_avg:662.80ms
step:1955/3325 train_time:1295.783s step_avg:662.80ms
step:1956/3325 train_time:1296.439s step_avg:662.80ms
step:1957/3325 train_time:1297.107s step_avg:662.80ms
step:1958/3325 train_time:1297.764s step_avg:662.80ms
step:1959/3325 train_time:1298.427s step_avg:662.80ms
step:1960/3325 train_time:1299.087s step_avg:662.80ms
step:1961/3325 train_time:1299.748s step_avg:662.80ms
step:1962/3325 train_time:1300.411s step_avg:662.80ms
step:1963/3325 train_time:1301.073s step_avg:662.80ms
step:1964/3325 train_time:1301.734s step_avg:662.80ms
step:1965/3325 train_time:1302.394s step_avg:662.80ms
step:1966/3325 train_time:1303.055s step_avg:662.80ms
step:1967/3325 train_time:1303.713s step_avg:662.79ms
step:1968/3325 train_time:1304.375s step_avg:662.79ms
step:1969/3325 train_time:1305.034s step_avg:662.79ms
step:1970/3325 train_time:1305.697s step_avg:662.79ms
step:1971/3325 train_time:1306.356s step_avg:662.79ms
step:1972/3325 train_time:1307.016s step_avg:662.79ms
step:1973/3325 train_time:1307.677s step_avg:662.79ms
step:1974/3325 train_time:1308.338s step_avg:662.78ms
step:1975/3325 train_time:1309.000s step_avg:662.79ms
step:1976/3325 train_time:1309.662s step_avg:662.78ms
step:1977/3325 train_time:1310.324s step_avg:662.78ms
step:1978/3325 train_time:1310.987s step_avg:662.78ms
step:1979/3325 train_time:1311.646s step_avg:662.78ms
step:1980/3325 train_time:1312.308s step_avg:662.78ms
step:1981/3325 train_time:1312.970s step_avg:662.78ms
step:1982/3325 train_time:1313.630s step_avg:662.78ms
step:1983/3325 train_time:1314.292s step_avg:662.78ms
step:1984/3325 train_time:1314.954s step_avg:662.78ms
step:1985/3325 train_time:1315.613s step_avg:662.78ms
step:1986/3325 train_time:1316.274s step_avg:662.78ms
step:1987/3325 train_time:1316.934s step_avg:662.78ms
step:1988/3325 train_time:1317.596s step_avg:662.77ms
step:1989/3325 train_time:1318.256s step_avg:662.77ms
step:1990/3325 train_time:1318.916s step_avg:662.77ms
step:1991/3325 train_time:1319.579s step_avg:662.77ms
step:1992/3325 train_time:1320.241s step_avg:662.77ms
step:1993/3325 train_time:1320.903s step_avg:662.77ms
step:1994/3325 train_time:1321.567s step_avg:662.77ms
step:1995/3325 train_time:1322.224s step_avg:662.77ms
step:1996/3325 train_time:1322.890s step_avg:662.77ms
step:1997/3325 train_time:1323.551s step_avg:662.77ms
step:1998/3325 train_time:1324.211s step_avg:662.77ms
step:1999/3325 train_time:1324.874s step_avg:662.77ms
step:2000/3325 train_time:1325.533s step_avg:662.77ms
step:2000/3325 val_loss:3.47799 train_time:1325.543s step_avg:661.46ms
step:2001/3325 train_time:1326.203s step_avg:662.77ms
step:2002/3325 train_time:1326.860s step_avg:662.77ms
step:2003/3325 train_time:1327.527s step_avg:662.77ms
step:2004/3325 train_time:1328.186s step_avg:662.77ms
step:2005/3325 train_time:1328.851s step_avg:662.77ms
step:2006/3325 train_time:1329.509s step_avg:662.77ms
step:2007/3325 train_time:1330.178s step_avg:662.77ms
step:2008/3325 train_time:1330.836s step_avg:662.77ms
step:2009/3325 train_time:1331.499s step_avg:662.77ms
step:2010/3325 train_time:1332.160s step_avg:662.77ms
step:2011/3325 train_time:1332.820s step_avg:662.76ms
step:2012/3325 train_time:1333.481s step_avg:662.76ms
step:2013/3325 train_time:1334.141s step_avg:662.76ms
step:2014/3325 train_time:1334.800s step_avg:662.76ms
step:2015/3325 train_time:1335.463s step_avg:662.76ms
step:2016/3325 train_time:1336.124s step_avg:662.76ms
step:2017/3325 train_time:1336.785s step_avg:662.76ms
step:2018/3325 train_time:1337.446s step_avg:662.76ms
step:2019/3325 train_time:1338.104s step_avg:662.76ms
step:2020/3325 train_time:1338.767s step_avg:662.76ms
step:2021/3325 train_time:1339.428s step_avg:662.76ms
step:2022/3325 train_time:1340.094s step_avg:662.76ms
step:2023/3325 train_time:1340.752s step_avg:662.75ms
step:2024/3325 train_time:1341.413s step_avg:662.75ms
step:2025/3325 train_time:1342.079s step_avg:662.75ms
step:2026/3325 train_time:1342.740s step_avg:662.75ms
step:2027/3325 train_time:1343.401s step_avg:662.75ms
step:2028/3325 train_time:1344.062s step_avg:662.75ms
step:2029/3325 train_time:1344.722s step_avg:662.75ms
step:2030/3325 train_time:1345.383s step_avg:662.75ms
step:2031/3325 train_time:1346.044s step_avg:662.75ms
step:2032/3325 train_time:1346.704s step_avg:662.75ms
step:2033/3325 train_time:1347.366s step_avg:662.75ms
step:2034/3325 train_time:1348.028s step_avg:662.75ms
step:2035/3325 train_time:1348.693s step_avg:662.75ms
step:2036/3325 train_time:1349.353s step_avg:662.75ms
step:2037/3325 train_time:1350.012s step_avg:662.75ms
step:2038/3325 train_time:1350.676s step_avg:662.75ms
step:2039/3325 train_time:1351.337s step_avg:662.74ms
step:2040/3325 train_time:1351.999s step_avg:662.74ms
step:2041/3325 train_time:1352.662s step_avg:662.74ms
step:2042/3325 train_time:1353.320s step_avg:662.74ms
step:2043/3325 train_time:1353.984s step_avg:662.74ms
step:2044/3325 train_time:1354.644s step_avg:662.74ms
step:2045/3325 train_time:1355.304s step_avg:662.74ms
step:2046/3325 train_time:1355.967s step_avg:662.74ms
step:2047/3325 train_time:1356.629s step_avg:662.74ms
step:2048/3325 train_time:1357.291s step_avg:662.74ms
step:2049/3325 train_time:1357.953s step_avg:662.74ms
step:2050/3325 train_time:1358.611s step_avg:662.74ms
step:2051/3325 train_time:1359.277s step_avg:662.74ms
step:2052/3325 train_time:1359.937s step_avg:662.74ms
step:2053/3325 train_time:1360.599s step_avg:662.74ms
step:2054/3325 train_time:1361.262s step_avg:662.74ms
step:2055/3325 train_time:1361.926s step_avg:662.74ms
step:2056/3325 train_time:1362.587s step_avg:662.74ms
step:2057/3325 train_time:1363.251s step_avg:662.74ms
step:2058/3325 train_time:1363.907s step_avg:662.73ms
step:2059/3325 train_time:1364.574s step_avg:662.74ms
step:2060/3325 train_time:1365.232s step_avg:662.73ms
step:2061/3325 train_time:1365.896s step_avg:662.73ms
step:2062/3325 train_time:1366.558s step_avg:662.73ms
step:2063/3325 train_time:1367.221s step_avg:662.73ms
step:2064/3325 train_time:1367.882s step_avg:662.73ms
step:2065/3325 train_time:1368.542s step_avg:662.73ms
step:2066/3325 train_time:1369.202s step_avg:662.73ms
step:2067/3325 train_time:1369.864s step_avg:662.73ms
step:2068/3325 train_time:1370.523s step_avg:662.73ms
step:2069/3325 train_time:1371.186s step_avg:662.73ms
step:2070/3325 train_time:1371.847s step_avg:662.73ms
step:2071/3325 train_time:1372.510s step_avg:662.73ms
step:2072/3325 train_time:1373.174s step_avg:662.73ms
step:2073/3325 train_time:1373.832s step_avg:662.73ms
step:2074/3325 train_time:1374.495s step_avg:662.73ms
step:2075/3325 train_time:1375.158s step_avg:662.73ms
step:2076/3325 train_time:1375.818s step_avg:662.73ms
step:2077/3325 train_time:1376.480s step_avg:662.72ms
step:2078/3325 train_time:1377.141s step_avg:662.72ms
step:2079/3325 train_time:1377.802s step_avg:662.72ms
step:2080/3325 train_time:1378.463s step_avg:662.72ms
step:2081/3325 train_time:1379.125s step_avg:662.72ms
step:2082/3325 train_time:1379.786s step_avg:662.72ms
step:2083/3325 train_time:1380.448s step_avg:662.72ms
step:2084/3325 train_time:1381.109s step_avg:662.72ms
step:2085/3325 train_time:1381.776s step_avg:662.72ms
step:2086/3325 train_time:1382.432s step_avg:662.72ms
step:2087/3325 train_time:1383.097s step_avg:662.72ms
step:2088/3325 train_time:1383.758s step_avg:662.72ms
step:2089/3325 train_time:1384.420s step_avg:662.72ms
step:2090/3325 train_time:1385.082s step_avg:662.72ms
step:2091/3325 train_time:1385.774s step_avg:662.73ms
step:2092/3325 train_time:1386.435s step_avg:662.73ms
step:2093/3325 train_time:1387.095s step_avg:662.73ms
step:2094/3325 train_time:1387.760s step_avg:662.73ms
step:2095/3325 train_time:1388.420s step_avg:662.73ms
step:2096/3325 train_time:1389.082s step_avg:662.73ms
step:2097/3325 train_time:1389.743s step_avg:662.73ms
step:2098/3325 train_time:1390.401s step_avg:662.73ms
step:2099/3325 train_time:1391.063s step_avg:662.73ms
step:2100/3325 train_time:1391.723s step_avg:662.73ms
step:2101/3325 train_time:1392.385s step_avg:662.72ms
step:2102/3325 train_time:1393.045s step_avg:662.72ms
step:2103/3325 train_time:1393.705s step_avg:662.72ms
step:2104/3325 train_time:1394.370s step_avg:662.72ms
step:2105/3325 train_time:1395.033s step_avg:662.72ms
step:2106/3325 train_time:1395.692s step_avg:662.72ms
step:2107/3325 train_time:1396.357s step_avg:662.72ms
step:2108/3325 train_time:1397.016s step_avg:662.72ms
step:2109/3325 train_time:1397.680s step_avg:662.72ms
step:2110/3325 train_time:1398.341s step_avg:662.72ms
step:2111/3325 train_time:1399.001s step_avg:662.72ms
step:2112/3325 train_time:1399.663s step_avg:662.72ms
step:2113/3325 train_time:1400.323s step_avg:662.72ms
step:2114/3325 train_time:1400.985s step_avg:662.72ms
step:2115/3325 train_time:1401.645s step_avg:662.72ms
step:2116/3325 train_time:1402.305s step_avg:662.71ms
step:2117/3325 train_time:1402.969s step_avg:662.72ms
step:2118/3325 train_time:1403.628s step_avg:662.71ms
step:2119/3325 train_time:1404.295s step_avg:662.72ms
step:2120/3325 train_time:1404.956s step_avg:662.72ms
step:2121/3325 train_time:1405.617s step_avg:662.71ms
step:2122/3325 train_time:1406.282s step_avg:662.72ms
step:2123/3325 train_time:1406.942s step_avg:662.71ms
step:2124/3325 train_time:1407.602s step_avg:662.71ms
step:2125/3325 train_time:1408.263s step_avg:662.71ms
step:2125/3325 val_loss:3.45533 train_time:1408.274s step_avg:661.84ms
step:2126/3325 train_time:1408.935s step_avg:662.72ms
step:2127/3325 train_time:1409.592s step_avg:662.71ms
step:2128/3325 train_time:1410.257s step_avg:662.71ms
step:2129/3325 train_time:1410.918s step_avg:662.71ms
step:2130/3325 train_time:1411.584s step_avg:662.72ms
step:2131/3325 train_time:1412.246s step_avg:662.72ms
step:2132/3325 train_time:1412.907s step_avg:662.71ms
step:2133/3325 train_time:1413.569s step_avg:662.71ms
step:2134/3325 train_time:1414.230s step_avg:662.71ms
step:2135/3325 train_time:1414.890s step_avg:662.71ms
step:2136/3325 train_time:1415.553s step_avg:662.71ms
step:2137/3325 train_time:1416.210s step_avg:662.71ms
step:2138/3325 train_time:1416.875s step_avg:662.71ms
step:2139/3325 train_time:1417.535s step_avg:662.71ms
step:2140/3325 train_time:1418.196s step_avg:662.71ms
step:2141/3325 train_time:1418.860s step_avg:662.71ms
step:2142/3325 train_time:1419.522s step_avg:662.71ms
step:2143/3325 train_time:1420.185s step_avg:662.71ms
step:2144/3325 train_time:1420.849s step_avg:662.71ms
step:2145/3325 train_time:1421.509s step_avg:662.71ms
step:2146/3325 train_time:1422.171s step_avg:662.71ms
step:2147/3325 train_time:1422.832s step_avg:662.71ms
step:2148/3325 train_time:1423.492s step_avg:662.71ms
step:2149/3325 train_time:1424.154s step_avg:662.71ms
step:2150/3325 train_time:1424.814s step_avg:662.70ms
step:2151/3325 train_time:1425.475s step_avg:662.70ms
step:2152/3325 train_time:1426.136s step_avg:662.70ms
step:2153/3325 train_time:1426.796s step_avg:662.70ms
step:2154/3325 train_time:1427.459s step_avg:662.70ms
step:2155/3325 train_time:1428.119s step_avg:662.70ms
step:2156/3325 train_time:1428.786s step_avg:662.70ms
step:2157/3325 train_time:1429.447s step_avg:662.70ms
step:2158/3325 train_time:1430.109s step_avg:662.70ms
step:2159/3325 train_time:1430.772s step_avg:662.70ms
step:2160/3325 train_time:1431.434s step_avg:662.70ms
step:2161/3325 train_time:1432.092s step_avg:662.70ms
step:2162/3325 train_time:1432.755s step_avg:662.70ms
step:2163/3325 train_time:1433.415s step_avg:662.70ms
step:2164/3325 train_time:1434.075s step_avg:662.70ms
step:2165/3325 train_time:1434.735s step_avg:662.70ms
step:2166/3325 train_time:1435.394s step_avg:662.69ms
step:2167/3325 train_time:1436.058s step_avg:662.69ms
step:2168/3325 train_time:1436.719s step_avg:662.69ms
step:2169/3325 train_time:1437.384s step_avg:662.69ms
step:2170/3325 train_time:1438.042s step_avg:662.69ms
step:2171/3325 train_time:1438.705s step_avg:662.69ms
step:2172/3325 train_time:1439.369s step_avg:662.69ms
step:2173/3325 train_time:1440.031s step_avg:662.69ms
step:2174/3325 train_time:1440.692s step_avg:662.69ms
step:2175/3325 train_time:1441.355s step_avg:662.69ms
step:2176/3325 train_time:1442.014s step_avg:662.69ms
step:2177/3325 train_time:1442.674s step_avg:662.69ms
step:2178/3325 train_time:1443.334s step_avg:662.69ms
step:2179/3325 train_time:1443.994s step_avg:662.69ms
step:2180/3325 train_time:1444.655s step_avg:662.69ms
step:2181/3325 train_time:1445.316s step_avg:662.69ms
step:2182/3325 train_time:1445.978s step_avg:662.68ms
step:2183/3325 train_time:1446.640s step_avg:662.68ms
step:2184/3325 train_time:1447.298s step_avg:662.68ms
step:2185/3325 train_time:1447.963s step_avg:662.68ms
step:2186/3325 train_time:1448.619s step_avg:662.68ms
step:2187/3325 train_time:1449.284s step_avg:662.68ms
step:2188/3325 train_time:1449.945s step_avg:662.68ms
step:2189/3325 train_time:1450.603s step_avg:662.68ms
step:2190/3325 train_time:1451.266s step_avg:662.68ms
step:2191/3325 train_time:1451.928s step_avg:662.68ms
step:2192/3325 train_time:1452.590s step_avg:662.68ms
step:2193/3325 train_time:1453.251s step_avg:662.68ms
step:2194/3325 train_time:1453.911s step_avg:662.68ms
step:2195/3325 train_time:1454.573s step_avg:662.68ms
step:2196/3325 train_time:1455.231s step_avg:662.67ms
step:2197/3325 train_time:1455.894s step_avg:662.67ms
step:2198/3325 train_time:1456.556s step_avg:662.67ms
step:2199/3325 train_time:1457.217s step_avg:662.67ms
step:2200/3325 train_time:1457.881s step_avg:662.67ms
step:2201/3325 train_time:1458.543s step_avg:662.67ms
step:2202/3325 train_time:1459.201s step_avg:662.67ms
step:2203/3325 train_time:1459.867s step_avg:662.67ms
step:2204/3325 train_time:1460.525s step_avg:662.67ms
step:2205/3325 train_time:1461.187s step_avg:662.67ms
step:2206/3325 train_time:1461.849s step_avg:662.67ms
step:2207/3325 train_time:1462.510s step_avg:662.67ms
step:2208/3325 train_time:1463.172s step_avg:662.67ms
step:2209/3325 train_time:1463.833s step_avg:662.67ms
step:2210/3325 train_time:1464.492s step_avg:662.67ms
step:2211/3325 train_time:1465.153s step_avg:662.67ms
step:2212/3325 train_time:1465.814s step_avg:662.66ms
step:2213/3325 train_time:1466.473s step_avg:662.66ms
step:2214/3325 train_time:1467.135s step_avg:662.66ms
step:2215/3325 train_time:1467.793s step_avg:662.66ms
step:2216/3325 train_time:1468.456s step_avg:662.66ms
step:2217/3325 train_time:1469.114s step_avg:662.66ms
step:2218/3325 train_time:1469.777s step_avg:662.66ms
step:2219/3325 train_time:1470.439s step_avg:662.66ms
step:2220/3325 train_time:1471.101s step_avg:662.66ms
step:2221/3325 train_time:1471.767s step_avg:662.66ms
step:2222/3325 train_time:1472.427s step_avg:662.66ms
step:2223/3325 train_time:1473.089s step_avg:662.66ms
step:2224/3325 train_time:1473.751s step_avg:662.66ms
step:2225/3325 train_time:1474.410s step_avg:662.66ms
step:2226/3325 train_time:1475.072s step_avg:662.66ms
step:2227/3325 train_time:1475.732s step_avg:662.65ms
step:2228/3325 train_time:1476.392s step_avg:662.65ms
step:2229/3325 train_time:1477.058s step_avg:662.65ms
step:2230/3325 train_time:1477.720s step_avg:662.65ms
step:2231/3325 train_time:1478.382s step_avg:662.65ms
step:2232/3325 train_time:1479.048s step_avg:662.66ms
step:2233/3325 train_time:1479.704s step_avg:662.65ms
step:2234/3325 train_time:1480.367s step_avg:662.65ms
step:2235/3325 train_time:1481.027s step_avg:662.65ms
step:2236/3325 train_time:1481.688s step_avg:662.65ms
step:2237/3325 train_time:1482.350s step_avg:662.65ms
step:2238/3325 train_time:1483.012s step_avg:662.65ms
step:2239/3325 train_time:1483.675s step_avg:662.65ms
step:2240/3325 train_time:1484.336s step_avg:662.65ms
step:2241/3325 train_time:1484.996s step_avg:662.65ms
step:2242/3325 train_time:1485.661s step_avg:662.65ms
step:2243/3325 train_time:1486.319s step_avg:662.65ms
step:2244/3325 train_time:1486.985s step_avg:662.65ms
step:2245/3325 train_time:1487.645s step_avg:662.65ms
step:2246/3325 train_time:1488.306s step_avg:662.65ms
step:2247/3325 train_time:1488.970s step_avg:662.65ms
step:2248/3325 train_time:1489.630s step_avg:662.65ms
step:2249/3325 train_time:1490.290s step_avg:662.65ms
step:2250/3325 train_time:1490.952s step_avg:662.65ms
step:2250/3325 val_loss:3.43373 train_time:1490.963s step_avg:661.51ms
step:2251/3325 train_time:1491.623s step_avg:662.65ms
step:2252/3325 train_time:1492.281s step_avg:662.65ms
step:2253/3325 train_time:1492.946s step_avg:662.65ms
step:2254/3325 train_time:1493.609s step_avg:662.65ms
step:2255/3325 train_time:1494.273s step_avg:662.65ms
step:2256/3325 train_time:1494.936s step_avg:662.65ms
step:2257/3325 train_time:1495.597s step_avg:662.65ms
step:2258/3325 train_time:1496.261s step_avg:662.65ms
step:2259/3325 train_time:1496.921s step_avg:662.65ms
step:2260/3325 train_time:1497.582s step_avg:662.65ms
step:2261/3325 train_time:1498.244s step_avg:662.65ms
step:2262/3325 train_time:1498.902s step_avg:662.64ms
step:2263/3325 train_time:1499.565s step_avg:662.64ms
step:2264/3325 train_time:1500.224s step_avg:662.64ms
step:2265/3325 train_time:1500.883s step_avg:662.64ms
step:2266/3325 train_time:1501.545s step_avg:662.64ms
step:2267/3325 train_time:1502.205s step_avg:662.64ms
step:2268/3325 train_time:1502.866s step_avg:662.64ms
step:2269/3325 train_time:1503.527s step_avg:662.64ms
step:2270/3325 train_time:1504.186s step_avg:662.64ms
step:2271/3325 train_time:1504.851s step_avg:662.64ms
step:2272/3325 train_time:1505.512s step_avg:662.64ms
step:2273/3325 train_time:1506.175s step_avg:662.64ms
step:2274/3325 train_time:1506.836s step_avg:662.64ms
step:2275/3325 train_time:1507.493s step_avg:662.63ms
step:2276/3325 train_time:1508.157s step_avg:662.63ms
step:2277/3325 train_time:1508.817s step_avg:662.63ms
step:2278/3325 train_time:1509.480s step_avg:662.63ms
step:2279/3325 train_time:1510.143s step_avg:662.63ms
step:2280/3325 train_time:1510.802s step_avg:662.63ms
step:2281/3325 train_time:1511.491s step_avg:662.64ms
step:2282/3325 train_time:1512.154s step_avg:662.64ms
step:2283/3325 train_time:1512.812s step_avg:662.64ms
step:2284/3325 train_time:1513.477s step_avg:662.64ms
step:2285/3325 train_time:1514.137s step_avg:662.64ms
step:2286/3325 train_time:1514.798s step_avg:662.64ms
step:2287/3325 train_time:1515.461s step_avg:662.64ms
step:2288/3325 train_time:1516.122s step_avg:662.64ms
step:2289/3325 train_time:1516.783s step_avg:662.64ms
step:2290/3325 train_time:1517.443s step_avg:662.64ms
step:2291/3325 train_time:1518.103s step_avg:662.64ms
step:2292/3325 train_time:1518.764s step_avg:662.64ms
step:2293/3325 train_time:1519.423s step_avg:662.64ms
step:2294/3325 train_time:1520.083s step_avg:662.63ms
step:2295/3325 train_time:1520.744s step_avg:662.63ms
step:2296/3325 train_time:1521.403s step_avg:662.63ms
step:2297/3325 train_time:1522.068s step_avg:662.63ms
step:2298/3325 train_time:1522.728s step_avg:662.63ms
step:2299/3325 train_time:1523.389s step_avg:662.63ms
step:2300/3325 train_time:1524.055s step_avg:662.63ms
step:2301/3325 train_time:1524.712s step_avg:662.63ms
step:2302/3325 train_time:1525.377s step_avg:662.63ms
step:2303/3325 train_time:1526.038s step_avg:662.63ms
step:2304/3325 train_time:1526.698s step_avg:662.63ms
step:2305/3325 train_time:1527.361s step_avg:662.63ms
step:2306/3325 train_time:1528.021s step_avg:662.63ms
step:2307/3325 train_time:1528.683s step_avg:662.63ms
step:2308/3325 train_time:1529.343s step_avg:662.63ms
step:2309/3325 train_time:1530.003s step_avg:662.63ms
step:2310/3325 train_time:1530.664s step_avg:662.62ms
step:2311/3325 train_time:1531.325s step_avg:662.62ms
step:2312/3325 train_time:1531.984s step_avg:662.62ms
step:2313/3325 train_time:1532.647s step_avg:662.62ms
step:2314/3325 train_time:1533.306s step_avg:662.62ms
step:2315/3325 train_time:1533.968s step_avg:662.62ms
step:2316/3325 train_time:1534.627s step_avg:662.62ms
step:2317/3325 train_time:1535.287s step_avg:662.62ms
step:2318/3325 train_time:1535.949s step_avg:662.62ms
step:2319/3325 train_time:1536.608s step_avg:662.62ms
step:2320/3325 train_time:1537.272s step_avg:662.62ms
step:2321/3325 train_time:1537.934s step_avg:662.62ms
step:2322/3325 train_time:1538.590s step_avg:662.61ms
step:2323/3325 train_time:1539.259s step_avg:662.62ms
step:2324/3325 train_time:1539.919s step_avg:662.62ms
step:2325/3325 train_time:1540.581s step_avg:662.62ms
step:2326/3325 train_time:1541.242s step_avg:662.61ms
step:2327/3325 train_time:1541.902s step_avg:662.61ms
step:2328/3325 train_time:1542.564s step_avg:662.61ms
step:2329/3325 train_time:1543.225s step_avg:662.61ms
step:2330/3325 train_time:1543.885s step_avg:662.61ms
step:2331/3325 train_time:1544.547s step_avg:662.61ms
step:2332/3325 train_time:1545.209s step_avg:662.61ms
step:2333/3325 train_time:1545.873s step_avg:662.61ms
step:2334/3325 train_time:1546.534s step_avg:662.61ms
step:2335/3325 train_time:1547.194s step_avg:662.61ms
step:2336/3325 train_time:1547.857s step_avg:662.61ms
step:2337/3325 train_time:1548.517s step_avg:662.61ms
step:2338/3325 train_time:1549.177s step_avg:662.61ms
step:2339/3325 train_time:1549.839s step_avg:662.61ms
step:2340/3325 train_time:1550.498s step_avg:662.61ms
step:2341/3325 train_time:1551.161s step_avg:662.61ms
step:2342/3325 train_time:1551.822s step_avg:662.61ms
step:2343/3325 train_time:1552.483s step_avg:662.60ms
step:2344/3325 train_time:1553.145s step_avg:662.60ms
step:2345/3325 train_time:1553.804s step_avg:662.60ms
step:2346/3325 train_time:1554.466s step_avg:662.60ms
step:2347/3325 train_time:1555.126s step_avg:662.60ms
step:2348/3325 train_time:1555.785s step_avg:662.60ms
step:2349/3325 train_time:1556.447s step_avg:662.60ms
step:2350/3325 train_time:1557.106s step_avg:662.60ms
step:2351/3325 train_time:1557.767s step_avg:662.60ms
step:2352/3325 train_time:1558.427s step_avg:662.60ms
step:2353/3325 train_time:1559.087s step_avg:662.60ms
step:2354/3325 train_time:1559.749s step_avg:662.60ms
step:2355/3325 train_time:1560.412s step_avg:662.60ms
step:2356/3325 train_time:1561.074s step_avg:662.60ms
step:2357/3325 train_time:1561.739s step_avg:662.60ms
step:2358/3325 train_time:1562.397s step_avg:662.59ms
step:2359/3325 train_time:1563.060s step_avg:662.59ms
step:2360/3325 train_time:1563.721s step_avg:662.59ms
step:2361/3325 train_time:1564.382s step_avg:662.59ms
step:2362/3325 train_time:1565.044s step_avg:662.59ms
step:2363/3325 train_time:1565.705s step_avg:662.59ms
step:2364/3325 train_time:1566.365s step_avg:662.59ms
step:2365/3325 train_time:1567.025s step_avg:662.59ms
step:2366/3325 train_time:1567.685s step_avg:662.59ms
step:2367/3325 train_time:1568.346s step_avg:662.59ms
step:2368/3325 train_time:1569.007s step_avg:662.59ms
step:2369/3325 train_time:1569.668s step_avg:662.59ms
step:2370/3325 train_time:1570.328s step_avg:662.59ms
step:2371/3325 train_time:1570.987s step_avg:662.58ms
step:2372/3325 train_time:1571.649s step_avg:662.58ms
step:2373/3325 train_time:1572.310s step_avg:662.58ms
step:2374/3325 train_time:1572.972s step_avg:662.58ms
step:2375/3325 train_time:1573.637s step_avg:662.58ms
step:2375/3325 val_loss:3.41453 train_time:1573.647s step_avg:661.48ms
step:2376/3325 train_time:1574.311s step_avg:662.59ms
step:2377/3325 train_time:1574.967s step_avg:662.59ms
step:2378/3325 train_time:1575.635s step_avg:662.59ms
step:2379/3325 train_time:1576.295s step_avg:662.59ms
step:2380/3325 train_time:1576.958s step_avg:662.59ms
step:2381/3325 train_time:1577.620s step_avg:662.59ms
step:2382/3325 train_time:1578.279s step_avg:662.59ms
step:2383/3325 train_time:1578.941s step_avg:662.59ms
step:2384/3325 train_time:1579.602s step_avg:662.58ms
step:2385/3325 train_time:1580.264s step_avg:662.58ms
step:2386/3325 train_time:1580.930s step_avg:662.59ms
step:2387/3325 train_time:1581.586s step_avg:662.58ms
step:2388/3325 train_time:1582.255s step_avg:662.59ms
step:2389/3325 train_time:1582.914s step_avg:662.58ms
step:2390/3325 train_time:1583.575s step_avg:662.58ms
step:2391/3325 train_time:1584.237s step_avg:662.58ms
step:2392/3325 train_time:1584.898s step_avg:662.58ms
step:2393/3325 train_time:1585.559s step_avg:662.58ms
step:2394/3325 train_time:1586.222s step_avg:662.58ms
step:2395/3325 train_time:1586.881s step_avg:662.58ms
step:2396/3325 train_time:1587.544s step_avg:662.58ms
step:2397/3325 train_time:1588.207s step_avg:662.58ms
step:2398/3325 train_time:1588.873s step_avg:662.58ms
step:2399/3325 train_time:1589.535s step_avg:662.58ms
step:2400/3325 train_time:1590.195s step_avg:662.58ms
step:2401/3325 train_time:1590.857s step_avg:662.58ms
step:2402/3325 train_time:1591.520s step_avg:662.58ms
step:2403/3325 train_time:1592.180s step_avg:662.58ms
step:2404/3325 train_time:1592.842s step_avg:662.58ms
step:2405/3325 train_time:1593.506s step_avg:662.58ms
step:2406/3325 train_time:1594.173s step_avg:662.58ms
step:2407/3325 train_time:1594.834s step_avg:662.58ms
step:2408/3325 train_time:1595.496s step_avg:662.58ms
step:2409/3325 train_time:1596.158s step_avg:662.58ms
step:2410/3325 train_time:1596.819s step_avg:662.58ms
step:2411/3325 train_time:1597.480s step_avg:662.58ms
step:2412/3325 train_time:1598.141s step_avg:662.58ms
step:2413/3325 train_time:1598.803s step_avg:662.58ms
step:2414/3325 train_time:1599.463s step_avg:662.58ms
step:2415/3325 train_time:1600.126s step_avg:662.58ms
step:2416/3325 train_time:1600.787s step_avg:662.58ms
step:2417/3325 train_time:1601.455s step_avg:662.58ms
step:2418/3325 train_time:1602.116s step_avg:662.58ms
step:2419/3325 train_time:1602.778s step_avg:662.58ms
step:2420/3325 train_time:1603.440s step_avg:662.58ms
step:2421/3325 train_time:1604.100s step_avg:662.58ms
step:2422/3325 train_time:1604.763s step_avg:662.58ms
step:2423/3325 train_time:1605.423s step_avg:662.58ms
step:2424/3325 train_time:1606.082s step_avg:662.58ms
step:2425/3325 train_time:1606.744s step_avg:662.58ms
step:2426/3325 train_time:1607.407s step_avg:662.57ms
step:2427/3325 train_time:1608.068s step_avg:662.57ms
step:2428/3325 train_time:1608.733s step_avg:662.58ms
step:2429/3325 train_time:1609.390s step_avg:662.57ms
step:2430/3325 train_time:1610.054s step_avg:662.57ms
step:2431/3325 train_time:1610.711s step_avg:662.57ms
step:2432/3325 train_time:1611.372s step_avg:662.57ms
step:2433/3325 train_time:1612.035s step_avg:662.57ms
step:2434/3325 train_time:1612.695s step_avg:662.57ms
step:2435/3325 train_time:1613.357s step_avg:662.57ms
step:2436/3325 train_time:1614.019s step_avg:662.57ms
step:2437/3325 train_time:1614.678s step_avg:662.57ms
step:2438/3325 train_time:1615.341s step_avg:662.57ms
step:2439/3325 train_time:1616.000s step_avg:662.57ms
step:2440/3325 train_time:1616.665s step_avg:662.57ms
step:2441/3325 train_time:1617.331s step_avg:662.57ms
step:2442/3325 train_time:1617.986s step_avg:662.57ms
step:2443/3325 train_time:1618.656s step_avg:662.57ms
step:2444/3325 train_time:1619.318s step_avg:662.57ms
step:2445/3325 train_time:1619.980s step_avg:662.57ms
step:2446/3325 train_time:1620.642s step_avg:662.57ms
step:2447/3325 train_time:1621.304s step_avg:662.57ms
step:2448/3325 train_time:1621.966s step_avg:662.57ms
step:2449/3325 train_time:1622.630s step_avg:662.57ms
step:2450/3325 train_time:1623.288s step_avg:662.57ms
step:2451/3325 train_time:1623.955s step_avg:662.57ms
step:2452/3325 train_time:1624.615s step_avg:662.57ms
step:2453/3325 train_time:1625.277s step_avg:662.57ms
step:2454/3325 train_time:1625.939s step_avg:662.57ms
step:2455/3325 train_time:1626.599s step_avg:662.57ms
step:2456/3325 train_time:1627.260s step_avg:662.57ms
step:2457/3325 train_time:1627.920s step_avg:662.56ms
step:2458/3325 train_time:1628.580s step_avg:662.56ms
step:2459/3325 train_time:1629.240s step_avg:662.56ms
step:2460/3325 train_time:1629.902s step_avg:662.56ms
step:2461/3325 train_time:1630.561s step_avg:662.56ms
step:2462/3325 train_time:1631.223s step_avg:662.56ms
step:2463/3325 train_time:1631.882s step_avg:662.56ms
step:2464/3325 train_time:1632.548s step_avg:662.56ms
step:2465/3325 train_time:1633.205s step_avg:662.56ms
step:2466/3325 train_time:1633.871s step_avg:662.56ms
step:2467/3325 train_time:1634.530s step_avg:662.56ms
step:2468/3325 train_time:1635.189s step_avg:662.56ms
step:2469/3325 train_time:1635.856s step_avg:662.56ms
step:2470/3325 train_time:1636.516s step_avg:662.56ms
step:2471/3325 train_time:1637.203s step_avg:662.57ms
step:2472/3325 train_time:1637.865s step_avg:662.57ms
step:2473/3325 train_time:1638.527s step_avg:662.57ms
step:2474/3325 train_time:1639.187s step_avg:662.57ms
step:2475/3325 train_time:1639.853s step_avg:662.57ms
step:2476/3325 train_time:1640.512s step_avg:662.57ms
step:2477/3325 train_time:1641.174s step_avg:662.57ms
step:2478/3325 train_time:1641.837s step_avg:662.57ms
step:2479/3325 train_time:1642.497s step_avg:662.56ms
step:2480/3325 train_time:1643.160s step_avg:662.56ms
step:2481/3325 train_time:1643.819s step_avg:662.56ms
step:2482/3325 train_time:1644.480s step_avg:662.56ms
step:2483/3325 train_time:1645.141s step_avg:662.56ms
step:2484/3325 train_time:1645.800s step_avg:662.56ms
step:2485/3325 train_time:1646.463s step_avg:662.56ms
step:2486/3325 train_time:1647.124s step_avg:662.56ms
step:2487/3325 train_time:1647.784s step_avg:662.56ms
step:2488/3325 train_time:1648.451s step_avg:662.56ms
step:2489/3325 train_time:1649.109s step_avg:662.56ms
step:2490/3325 train_time:1649.775s step_avg:662.56ms
step:2491/3325 train_time:1650.436s step_avg:662.56ms
step:2492/3325 train_time:1651.096s step_avg:662.56ms
step:2493/3325 train_time:1651.758s step_avg:662.56ms
step:2494/3325 train_time:1652.420s step_avg:662.56ms
step:2495/3325 train_time:1653.082s step_avg:662.56ms
step:2496/3325 train_time:1653.745s step_avg:662.56ms
step:2497/3325 train_time:1654.411s step_avg:662.56ms
step:2498/3325 train_time:1655.071s step_avg:662.56ms
step:2499/3325 train_time:1655.735s step_avg:662.56ms
step:2500/3325 train_time:1656.397s step_avg:662.56ms
step:2500/3325 val_loss:3.39371 train_time:1656.407s step_avg:662.08ms
step:2501/3325 train_time:1657.068s step_avg:662.56ms
step:2502/3325 train_time:1657.729s step_avg:662.56ms
step:2503/3325 train_time:1658.392s step_avg:662.56ms
step:2504/3325 train_time:1659.052s step_avg:662.56ms
step:2505/3325 train_time:1659.715s step_avg:662.56ms
step:2506/3325 train_time:1660.374s step_avg:662.56ms
step:2507/3325 train_time:1661.042s step_avg:662.56ms
step:2508/3325 train_time:1661.699s step_avg:662.56ms
step:2509/3325 train_time:1662.361s step_avg:662.56ms
step:2510/3325 train_time:1663.024s step_avg:662.56ms
step:2511/3325 train_time:1663.684s step_avg:662.56ms
step:2512/3325 train_time:1664.346s step_avg:662.56ms
step:2513/3325 train_time:1665.006s step_avg:662.56ms
step:2514/3325 train_time:1665.666s step_avg:662.56ms
step:2515/3325 train_time:1666.328s step_avg:662.56ms
step:2516/3325 train_time:1666.988s step_avg:662.55ms
step:2517/3325 train_time:1667.652s step_avg:662.56ms
step:2518/3325 train_time:1668.314s step_avg:662.56ms
step:2519/3325 train_time:1668.978s step_avg:662.56ms
step:2520/3325 train_time:1669.640s step_avg:662.56ms
step:2521/3325 train_time:1670.303s step_avg:662.56ms
step:2522/3325 train_time:1670.965s step_avg:662.56ms
step:2523/3325 train_time:1671.627s step_avg:662.56ms
step:2524/3325 train_time:1672.286s step_avg:662.55ms
step:2525/3325 train_time:1672.948s step_avg:662.55ms
step:2526/3325 train_time:1673.607s step_avg:662.55ms
step:2527/3325 train_time:1674.267s step_avg:662.55ms
step:2528/3325 train_time:1674.930s step_avg:662.55ms
step:2529/3325 train_time:1675.589s step_avg:662.55ms
step:2530/3325 train_time:1676.251s step_avg:662.55ms
step:2531/3325 train_time:1676.911s step_avg:662.55ms
step:2532/3325 train_time:1677.572s step_avg:662.55ms
step:2533/3325 train_time:1678.239s step_avg:662.55ms
step:2534/3325 train_time:1678.899s step_avg:662.55ms
step:2535/3325 train_time:1679.560s step_avg:662.55ms
step:2536/3325 train_time:1680.223s step_avg:662.55ms
step:2537/3325 train_time:1680.884s step_avg:662.55ms
step:2538/3325 train_time:1681.546s step_avg:662.55ms
step:2539/3325 train_time:1682.207s step_avg:662.55ms
step:2540/3325 train_time:1682.867s step_avg:662.55ms
step:2541/3325 train_time:1683.528s step_avg:662.55ms
step:2542/3325 train_time:1684.190s step_avg:662.55ms
step:2543/3325 train_time:1684.851s step_avg:662.54ms
step:2544/3325 train_time:1685.512s step_avg:662.54ms
step:2545/3325 train_time:1686.173s step_avg:662.54ms
step:2546/3325 train_time:1686.836s step_avg:662.54ms
step:2547/3325 train_time:1687.497s step_avg:662.54ms
step:2548/3325 train_time:1688.161s step_avg:662.54ms
step:2549/3325 train_time:1688.823s step_avg:662.54ms
step:2550/3325 train_time:1689.484s step_avg:662.54ms
step:2551/3325 train_time:1690.146s step_avg:662.54ms
step:2552/3325 train_time:1690.807s step_avg:662.54ms
step:2553/3325 train_time:1691.466s step_avg:662.54ms
step:2554/3325 train_time:1692.129s step_avg:662.54ms
step:2555/3325 train_time:1692.789s step_avg:662.54ms
step:2556/3325 train_time:1693.450s step_avg:662.54ms
step:2557/3325 train_time:1694.111s step_avg:662.54ms
step:2558/3325 train_time:1694.772s step_avg:662.54ms
step:2559/3325 train_time:1695.440s step_avg:662.54ms
step:2560/3325 train_time:1696.097s step_avg:662.54ms
step:2561/3325 train_time:1696.761s step_avg:662.54ms
step:2562/3325 train_time:1697.424s step_avg:662.54ms
step:2563/3325 train_time:1698.084s step_avg:662.54ms
step:2564/3325 train_time:1698.746s step_avg:662.54ms
step:2565/3325 train_time:1699.406s step_avg:662.54ms
step:2566/3325 train_time:1700.067s step_avg:662.54ms
step:2567/3325 train_time:1700.727s step_avg:662.53ms
step:2568/3325 train_time:1701.390s step_avg:662.54ms
step:2569/3325 train_time:1702.050s step_avg:662.53ms
step:2570/3325 train_time:1702.711s step_avg:662.53ms
step:2571/3325 train_time:1703.371s step_avg:662.53ms
step:2572/3325 train_time:1704.034s step_avg:662.53ms
step:2573/3325 train_time:1704.693s step_avg:662.53ms
step:2574/3325 train_time:1705.360s step_avg:662.53ms
step:2575/3325 train_time:1706.020s step_avg:662.53ms
step:2576/3325 train_time:1706.682s step_avg:662.53ms
step:2577/3325 train_time:1707.345s step_avg:662.53ms
step:2578/3325 train_time:1708.007s step_avg:662.53ms
step:2579/3325 train_time:1708.667s step_avg:662.53ms
step:2580/3325 train_time:1709.329s step_avg:662.53ms
step:2581/3325 train_time:1709.987s step_avg:662.53ms
step:2582/3325 train_time:1710.651s step_avg:662.53ms
step:2583/3325 train_time:1711.310s step_avg:662.53ms
step:2584/3325 train_time:1711.970s step_avg:662.53ms
step:2585/3325 train_time:1712.633s step_avg:662.53ms
step:2586/3325 train_time:1713.294s step_avg:662.53ms
step:2587/3325 train_time:1713.957s step_avg:662.53ms
step:2588/3325 train_time:1714.618s step_avg:662.53ms
step:2589/3325 train_time:1715.277s step_avg:662.53ms
step:2590/3325 train_time:1715.940s step_avg:662.53ms
step:2591/3325 train_time:1716.599s step_avg:662.52ms
step:2592/3325 train_time:1717.260s step_avg:662.52ms
step:2593/3325 train_time:1717.922s step_avg:662.52ms
step:2594/3325 train_time:1718.583s step_avg:662.52ms
step:2595/3325 train_time:1719.246s step_avg:662.52ms
step:2596/3325 train_time:1719.908s step_avg:662.52ms
step:2597/3325 train_time:1720.567s step_avg:662.52ms
step:2598/3325 train_time:1721.228s step_avg:662.52ms
step:2599/3325 train_time:1721.889s step_avg:662.52ms
step:2600/3325 train_time:1722.551s step_avg:662.52ms
step:2601/3325 train_time:1723.211s step_avg:662.52ms
step:2602/3325 train_time:1723.871s step_avg:662.52ms
step:2603/3325 train_time:1724.535s step_avg:662.52ms
step:2604/3325 train_time:1725.198s step_avg:662.52ms
step:2605/3325 train_time:1725.857s step_avg:662.52ms
step:2606/3325 train_time:1726.520s step_avg:662.52ms
step:2607/3325 train_time:1727.178s step_avg:662.52ms
step:2608/3325 train_time:1727.842s step_avg:662.52ms
step:2609/3325 train_time:1728.502s step_avg:662.52ms
step:2610/3325 train_time:1729.164s step_avg:662.51ms
step:2611/3325 train_time:1729.828s step_avg:662.52ms
step:2612/3325 train_time:1730.488s step_avg:662.51ms
step:2613/3325 train_time:1731.152s step_avg:662.51ms
step:2614/3325 train_time:1731.810s step_avg:662.51ms
step:2615/3325 train_time:1732.470s step_avg:662.51ms
step:2616/3325 train_time:1733.131s step_avg:662.51ms
step:2617/3325 train_time:1733.790s step_avg:662.51ms
step:2618/3325 train_time:1734.452s step_avg:662.51ms
step:2619/3325 train_time:1735.113s step_avg:662.51ms
step:2620/3325 train_time:1735.775s step_avg:662.51ms
step:2621/3325 train_time:1736.439s step_avg:662.51ms
step:2622/3325 train_time:1737.098s step_avg:662.51ms
step:2623/3325 train_time:1737.760s step_avg:662.51ms
step:2624/3325 train_time:1738.422s step_avg:662.51ms
step:2625/3325 train_time:1739.082s step_avg:662.51ms
step:2625/3325 val_loss:3.37241 train_time:1739.092s step_avg:661.48ms
step:2626/3325 train_time:1739.754s step_avg:662.51ms
step:2627/3325 train_time:1740.416s step_avg:662.51ms
step:2628/3325 train_time:1741.080s step_avg:662.51ms
step:2629/3325 train_time:1741.741s step_avg:662.51ms
step:2630/3325 train_time:1742.402s step_avg:662.51ms
step:2631/3325 train_time:1743.062s step_avg:662.51ms
step:2632/3325 train_time:1743.729s step_avg:662.51ms
step:2633/3325 train_time:1744.389s step_avg:662.51ms
step:2634/3325 train_time:1745.052s step_avg:662.51ms
step:2635/3325 train_time:1745.714s step_avg:662.51ms
step:2636/3325 train_time:1746.376s step_avg:662.51ms
step:2637/3325 train_time:1747.036s step_avg:662.51ms
step:2638/3325 train_time:1747.697s step_avg:662.51ms
step:2639/3325 train_time:1748.355s step_avg:662.51ms
step:2640/3325 train_time:1749.019s step_avg:662.51ms
step:2641/3325 train_time:1749.677s step_avg:662.51ms
step:2642/3325 train_time:1750.339s step_avg:662.51ms
step:2643/3325 train_time:1751.000s step_avg:662.50ms
step:2644/3325 train_time:1751.659s step_avg:662.50ms
step:2645/3325 train_time:1752.322s step_avg:662.50ms
step:2646/3325 train_time:1752.986s step_avg:662.50ms
step:2647/3325 train_time:1753.647s step_avg:662.50ms
step:2648/3325 train_time:1754.309s step_avg:662.50ms
step:2649/3325 train_time:1754.967s step_avg:662.50ms
step:2650/3325 train_time:1755.630s step_avg:662.50ms
step:2651/3325 train_time:1756.291s step_avg:662.50ms
step:2652/3325 train_time:1756.953s step_avg:662.50ms
step:2653/3325 train_time:1757.616s step_avg:662.50ms
step:2654/3325 train_time:1758.275s step_avg:662.50ms
step:2655/3325 train_time:1758.938s step_avg:662.50ms
step:2656/3325 train_time:1759.598s step_avg:662.50ms
step:2657/3325 train_time:1760.259s step_avg:662.50ms
step:2658/3325 train_time:1760.922s step_avg:662.50ms
step:2659/3325 train_time:1761.585s step_avg:662.50ms
step:2660/3325 train_time:1762.246s step_avg:662.50ms
step:2661/3325 train_time:1762.935s step_avg:662.51ms
step:2662/3325 train_time:1763.598s step_avg:662.51ms
step:2663/3325 train_time:1764.257s step_avg:662.51ms
step:2664/3325 train_time:1764.921s step_avg:662.51ms
step:2665/3325 train_time:1765.583s step_avg:662.51ms
step:2666/3325 train_time:1766.248s step_avg:662.51ms
step:2667/3325 train_time:1766.908s step_avg:662.51ms
step:2668/3325 train_time:1767.570s step_avg:662.51ms
step:2669/3325 train_time:1768.233s step_avg:662.51ms
step:2670/3325 train_time:1768.896s step_avg:662.51ms
step:2671/3325 train_time:1769.556s step_avg:662.51ms
step:2672/3325 train_time:1770.217s step_avg:662.51ms
step:2673/3325 train_time:1770.876s step_avg:662.50ms
step:2674/3325 train_time:1771.537s step_avg:662.50ms
step:2675/3325 train_time:1772.198s step_avg:662.50ms
step:2676/3325 train_time:1772.858s step_avg:662.50ms
step:2677/3325 train_time:1773.524s step_avg:662.50ms
step:2678/3325 train_time:1774.186s step_avg:662.50ms
step:2679/3325 train_time:1774.849s step_avg:662.50ms
step:2680/3325 train_time:1775.512s step_avg:662.50ms
step:2681/3325 train_time:1776.172s step_avg:662.50ms
step:2682/3325 train_time:1776.834s step_avg:662.50ms
step:2683/3325 train_time:1777.496s step_avg:662.50ms
step:2684/3325 train_time:1778.155s step_avg:662.50ms
step:2685/3325 train_time:1778.819s step_avg:662.50ms
step:2686/3325 train_time:1779.478s step_avg:662.50ms
step:2687/3325 train_time:1780.140s step_avg:662.50ms
step:2688/3325 train_time:1780.801s step_avg:662.50ms
step:2689/3325 train_time:1781.461s step_avg:662.50ms
step:2690/3325 train_time:1782.128s step_avg:662.50ms
step:2691/3325 train_time:1782.785s step_avg:662.50ms
step:2692/3325 train_time:1783.449s step_avg:662.50ms
step:2693/3325 train_time:1784.109s step_avg:662.50ms
step:2694/3325 train_time:1784.768s step_avg:662.50ms
step:2695/3325 train_time:1785.429s step_avg:662.50ms
step:2696/3325 train_time:1786.087s step_avg:662.50ms
step:2697/3325 train_time:1786.749s step_avg:662.50ms
step:2698/3325 train_time:1787.412s step_avg:662.50ms
step:2699/3325 train_time:1788.073s step_avg:662.49ms
step:2700/3325 train_time:1788.735s step_avg:662.49ms
step:2701/3325 train_time:1789.395s step_avg:662.49ms
step:2702/3325 train_time:1790.058s step_avg:662.49ms
step:2703/3325 train_time:1790.719s step_avg:662.49ms
step:2704/3325 train_time:1791.380s step_avg:662.49ms
step:2705/3325 train_time:1792.041s step_avg:662.49ms
step:2706/3325 train_time:1792.703s step_avg:662.49ms
step:2707/3325 train_time:1793.363s step_avg:662.49ms
step:2708/3325 train_time:1794.031s step_avg:662.49ms
step:2709/3325 train_time:1794.690s step_avg:662.49ms
step:2710/3325 train_time:1795.349s step_avg:662.49ms
step:2711/3325 train_time:1796.011s step_avg:662.49ms
step:2712/3325 train_time:1796.670s step_avg:662.49ms
step:2713/3325 train_time:1797.334s step_avg:662.49ms
step:2714/3325 train_time:1797.995s step_avg:662.49ms
step:2715/3325 train_time:1798.656s step_avg:662.49ms
step:2716/3325 train_time:1799.318s step_avg:662.49ms
step:2717/3325 train_time:1799.978s step_avg:662.49ms
step:2718/3325 train_time:1800.640s step_avg:662.49ms
step:2719/3325 train_time:1801.301s step_avg:662.49ms
step:2720/3325 train_time:1801.962s step_avg:662.49ms
step:2721/3325 train_time:1802.628s step_avg:662.49ms
step:2722/3325 train_time:1803.287s step_avg:662.49ms
step:2723/3325 train_time:1803.950s step_avg:662.49ms
step:2724/3325 train_time:1804.612s step_avg:662.49ms
step:2725/3325 train_time:1805.271s step_avg:662.48ms
step:2726/3325 train_time:1805.934s step_avg:662.49ms
step:2727/3325 train_time:1806.596s step_avg:662.48ms
step:2728/3325 train_time:1807.257s step_avg:662.48ms
step:2729/3325 train_time:1807.918s step_avg:662.48ms
step:2730/3325 train_time:1808.579s step_avg:662.48ms
step:2731/3325 train_time:1809.239s step_avg:662.48ms
step:2732/3325 train_time:1809.900s step_avg:662.48ms
step:2733/3325 train_time:1810.561s step_avg:662.48ms
step:2734/3325 train_time:1811.227s step_avg:662.48ms
step:2735/3325 train_time:1811.885s step_avg:662.48ms
step:2736/3325 train_time:1812.549s step_avg:662.48ms
step:2737/3325 train_time:1813.211s step_avg:662.48ms
step:2738/3325 train_time:1813.871s step_avg:662.48ms
step:2739/3325 train_time:1814.535s step_avg:662.48ms
step:2740/3325 train_time:1815.196s step_avg:662.48ms
step:2741/3325 train_time:1815.857s step_avg:662.48ms
step:2742/3325 train_time:1816.519s step_avg:662.48ms
step:2743/3325 train_time:1817.179s step_avg:662.48ms
step:2744/3325 train_time:1817.840s step_avg:662.48ms
step:2745/3325 train_time:1818.499s step_avg:662.48ms
step:2746/3325 train_time:1819.159s step_avg:662.48ms
step:2747/3325 train_time:1819.825s step_avg:662.48ms
step:2748/3325 train_time:1820.486s step_avg:662.48ms
step:2749/3325 train_time:1821.149s step_avg:662.48ms
step:2750/3325 train_time:1821.811s step_avg:662.48ms
step:2750/3325 val_loss:3.35280 train_time:1821.822s step_avg:661.84ms
step:2751/3325 train_time:1822.488s step_avg:662.48ms
step:2752/3325 train_time:1823.148s step_avg:662.48ms
step:2753/3325 train_time:1823.812s step_avg:662.48ms
step:2754/3325 train_time:1824.470s step_avg:662.48ms
step:2755/3325 train_time:1825.134s step_avg:662.48ms
step:2756/3325 train_time:1825.792s step_avg:662.48ms
step:2757/3325 train_time:1826.453s step_avg:662.48ms
step:2758/3325 train_time:1827.115s step_avg:662.48ms
step:2759/3325 train_time:1827.778s step_avg:662.48ms
step:2760/3325 train_time:1828.438s step_avg:662.48ms
step:2761/3325 train_time:1829.103s step_avg:662.48ms
step:2762/3325 train_time:1829.764s step_avg:662.48ms
step:2763/3325 train_time:1830.429s step_avg:662.48ms
step:2764/3325 train_time:1831.090s step_avg:662.48ms
step:2765/3325 train_time:1831.750s step_avg:662.48ms
step:2766/3325 train_time:1832.413s step_avg:662.48ms
step:2767/3325 train_time:1833.075s step_avg:662.48ms
step:2768/3325 train_time:1833.740s step_avg:662.48ms
step:2769/3325 train_time:1834.400s step_avg:662.48ms
step:2770/3325 train_time:1835.060s step_avg:662.48ms
step:2771/3325 train_time:1835.722s step_avg:662.48ms
step:2772/3325 train_time:1836.384s step_avg:662.48ms
step:2773/3325 train_time:1837.047s step_avg:662.48ms
step:2774/3325 train_time:1837.709s step_avg:662.48ms
step:2775/3325 train_time:1838.368s step_avg:662.48ms
step:2776/3325 train_time:1839.031s step_avg:662.48ms
step:2777/3325 train_time:1839.691s step_avg:662.47ms
step:2778/3325 train_time:1840.352s step_avg:662.47ms
step:2779/3325 train_time:1841.015s step_avg:662.47ms
step:2780/3325 train_time:1841.680s step_avg:662.47ms
step:2781/3325 train_time:1842.341s step_avg:662.47ms
step:2782/3325 train_time:1843.004s step_avg:662.47ms
step:2783/3325 train_time:1843.663s step_avg:662.47ms
step:2784/3325 train_time:1844.326s step_avg:662.47ms
step:2785/3325 train_time:1844.988s step_avg:662.47ms
step:2786/3325 train_time:1845.650s step_avg:662.47ms
step:2787/3325 train_time:1846.313s step_avg:662.47ms
step:2788/3325 train_time:1846.972s step_avg:662.47ms
step:2789/3325 train_time:1847.634s step_avg:662.47ms
step:2790/3325 train_time:1848.293s step_avg:662.47ms
step:2791/3325 train_time:1848.955s step_avg:662.47ms
step:2792/3325 train_time:1849.620s step_avg:662.47ms
step:2793/3325 train_time:1850.279s step_avg:662.47ms
step:2794/3325 train_time:1850.949s step_avg:662.47ms
step:2795/3325 train_time:1851.609s step_avg:662.47ms
step:2796/3325 train_time:1852.270s step_avg:662.47ms
step:2797/3325 train_time:1852.932s step_avg:662.47ms
step:2798/3325 train_time:1853.591s step_avg:662.47ms
step:2799/3325 train_time:1854.253s step_avg:662.47ms
step:2800/3325 train_time:1854.915s step_avg:662.47ms
step:2801/3325 train_time:1855.574s step_avg:662.47ms
step:2802/3325 train_time:1856.236s step_avg:662.47ms
step:2803/3325 train_time:1856.896s step_avg:662.47ms
step:2804/3325 train_time:1857.558s step_avg:662.47ms
step:2805/3325 train_time:1858.223s step_avg:662.47ms
step:2806/3325 train_time:1858.883s step_avg:662.47ms
step:2807/3325 train_time:1859.544s step_avg:662.47ms
step:2808/3325 train_time:1860.207s step_avg:662.47ms
step:2809/3325 train_time:1860.867s step_avg:662.47ms
step:2810/3325 train_time:1861.530s step_avg:662.47ms
step:2811/3325 train_time:1862.191s step_avg:662.47ms
step:2812/3325 train_time:1862.851s step_avg:662.46ms
step:2813/3325 train_time:1863.513s step_avg:662.46ms
step:2814/3325 train_time:1864.173s step_avg:662.46ms
step:2815/3325 train_time:1864.835s step_avg:662.46ms
step:2816/3325 train_time:1865.497s step_avg:662.46ms
step:2817/3325 train_time:1866.156s step_avg:662.46ms
step:2818/3325 train_time:1866.823s step_avg:662.46ms
step:2819/3325 train_time:1867.484s step_avg:662.46ms
step:2820/3325 train_time:1868.144s step_avg:662.46ms
step:2821/3325 train_time:1868.808s step_avg:662.46ms
step:2822/3325 train_time:1869.469s step_avg:662.46ms
step:2823/3325 train_time:1870.131s step_avg:662.46ms
step:2824/3325 train_time:1870.793s step_avg:662.46ms
step:2825/3325 train_time:1871.453s step_avg:662.46ms
step:2826/3325 train_time:1872.116s step_avg:662.46ms
step:2827/3325 train_time:1872.780s step_avg:662.46ms
step:2828/3325 train_time:1873.440s step_avg:662.46ms
step:2829/3325 train_time:1874.105s step_avg:662.46ms
step:2830/3325 train_time:1874.765s step_avg:662.46ms
step:2831/3325 train_time:1875.428s step_avg:662.46ms
step:2832/3325 train_time:1876.090s step_avg:662.46ms
step:2833/3325 train_time:1876.750s step_avg:662.46ms
step:2834/3325 train_time:1877.414s step_avg:662.46ms
step:2835/3325 train_time:1878.072s step_avg:662.46ms
step:2836/3325 train_time:1878.733s step_avg:662.46ms
step:2837/3325 train_time:1879.394s step_avg:662.46ms
step:2838/3325 train_time:1880.054s step_avg:662.46ms
step:2839/3325 train_time:1880.720s step_avg:662.46ms
step:2840/3325 train_time:1881.379s step_avg:662.46ms
step:2841/3325 train_time:1882.043s step_avg:662.46ms
step:2842/3325 train_time:1882.707s step_avg:662.46ms
step:2843/3325 train_time:1883.368s step_avg:662.46ms
step:2844/3325 train_time:1884.030s step_avg:662.46ms
step:2845/3325 train_time:1884.692s step_avg:662.46ms
step:2846/3325 train_time:1885.351s step_avg:662.46ms
step:2847/3325 train_time:1886.014s step_avg:662.46ms
step:2848/3325 train_time:1886.672s step_avg:662.46ms
step:2849/3325 train_time:1887.334s step_avg:662.45ms
step:2850/3325 train_time:1887.993s step_avg:662.45ms
step:2851/3325 train_time:1888.680s step_avg:662.46ms
step:2852/3325 train_time:1889.343s step_avg:662.46ms
step:2853/3325 train_time:1890.004s step_avg:662.46ms
step:2854/3325 train_time:1890.665s step_avg:662.46ms
step:2855/3325 train_time:1891.329s step_avg:662.46ms
step:2856/3325 train_time:1891.992s step_avg:662.46ms
step:2857/3325 train_time:1892.650s step_avg:662.46ms
step:2858/3325 train_time:1893.314s step_avg:662.46ms
step:2859/3325 train_time:1893.974s step_avg:662.46ms
step:2860/3325 train_time:1894.637s step_avg:662.46ms
step:2861/3325 train_time:1895.297s step_avg:662.46ms
step:2862/3325 train_time:1895.958s step_avg:662.46ms
step:2863/3325 train_time:1896.624s step_avg:662.46ms
step:2864/3325 train_time:1897.284s step_avg:662.46ms
step:2865/3325 train_time:1897.945s step_avg:662.46ms
step:2866/3325 train_time:1898.608s step_avg:662.46ms
step:2867/3325 train_time:1899.269s step_avg:662.46ms
step:2868/3325 train_time:1899.930s step_avg:662.46ms
step:2869/3325 train_time:1900.590s step_avg:662.46ms
step:2870/3325 train_time:1901.251s step_avg:662.46ms
step:2871/3325 train_time:1901.912s step_avg:662.46ms
step:2872/3325 train_time:1902.571s step_avg:662.46ms
step:2873/3325 train_time:1903.233s step_avg:662.45ms
step:2874/3325 train_time:1903.894s step_avg:662.45ms
step:2875/3325 train_time:1904.554s step_avg:662.45ms
step:2875/3325 val_loss:3.33397 train_time:1904.565s step_avg:661.94ms
step:2876/3325 train_time:1905.227s step_avg:662.46ms
step:2877/3325 train_time:1905.885s step_avg:662.46ms
step:2878/3325 train_time:1906.546s step_avg:662.46ms
step:2879/3325 train_time:1907.208s step_avg:662.46ms
step:2880/3325 train_time:1907.869s step_avg:662.45ms
step:2881/3325 train_time:1908.533s step_avg:662.45ms
step:2882/3325 train_time:1909.195s step_avg:662.45ms
step:2883/3325 train_time:1909.853s step_avg:662.45ms
step:2884/3325 train_time:1910.520s step_avg:662.45ms
step:2885/3325 train_time:1911.182s step_avg:662.45ms
step:2886/3325 train_time:1911.844s step_avg:662.45ms
step:2887/3325 train_time:1912.507s step_avg:662.45ms
step:2888/3325 train_time:1913.172s step_avg:662.46ms
step:2889/3325 train_time:1913.830s step_avg:662.45ms
step:2890/3325 train_time:1914.494s step_avg:662.45ms
step:2891/3325 train_time:1915.152s step_avg:662.45ms
step:2892/3325 train_time:1915.817s step_avg:662.45ms
step:2893/3325 train_time:1916.478s step_avg:662.45ms
step:2894/3325 train_time:1917.141s step_avg:662.45ms
step:2895/3325 train_time:1917.804s step_avg:662.45ms
step:2896/3325 train_time:1918.464s step_avg:662.45ms
step:2897/3325 train_time:1919.125s step_avg:662.45ms
step:2898/3325 train_time:1919.793s step_avg:662.45ms
step:2899/3325 train_time:1920.448s step_avg:662.45ms
step:2900/3325 train_time:1921.117s step_avg:662.45ms
step:2901/3325 train_time:1921.776s step_avg:662.45ms
step:2902/3325 train_time:1922.440s step_avg:662.45ms
step:2903/3325 train_time:1923.103s step_avg:662.45ms
step:2904/3325 train_time:1923.764s step_avg:662.45ms
step:2905/3325 train_time:1924.427s step_avg:662.45ms
step:2906/3325 train_time:1925.089s step_avg:662.45ms
step:2907/3325 train_time:1925.751s step_avg:662.45ms
step:2908/3325 train_time:1926.415s step_avg:662.45ms
step:2909/3325 train_time:1927.077s step_avg:662.45ms
step:2910/3325 train_time:1927.738s step_avg:662.45ms
step:2911/3325 train_time:1928.400s step_avg:662.45ms
step:2912/3325 train_time:1929.061s step_avg:662.45ms
step:2913/3325 train_time:1929.725s step_avg:662.45ms
step:2914/3325 train_time:1930.387s step_avg:662.45ms
step:2915/3325 train_time:1931.046s step_avg:662.45ms
step:2916/3325 train_time:1931.715s step_avg:662.45ms
step:2917/3325 train_time:1932.376s step_avg:662.45ms
step:2918/3325 train_time:1933.039s step_avg:662.45ms
step:2919/3325 train_time:1933.701s step_avg:662.45ms
step:2920/3325 train_time:1934.362s step_avg:662.45ms
step:2921/3325 train_time:1935.024s step_avg:662.45ms
step:2922/3325 train_time:1935.686s step_avg:662.45ms
step:2923/3325 train_time:1936.346s step_avg:662.45ms
step:2924/3325 train_time:1937.018s step_avg:662.45ms
step:2925/3325 train_time:1937.679s step_avg:662.45ms
step:2926/3325 train_time:1938.342s step_avg:662.45ms
step:2927/3325 train_time:1939.003s step_avg:662.45ms
step:2928/3325 train_time:1939.665s step_avg:662.45ms
step:2929/3325 train_time:1940.326s step_avg:662.45ms
step:2930/3325 train_time:1940.990s step_avg:662.45ms
step:2931/3325 train_time:1941.649s step_avg:662.45ms
step:2932/3325 train_time:1942.315s step_avg:662.45ms
step:2933/3325 train_time:1942.977s step_avg:662.45ms
step:2934/3325 train_time:1943.640s step_avg:662.45ms
step:2935/3325 train_time:1944.305s step_avg:662.45ms
step:2936/3325 train_time:1944.967s step_avg:662.45ms
step:2937/3325 train_time:1945.632s step_avg:662.46ms
step:2938/3325 train_time:1946.293s step_avg:662.46ms
step:2939/3325 train_time:1946.953s step_avg:662.45ms
step:2940/3325 train_time:1947.616s step_avg:662.45ms
step:2941/3325 train_time:1948.276s step_avg:662.45ms
step:2942/3325 train_time:1948.940s step_avg:662.45ms
step:2943/3325 train_time:1949.604s step_avg:662.45ms
step:2944/3325 train_time:1950.263s step_avg:662.45ms
step:2945/3325 train_time:1950.927s step_avg:662.45ms
step:2946/3325 train_time:1951.589s step_avg:662.45ms
step:2947/3325 train_time:1952.249s step_avg:662.45ms
step:2948/3325 train_time:1952.919s step_avg:662.46ms
step:2949/3325 train_time:1953.579s step_avg:662.45ms
step:2950/3325 train_time:1954.242s step_avg:662.45ms
step:2951/3325 train_time:1954.905s step_avg:662.46ms
step:2952/3325 train_time:1955.568s step_avg:662.46ms
step:2953/3325 train_time:1956.235s step_avg:662.46ms
step:2954/3325 train_time:1956.897s step_avg:662.46ms
step:2955/3325 train_time:1957.559s step_avg:662.46ms
step:2956/3325 train_time:1958.221s step_avg:662.46ms
step:2957/3325 train_time:1958.883s step_avg:662.46ms
step:2958/3325 train_time:1959.543s step_avg:662.46ms
step:2959/3325 train_time:1960.208s step_avg:662.46ms
step:2960/3325 train_time:1960.869s step_avg:662.46ms
step:2961/3325 train_time:1961.534s step_avg:662.46ms
step:2962/3325 train_time:1962.195s step_avg:662.46ms
step:2963/3325 train_time:1962.853s step_avg:662.45ms
step:2964/3325 train_time:1963.517s step_avg:662.46ms
step:2965/3325 train_time:1964.179s step_avg:662.46ms
step:2966/3325 train_time:1964.840s step_avg:662.45ms
step:2967/3325 train_time:1965.505s step_avg:662.46ms
step:2968/3325 train_time:1966.166s step_avg:662.45ms
step:2969/3325 train_time:1966.828s step_avg:662.45ms
step:2970/3325 train_time:1967.493s step_avg:662.46ms
step:2971/3325 train_time:1968.151s step_avg:662.45ms
step:2972/3325 train_time:1968.820s step_avg:662.46ms
step:2973/3325 train_time:1969.481s step_avg:662.46ms
step:2974/3325 train_time:1970.142s step_avg:662.46ms
step:2975/3325 train_time:1970.805s step_avg:662.46ms
step:2976/3325 train_time:1971.466s step_avg:662.45ms
step:2977/3325 train_time:1972.127s step_avg:662.45ms
step:2978/3325 train_time:1972.792s step_avg:662.46ms
step:2979/3325 train_time:1973.451s step_avg:662.45ms
step:2980/3325 train_time:1974.117s step_avg:662.46ms
step:2981/3325 train_time:1974.778s step_avg:662.45ms
step:2982/3325 train_time:1975.441s step_avg:662.46ms
step:2983/3325 train_time:1976.105s step_avg:662.46ms
step:2984/3325 train_time:1976.769s step_avg:662.46ms
step:2985/3325 train_time:1977.434s step_avg:662.46ms
step:2986/3325 train_time:1978.094s step_avg:662.46ms
step:2987/3325 train_time:1978.755s step_avg:662.46ms
step:2988/3325 train_time:1979.419s step_avg:662.46ms
step:2989/3325 train_time:1980.081s step_avg:662.46ms
step:2990/3325 train_time:1980.742s step_avg:662.46ms
step:2991/3325 train_time:1981.407s step_avg:662.46ms
step:2992/3325 train_time:1982.069s step_avg:662.46ms
step:2993/3325 train_time:1982.733s step_avg:662.46ms
step:2994/3325 train_time:1983.394s step_avg:662.46ms
step:2995/3325 train_time:1984.054s step_avg:662.46ms
step:2996/3325 train_time:1984.720s step_avg:662.46ms
step:2997/3325 train_time:1985.382s step_avg:662.46ms
step:2998/3325 train_time:1986.043s step_avg:662.46ms
step:2999/3325 train_time:1986.706s step_avg:662.46ms
step:3000/3325 train_time:1987.367s step_avg:662.46ms
step:3000/3325 val_loss:3.31530 train_time:1987.378s step_avg:662.50ms
step:3001/3325 train_time:1988.044s step_avg:662.46ms
step:3002/3325 train_time:1988.702s step_avg:662.46ms
step:3003/3325 train_time:1989.367s step_avg:662.46ms
step:3004/3325 train_time:1990.028s step_avg:662.46ms
step:3005/3325 train_time:1990.692s step_avg:662.46ms
step:3006/3325 train_time:1991.352s step_avg:662.46ms
step:3007/3325 train_time:1992.014s step_avg:662.46ms
step:3008/3325 train_time:1992.676s step_avg:662.46ms
step:3009/3325 train_time:1993.338s step_avg:662.46ms
step:3010/3325 train_time:1994.004s step_avg:662.46ms
step:3011/3325 train_time:1994.666s step_avg:662.46ms
step:3012/3325 train_time:1995.328s step_avg:662.46ms
step:3013/3325 train_time:1995.992s step_avg:662.46ms
step:3014/3325 train_time:1996.655s step_avg:662.46ms
step:3015/3325 train_time:1997.319s step_avg:662.46ms
step:3016/3325 train_time:1997.983s step_avg:662.46ms
step:3017/3325 train_time:1998.643s step_avg:662.46ms
step:3018/3325 train_time:1999.308s step_avg:662.46ms
step:3019/3325 train_time:1999.970s step_avg:662.46ms
step:3020/3325 train_time:2000.631s step_avg:662.46ms
step:3021/3325 train_time:2001.295s step_avg:662.46ms
step:3022/3325 train_time:2001.960s step_avg:662.46ms
step:3023/3325 train_time:2002.620s step_avg:662.46ms
step:3024/3325 train_time:2003.285s step_avg:662.46ms
step:3025/3325 train_time:2003.947s step_avg:662.46ms
step:3026/3325 train_time:2004.610s step_avg:662.46ms
step:3027/3325 train_time:2005.272s step_avg:662.46ms
step:3028/3325 train_time:2005.932s step_avg:662.46ms
step:3029/3325 train_time:2006.596s step_avg:662.46ms
step:3030/3325 train_time:2007.259s step_avg:662.46ms
step:3031/3325 train_time:2007.923s step_avg:662.46ms
step:3032/3325 train_time:2008.585s step_avg:662.46ms
step:3033/3325 train_time:2009.246s step_avg:662.46ms
step:3034/3325 train_time:2009.908s step_avg:662.46ms
step:3035/3325 train_time:2010.571s step_avg:662.46ms
step:3036/3325 train_time:2011.231s step_avg:662.46ms
step:3037/3325 train_time:2011.895s step_avg:662.46ms
step:3038/3325 train_time:2012.559s step_avg:662.46ms
step:3039/3325 train_time:2013.221s step_avg:662.46ms
step:3040/3325 train_time:2013.884s step_avg:662.46ms
step:3041/3325 train_time:2014.573s step_avg:662.47ms
step:3042/3325 train_time:2015.234s step_avg:662.47ms
step:3043/3325 train_time:2015.899s step_avg:662.47ms
step:3044/3325 train_time:2016.560s step_avg:662.47ms
step:3045/3325 train_time:2017.224s step_avg:662.47ms
step:3046/3325 train_time:2017.888s step_avg:662.47ms
step:3047/3325 train_time:2018.552s step_avg:662.47ms
step:3048/3325 train_time:2019.214s step_avg:662.47ms
step:3049/3325 train_time:2019.877s step_avg:662.47ms
step:3050/3325 train_time:2020.538s step_avg:662.47ms
step:3051/3325 train_time:2021.205s step_avg:662.47ms
step:3052/3325 train_time:2021.867s step_avg:662.47ms
step:3053/3325 train_time:2022.530s step_avg:662.47ms
step:3054/3325 train_time:2023.193s step_avg:662.47ms
step:3055/3325 train_time:2023.855s step_avg:662.47ms
step:3056/3325 train_time:2024.520s step_avg:662.47ms
step:3057/3325 train_time:2025.184s step_avg:662.47ms
step:3058/3325 train_time:2025.846s step_avg:662.47ms
step:3059/3325 train_time:2026.509s step_avg:662.47ms
step:3060/3325 train_time:2027.171s step_avg:662.47ms
step:3061/3325 train_time:2027.830s step_avg:662.47ms
step:3062/3325 train_time:2028.496s step_avg:662.47ms
step:3063/3325 train_time:2029.160s step_avg:662.47ms
step:3064/3325 train_time:2029.823s step_avg:662.47ms
step:3065/3325 train_time:2030.487s step_avg:662.48ms
step:3066/3325 train_time:2031.146s step_avg:662.47ms
step:3067/3325 train_time:2031.809s step_avg:662.47ms
step:3068/3325 train_time:2032.471s step_avg:662.47ms
step:3069/3325 train_time:2033.132s step_avg:662.47ms
step:3070/3325 train_time:2033.794s step_avg:662.47ms
step:3071/3325 train_time:2034.456s step_avg:662.47ms
step:3072/3325 train_time:2035.123s step_avg:662.48ms
step:3073/3325 train_time:2035.785s step_avg:662.47ms
step:3074/3325 train_time:2036.446s step_avg:662.47ms
step:3075/3325 train_time:2037.109s step_avg:662.47ms
step:3076/3325 train_time:2037.769s step_avg:662.47ms
step:3077/3325 train_time:2038.430s step_avg:662.47ms
step:3078/3325 train_time:2039.094s step_avg:662.47ms
step:3079/3325 train_time:2039.755s step_avg:662.47ms
step:3080/3325 train_time:2040.419s step_avg:662.47ms
step:3081/3325 train_time:2041.083s step_avg:662.47ms
step:3082/3325 train_time:2041.741s step_avg:662.47ms
step:3083/3325 train_time:2042.408s step_avg:662.47ms
step:3084/3325 train_time:2043.070s step_avg:662.47ms
step:3085/3325 train_time:2043.731s step_avg:662.47ms
step:3086/3325 train_time:2044.393s step_avg:662.47ms
step:3087/3325 train_time:2045.054s step_avg:662.47ms
step:3088/3325 train_time:2045.718s step_avg:662.47ms
step:3089/3325 train_time:2046.383s step_avg:662.47ms
step:3090/3325 train_time:2047.041s step_avg:662.47ms
step:3091/3325 train_time:2047.705s step_avg:662.47ms
step:3092/3325 train_time:2048.366s step_avg:662.47ms
step:3093/3325 train_time:2049.029s step_avg:662.47ms
step:3094/3325 train_time:2049.693s step_avg:662.47ms
step:3095/3325 train_time:2050.355s step_avg:662.47ms
step:3096/3325 train_time:2051.017s step_avg:662.47ms
step:3097/3325 train_time:2051.679s step_avg:662.47ms
step:3098/3325 train_time:2052.338s step_avg:662.47ms
step:3099/3325 train_time:2053.004s step_avg:662.47ms
step:3100/3325 train_time:2053.666s step_avg:662.47ms
step:3101/3325 train_time:2054.328s step_avg:662.47ms
step:3102/3325 train_time:2054.991s step_avg:662.47ms
step:3103/3325 train_time:2055.653s step_avg:662.47ms
step:3104/3325 train_time:2056.316s step_avg:662.47ms
step:3105/3325 train_time:2056.979s step_avg:662.47ms
step:3106/3325 train_time:2057.639s step_avg:662.47ms
step:3107/3325 train_time:2058.307s step_avg:662.47ms
step:3108/3325 train_time:2058.967s step_avg:662.47ms
step:3109/3325 train_time:2059.629s step_avg:662.47ms
step:3110/3325 train_time:2060.292s step_avg:662.47ms
step:3111/3325 train_time:2060.955s step_avg:662.47ms
step:3112/3325 train_time:2061.620s step_avg:662.47ms
step:3113/3325 train_time:2062.282s step_avg:662.47ms
step:3114/3325 train_time:2062.942s step_avg:662.47ms
step:3115/3325 train_time:2063.605s step_avg:662.47ms
step:3116/3325 train_time:2064.267s step_avg:662.47ms
step:3117/3325 train_time:2064.928s step_avg:662.47ms
step:3118/3325 train_time:2065.593s step_avg:662.47ms
step:3119/3325 train_time:2066.252s step_avg:662.47ms
step:3120/3325 train_time:2066.912s step_avg:662.47ms
step:3121/3325 train_time:2067.574s step_avg:662.47ms
step:3122/3325 train_time:2068.234s step_avg:662.47ms
step:3123/3325 train_time:2068.898s step_avg:662.47ms
step:3124/3325 train_time:2069.561s step_avg:662.47ms
step:3125/3325 train_time:2070.225s step_avg:662.47ms
step:3125/3325 val_loss:3.29795 train_time:2070.235s step_avg:662.86ms
step:3126/3325 train_time:2070.901s step_avg:662.48ms
step:3127/3325 train_time:2071.560s step_avg:662.48ms
step:3128/3325 train_time:2072.224s step_avg:662.48ms
step:3129/3325 train_time:2072.887s step_avg:662.48ms
step:3130/3325 train_time:2073.548s step_avg:662.48ms
step:3131/3325 train_time:2074.214s step_avg:662.48ms
step:3132/3325 train_time:2074.876s step_avg:662.48ms
step:3133/3325 train_time:2075.538s step_avg:662.48ms
step:3134/3325 train_time:2076.200s step_avg:662.48ms
step:3135/3325 train_time:2076.860s step_avg:662.48ms
step:3136/3325 train_time:2077.520s step_avg:662.47ms
step:3137/3325 train_time:2078.183s step_avg:662.47ms
step:3138/3325 train_time:2078.845s step_avg:662.47ms
step:3139/3325 train_time:2079.509s step_avg:662.47ms
step:3140/3325 train_time:2080.173s step_avg:662.48ms
step:3141/3325 train_time:2080.831s step_avg:662.47ms
step:3142/3325 train_time:2081.495s step_avg:662.47ms
step:3143/3325 train_time:2082.157s step_avg:662.47ms
step:3144/3325 train_time:2082.820s step_avg:662.47ms
step:3145/3325 train_time:2083.482s step_avg:662.47ms
step:3146/3325 train_time:2084.145s step_avg:662.47ms
step:3147/3325 train_time:2084.810s step_avg:662.48ms
step:3148/3325 train_time:2085.472s step_avg:662.48ms
step:3149/3325 train_time:2086.131s step_avg:662.47ms
step:3150/3325 train_time:2086.795s step_avg:662.47ms
step:3151/3325 train_time:2087.456s step_avg:662.47ms
step:3152/3325 train_time:2088.118s step_avg:662.47ms
step:3153/3325 train_time:2088.782s step_avg:662.47ms
step:3154/3325 train_time:2089.445s step_avg:662.47ms
step:3155/3325 train_time:2090.109s step_avg:662.48ms
step:3156/3325 train_time:2090.769s step_avg:662.47ms
step:3157/3325 train_time:2091.431s step_avg:662.47ms
step:3158/3325 train_time:2092.095s step_avg:662.47ms
step:3159/3325 train_time:2092.756s step_avg:662.47ms
step:3160/3325 train_time:2093.419s step_avg:662.47ms
step:3161/3325 train_time:2094.082s step_avg:662.47ms
step:3162/3325 train_time:2094.745s step_avg:662.47ms
step:3163/3325 train_time:2095.411s step_avg:662.48ms
step:3164/3325 train_time:2096.069s step_avg:662.47ms
step:3165/3325 train_time:2096.731s step_avg:662.47ms
step:3166/3325 train_time:2097.394s step_avg:662.47ms
step:3167/3325 train_time:2098.056s step_avg:662.47ms
step:3168/3325 train_time:2098.719s step_avg:662.47ms
step:3169/3325 train_time:2099.382s step_avg:662.47ms
step:3170/3325 train_time:2100.045s step_avg:662.47ms
step:3171/3325 train_time:2100.712s step_avg:662.48ms
step:3172/3325 train_time:2101.374s step_avg:662.48ms
step:3173/3325 train_time:2102.035s step_avg:662.48ms
step:3174/3325 train_time:2102.698s step_avg:662.48ms
step:3175/3325 train_time:2103.359s step_avg:662.48ms
step:3176/3325 train_time:2104.020s step_avg:662.47ms
step:3177/3325 train_time:2104.684s step_avg:662.48ms
step:3178/3325 train_time:2105.346s step_avg:662.48ms
step:3179/3325 train_time:2106.009s step_avg:662.48ms
step:3180/3325 train_time:2106.670s step_avg:662.47ms
step:3181/3325 train_time:2107.330s step_avg:662.47ms
step:3182/3325 train_time:2107.997s step_avg:662.48ms
step:3183/3325 train_time:2108.659s step_avg:662.48ms
step:3184/3325 train_time:2109.321s step_avg:662.48ms
step:3185/3325 train_time:2109.983s step_avg:662.47ms
step:3186/3325 train_time:2110.645s step_avg:662.47ms
step:3187/3325 train_time:2111.310s step_avg:662.48ms
step:3188/3325 train_time:2111.972s step_avg:662.48ms
step:3189/3325 train_time:2112.630s step_avg:662.47ms
step:3190/3325 train_time:2113.297s step_avg:662.48ms
step:3191/3325 train_time:2113.959s step_avg:662.48ms
step:3192/3325 train_time:2114.622s step_avg:662.48ms
step:3193/3325 train_time:2115.284s step_avg:662.48ms
step:3194/3325 train_time:2115.947s step_avg:662.48ms
step:3195/3325 train_time:2116.610s step_avg:662.48ms
step:3196/3325 train_time:2117.272s step_avg:662.48ms
step:3197/3325 train_time:2117.931s step_avg:662.47ms
step:3198/3325 train_time:2118.597s step_avg:662.48ms
step:3199/3325 train_time:2119.258s step_avg:662.48ms
step:3200/3325 train_time:2119.920s step_avg:662.47ms
step:3201/3325 train_time:2120.585s step_avg:662.48ms
step:3202/3325 train_time:2121.247s step_avg:662.48ms
step:3203/3325 train_time:2121.913s step_avg:662.48ms
step:3204/3325 train_time:2122.575s step_avg:662.48ms
step:3205/3325 train_time:2123.235s step_avg:662.48ms
step:3206/3325 train_time:2123.900s step_avg:662.48ms
step:3207/3325 train_time:2124.563s step_avg:662.48ms
step:3208/3325 train_time:2125.222s step_avg:662.48ms
step:3209/3325 train_time:2125.887s step_avg:662.48ms
step:3210/3325 train_time:2126.551s step_avg:662.48ms
step:3211/3325 train_time:2127.212s step_avg:662.48ms
step:3212/3325 train_time:2127.874s step_avg:662.48ms
step:3213/3325 train_time:2128.534s step_avg:662.48ms
step:3214/3325 train_time:2129.198s step_avg:662.48ms
step:3215/3325 train_time:2129.859s step_avg:662.48ms
step:3216/3325 train_time:2130.521s step_avg:662.48ms
step:3217/3325 train_time:2131.184s step_avg:662.48ms
step:3218/3325 train_time:2131.848s step_avg:662.48ms
step:3219/3325 train_time:2132.511s step_avg:662.48ms
step:3220/3325 train_time:2133.174s step_avg:662.48ms
step:3221/3325 train_time:2133.832s step_avg:662.48ms
step:3222/3325 train_time:2134.497s step_avg:662.48ms
step:3223/3325 train_time:2135.157s step_avg:662.48ms
step:3224/3325 train_time:2135.820s step_avg:662.48ms
step:3225/3325 train_time:2136.482s step_avg:662.48ms
step:3226/3325 train_time:2137.146s step_avg:662.48ms
step:3227/3325 train_time:2137.811s step_avg:662.48ms
step:3228/3325 train_time:2138.473s step_avg:662.48ms
step:3229/3325 train_time:2139.131s step_avg:662.47ms
step:3230/3325 train_time:2139.795s step_avg:662.48ms
step:3231/3325 train_time:2140.484s step_avg:662.48ms
step:3232/3325 train_time:2141.147s step_avg:662.48ms
step:3233/3325 train_time:2141.811s step_avg:662.48ms
step:3234/3325 train_time:2142.473s step_avg:662.48ms
step:3235/3325 train_time:2143.134s step_avg:662.48ms
step:3236/3325 train_time:2143.797s step_avg:662.48ms
step:3237/3325 train_time:2144.460s step_avg:662.48ms
step:3238/3325 train_time:2145.121s step_avg:662.48ms
step:3239/3325 train_time:2145.786s step_avg:662.48ms
step:3240/3325 train_time:2146.453s step_avg:662.49ms
step:3241/3325 train_time:2147.112s step_avg:662.48ms
step:3242/3325 train_time:2147.775s step_avg:662.48ms
step:3243/3325 train_time:2148.434s step_avg:662.48ms
step:3244/3325 train_time:2149.097s step_avg:662.48ms
step:3245/3325 train_time:2149.758s step_avg:662.48ms
step:3246/3325 train_time:2150.421s step_avg:662.48ms
step:3247/3325 train_time:2151.084s step_avg:662.48ms
step:3248/3325 train_time:2151.746s step_avg:662.48ms
step:3249/3325 train_time:2152.412s step_avg:662.48ms
step:3250/3325 train_time:2153.072s step_avg:662.48ms
step:3250/3325 val_loss:3.28447 train_time:2153.082s step_avg:662.78ms
step:3251/3325 train_time:2153.749s step_avg:662.49ms
step:3252/3325 train_time:2154.407s step_avg:662.49ms
step:3253/3325 train_time:2155.073s step_avg:662.49ms
step:3254/3325 train_time:2155.732s step_avg:662.49ms
step:3255/3325 train_time:2156.400s step_avg:662.49ms
step:3256/3325 train_time:2157.059s step_avg:662.49ms
step:3257/3325 train_time:2157.721s step_avg:662.49ms
step:3258/3325 train_time:2158.383s step_avg:662.49ms
step:3259/3325 train_time:2159.043s step_avg:662.49ms
step:3260/3325 train_time:2159.705s step_avg:662.49ms
step:3261/3325 train_time:2160.367s step_avg:662.49ms
step:3262/3325 train_time:2161.028s step_avg:662.49ms
step:3263/3325 train_time:2161.692s step_avg:662.49ms
step:3264/3325 train_time:2162.353s step_avg:662.49ms
step:3265/3325 train_time:2163.013s step_avg:662.48ms
step:3266/3325 train_time:2163.675s step_avg:662.48ms
step:3267/3325 train_time:2164.334s step_avg:662.48ms
step:3268/3325 train_time:2164.995s step_avg:662.48ms
step:3269/3325 train_time:2165.656s step_avg:662.48ms
step:3270/3325 train_time:2166.315s step_avg:662.48ms
step:3271/3325 train_time:2166.977s step_avg:662.48ms
step:3272/3325 train_time:2167.636s step_avg:662.48ms
step:3273/3325 train_time:2168.298s step_avg:662.48ms
step:3274/3325 train_time:2168.961s step_avg:662.48ms
step:3275/3325 train_time:2169.619s step_avg:662.48ms
step:3276/3325 train_time:2170.288s step_avg:662.48ms
step:3277/3325 train_time:2170.949s step_avg:662.48ms
step:3278/3325 train_time:2171.611s step_avg:662.48ms
step:3279/3325 train_time:2172.272s step_avg:662.48ms
step:3280/3325 train_time:2172.933s step_avg:662.48ms
step:3281/3325 train_time:2173.595s step_avg:662.48ms
step:3282/3325 train_time:2174.255s step_avg:662.48ms
step:3283/3325 train_time:2174.915s step_avg:662.48ms
step:3284/3325 train_time:2175.578s step_avg:662.48ms
step:3285/3325 train_time:2176.238s step_avg:662.48ms
step:3286/3325 train_time:2176.902s step_avg:662.48ms
step:3287/3325 train_time:2177.564s step_avg:662.48ms
step:3288/3325 train_time:2178.224s step_avg:662.48ms
step:3289/3325 train_time:2178.890s step_avg:662.48ms
step:3290/3325 train_time:2179.551s step_avg:662.48ms
step:3291/3325 train_time:2180.212s step_avg:662.48ms
step:3292/3325 train_time:2180.875s step_avg:662.48ms
step:3293/3325 train_time:2181.533s step_avg:662.48ms
step:3294/3325 train_time:2182.197s step_avg:662.48ms
step:3295/3325 train_time:2182.857s step_avg:662.48ms
step:3296/3325 train_time:2183.517s step_avg:662.47ms
step:3297/3325 train_time:2184.181s step_avg:662.48ms
step:3298/3325 train_time:2184.844s step_avg:662.48ms
step:3299/3325 train_time:2185.503s step_avg:662.47ms
step:3300/3325 train_time:2186.167s step_avg:662.47ms
step:3301/3325 train_time:2186.827s step_avg:662.47ms
step:3302/3325 train_time:2187.493s step_avg:662.48ms
step:3303/3325 train_time:2188.153s step_avg:662.47ms
step:3304/3325 train_time:2188.814s step_avg:662.47ms
step:3305/3325 train_time:2189.475s step_avg:662.47ms
step:3306/3325 train_time:2190.135s step_avg:662.47ms
step:3307/3325 train_time:2190.797s step_avg:662.47ms
step:3308/3325 train_time:2191.458s step_avg:662.47ms
step:3309/3325 train_time:2192.119s step_avg:662.47ms
step:3310/3325 train_time:2192.783s step_avg:662.47ms
step:3311/3325 train_time:2193.447s step_avg:662.47ms
step:3312/3325 train_time:2194.107s step_avg:662.47ms
step:3313/3325 train_time:2194.772s step_avg:662.47ms
step:3314/3325 train_time:2195.431s step_avg:662.47ms
step:3315/3325 train_time:2196.093s step_avg:662.47ms
step:3316/3325 train_time:2196.752s step_avg:662.47ms
step:3317/3325 train_time:2197.413s step_avg:662.47ms
step:3318/3325 train_time:2198.074s step_avg:662.47ms
step:3319/3325 train_time:2198.734s step_avg:662.47ms
step:3320/3325 train_time:2199.398s step_avg:662.47ms
step:3321/3325 train_time:2200.058s step_avg:662.47ms
step:3322/3325 train_time:2200.719s step_avg:662.47ms
step:3323/3325 train_time:2201.382s step_avg:662.47ms
step:3324/3325 train_time:2202.044s step_avg:662.47ms
step:3325/3325 train_time:2202.707s step_avg:662.47ms
step:3325/3325 val_loss:3.28061 train_time:2202.717s step_avg:661.80ms
