Running: torchrun --standalone --nproc_per_node=4 records/track_3_optimization/train_gpt_simple_leonh.py --trials 1 --out-dir records/track_3_optimization/runs/leonh/20260514-precond-side/input_3325_lr0125_4gpu --set train_steps=3325 --set leon_lr=0.0125 --set leon_beta2=0.6 --set leon_mu=0.95 --set leon_ns_iters=12 --set leon_orthogonalize_dtype=float32 --set leon_eps=1e-12 --set leon_cooldown_frac=1.0 --set leon_precondition_side=input
W0514 13:04:53.922000 879683 /ssd1/rj23424/venvs/modded-nanogpt/lib/python3.12/site-packages/torch/distributed/run.py:851] 
W0514 13:04:53.922000 879683 /ssd1/rj23424/venvs/modded-nanogpt/lib/python3.12/site-packages/torch/distributed/run.py:851] *****************************************
W0514 13:04:53.922000 879683 /ssd1/rj23424/venvs/modded-nanogpt/lib/python3.12/site-packages/torch/distributed/run.py:851] Setting OMP_NUM_THREADS environment variable for each process to be 1 in default, to avoid your system being overloaded, please further tune the variable for optimal performance in your application as needed. 
W0514 13:04:53.922000 879683 /ssd1/rj23424/venvs/modded-nanogpt/lib/python3.12/site-packages/torch/distributed/run.py:851] *****************************************
records/track_3_optimization/runs/leonh/20260514-precond-side/input_3325_lr0125_4gpu/train.log
step:0/3325 val_loss:10.96873 train_time:0.000s step_avg:nanms
step:1/3325 train_time:2.767s step_avg:2767.29ms
step:2/3325 train_time:3.423s step_avg:1711.45ms
step:3/3325 train_time:4.070s step_avg:1356.51ms
step:4/3325 train_time:4.722s step_avg:1180.62ms
step:5/3325 train_time:5.375s step_avg:1075.03ms
step:6/3325 train_time:6.027s step_avg:1004.43ms
step:7/3325 train_time:6.677s step_avg:953.92ms
step:8/3325 train_time:7.331s step_avg:916.37ms
step:9/3325 train_time:7.983s step_avg:887.02ms
step:10/3325 train_time:8.636s step_avg:863.62ms
step:11/3325 train_time:9.289s step_avg:844.44ms
step:12/3325 train_time:9.954s step_avg:829.52ms
step:13/3325 train_time:10.608s step_avg:816.04ms
step:14/3325 train_time:11.261s step_avg:804.36ms
step:15/3325 train_time:11.919s step_avg:794.63ms
step:16/3325 train_time:12.572s step_avg:785.74ms
step:17/3325 train_time:13.232s step_avg:778.35ms
step:18/3325 train_time:13.885s step_avg:771.40ms
step:19/3325 train_time:14.542s step_avg:765.38ms
step:20/3325 train_time:15.198s step_avg:759.92ms
step:21/3325 train_time:15.856s step_avg:755.04ms
step:22/3325 train_time:16.510s step_avg:750.47ms
step:23/3325 train_time:17.171s step_avg:746.55ms
step:24/3325 train_time:17.823s step_avg:742.60ms
step:25/3325 train_time:18.479s step_avg:739.18ms
step:26/3325 train_time:19.140s step_avg:736.17ms
step:27/3325 train_time:19.795s step_avg:733.14ms
step:28/3325 train_time:20.454s step_avg:730.50ms
step:29/3325 train_time:21.107s step_avg:727.83ms
step:30/3325 train_time:21.765s step_avg:725.49ms
step:31/3325 train_time:22.423s step_avg:723.33ms
step:32/3325 train_time:23.087s step_avg:721.47ms
step:33/3325 train_time:23.742s step_avg:719.44ms
step:34/3325 train_time:24.399s step_avg:717.62ms
step:35/3325 train_time:25.057s step_avg:715.91ms
step:36/3325 train_time:25.715s step_avg:714.32ms
step:37/3325 train_time:26.372s step_avg:712.77ms
step:38/3325 train_time:27.031s step_avg:711.34ms
step:39/3325 train_time:27.687s step_avg:709.91ms
step:40/3325 train_time:28.348s step_avg:708.69ms
step:41/3325 train_time:29.008s step_avg:707.51ms
step:42/3325 train_time:29.665s step_avg:706.31ms
step:43/3325 train_time:30.327s step_avg:705.28ms
step:44/3325 train_time:30.987s step_avg:704.25ms
step:45/3325 train_time:31.651s step_avg:703.36ms
step:46/3325 train_time:32.310s step_avg:702.38ms
step:47/3325 train_time:32.969s step_avg:701.46ms
step:48/3325 train_time:33.630s step_avg:700.63ms
step:49/3325 train_time:34.290s step_avg:699.79ms
step:50/3325 train_time:34.953s step_avg:699.06ms
step:51/3325 train_time:35.612s step_avg:698.27ms
step:52/3325 train_time:36.270s step_avg:697.50ms
step:53/3325 train_time:36.933s step_avg:696.85ms
step:54/3325 train_time:37.591s step_avg:696.13ms
step:55/3325 train_time:38.250s step_avg:695.46ms
step:56/3325 train_time:38.906s step_avg:694.76ms
step:57/3325 train_time:39.563s step_avg:694.10ms
step:58/3325 train_time:40.225s step_avg:693.54ms
step:59/3325 train_time:40.885s step_avg:692.97ms
step:60/3325 train_time:41.546s step_avg:692.44ms
step:61/3325 train_time:42.207s step_avg:691.92ms
step:62/3325 train_time:42.866s step_avg:691.39ms
step:63/3325 train_time:43.532s step_avg:690.98ms
step:64/3325 train_time:44.185s step_avg:690.39ms
step:65/3325 train_time:44.846s step_avg:689.93ms
step:66/3325 train_time:45.503s step_avg:689.43ms
step:67/3325 train_time:46.161s step_avg:688.97ms
step:68/3325 train_time:46.821s step_avg:688.55ms
step:69/3325 train_time:47.478s step_avg:688.09ms
step:70/3325 train_time:48.139s step_avg:687.70ms
step:71/3325 train_time:48.798s step_avg:687.30ms
step:72/3325 train_time:49.458s step_avg:686.92ms
step:73/3325 train_time:50.119s step_avg:686.57ms
step:74/3325 train_time:50.779s step_avg:686.20ms
step:75/3325 train_time:51.438s step_avg:685.84ms
step:76/3325 train_time:52.099s step_avg:685.51ms
step:77/3325 train_time:52.758s step_avg:685.17ms
step:78/3325 train_time:53.420s step_avg:684.87ms
step:79/3325 train_time:54.080s step_avg:684.56ms
step:80/3325 train_time:54.740s step_avg:684.24ms
step:81/3325 train_time:55.400s step_avg:683.95ms
step:82/3325 train_time:56.060s step_avg:683.66ms
step:83/3325 train_time:56.721s step_avg:683.39ms
step:84/3325 train_time:57.380s step_avg:683.09ms
step:85/3325 train_time:58.045s step_avg:682.88ms
step:86/3325 train_time:58.704s step_avg:682.60ms
step:87/3325 train_time:59.366s step_avg:682.36ms
step:88/3325 train_time:60.029s step_avg:682.14ms
step:89/3325 train_time:60.691s step_avg:681.92ms
step:90/3325 train_time:61.350s step_avg:681.67ms
step:91/3325 train_time:62.016s step_avg:681.49ms
step:92/3325 train_time:62.674s step_avg:681.24ms
step:93/3325 train_time:63.338s step_avg:681.05ms
step:94/3325 train_time:64.000s step_avg:680.85ms
step:95/3325 train_time:64.664s step_avg:680.67ms
step:96/3325 train_time:65.325s step_avg:680.47ms
step:97/3325 train_time:65.987s step_avg:680.28ms
step:98/3325 train_time:66.647s step_avg:680.07ms
step:99/3325 train_time:67.308s step_avg:679.87ms
step:100/3325 train_time:67.967s step_avg:679.67ms
step:101/3325 train_time:68.632s step_avg:679.52ms
step:102/3325 train_time:69.292s step_avg:679.34ms
step:103/3325 train_time:69.953s step_avg:679.16ms
step:104/3325 train_time:70.616s step_avg:679.00ms
step:105/3325 train_time:71.275s step_avg:678.81ms
step:106/3325 train_time:71.937s step_avg:678.65ms
step:107/3325 train_time:72.598s step_avg:678.49ms
step:108/3325 train_time:73.259s step_avg:678.33ms
step:109/3325 train_time:73.923s step_avg:678.19ms
step:110/3325 train_time:74.581s step_avg:678.01ms
step:111/3325 train_time:75.244s step_avg:677.87ms
step:112/3325 train_time:75.904s step_avg:677.71ms
step:113/3325 train_time:76.564s step_avg:677.56ms
step:114/3325 train_time:77.228s step_avg:677.44ms
step:115/3325 train_time:77.891s step_avg:677.32ms
step:116/3325 train_time:78.554s step_avg:677.19ms
step:117/3325 train_time:79.215s step_avg:677.05ms
step:118/3325 train_time:79.877s step_avg:676.92ms
step:119/3325 train_time:80.540s step_avg:676.81ms
step:120/3325 train_time:81.201s step_avg:676.68ms
step:121/3325 train_time:81.860s step_avg:676.53ms
step:122/3325 train_time:82.524s step_avg:676.43ms
step:123/3325 train_time:83.186s step_avg:676.31ms
step:124/3325 train_time:83.851s step_avg:676.22ms
step:125/3325 train_time:84.513s step_avg:676.10ms
step:125/3325 val_loss:4.86981 train_time:84.523s step_avg:676.18ms
step:126/3325 train_time:85.185s step_avg:676.07ms
step:127/3325 train_time:85.842s step_avg:675.92ms
step:128/3325 train_time:86.511s step_avg:675.86ms
step:129/3325 train_time:87.170s step_avg:675.74ms
step:130/3325 train_time:87.835s step_avg:675.65ms
step:131/3325 train_time:88.498s step_avg:675.56ms
step:132/3325 train_time:89.160s step_avg:675.46ms
step:133/3325 train_time:89.823s step_avg:675.36ms
step:134/3325 train_time:90.486s step_avg:675.27ms
step:135/3325 train_time:91.148s step_avg:675.17ms
step:136/3325 train_time:91.816s step_avg:675.12ms
step:137/3325 train_time:92.478s step_avg:675.02ms
step:138/3325 train_time:93.140s step_avg:674.93ms
step:139/3325 train_time:93.803s step_avg:674.84ms
step:140/3325 train_time:94.466s step_avg:674.76ms
step:141/3325 train_time:95.133s step_avg:674.70ms
step:142/3325 train_time:95.796s step_avg:674.62ms
step:143/3325 train_time:96.457s step_avg:674.53ms
step:144/3325 train_time:97.121s step_avg:674.45ms
step:145/3325 train_time:97.782s step_avg:674.36ms
step:146/3325 train_time:98.443s step_avg:674.27ms
step:147/3325 train_time:99.108s step_avg:674.20ms
step:148/3325 train_time:99.773s step_avg:674.14ms
step:149/3325 train_time:100.434s step_avg:674.06ms
step:150/3325 train_time:101.100s step_avg:674.00ms
step:151/3325 train_time:101.761s step_avg:673.92ms
step:152/3325 train_time:102.427s step_avg:673.86ms
step:153/3325 train_time:103.091s step_avg:673.80ms
step:154/3325 train_time:103.752s step_avg:673.72ms
step:155/3325 train_time:104.419s step_avg:673.67ms
step:156/3325 train_time:105.082s step_avg:673.60ms
step:157/3325 train_time:105.746s step_avg:673.54ms
step:158/3325 train_time:106.414s step_avg:673.51ms
step:159/3325 train_time:107.075s step_avg:673.43ms
step:160/3325 train_time:107.738s step_avg:673.37ms
step:161/3325 train_time:108.401s step_avg:673.30ms
step:162/3325 train_time:109.063s step_avg:673.23ms
step:163/3325 train_time:109.731s step_avg:673.20ms
step:164/3325 train_time:110.394s step_avg:673.13ms
step:165/3325 train_time:111.058s step_avg:673.08ms
step:166/3325 train_time:111.728s step_avg:673.06ms
step:167/3325 train_time:112.393s step_avg:673.01ms
step:168/3325 train_time:113.055s step_avg:672.95ms
step:169/3325 train_time:113.725s step_avg:672.93ms
step:170/3325 train_time:114.389s step_avg:672.87ms
step:171/3325 train_time:115.055s step_avg:672.84ms
step:172/3325 train_time:115.721s step_avg:672.80ms
step:173/3325 train_time:116.392s step_avg:672.79ms
step:174/3325 train_time:117.053s step_avg:672.72ms
step:175/3325 train_time:117.720s step_avg:672.68ms
step:176/3325 train_time:118.384s step_avg:672.64ms
step:177/3325 train_time:119.053s step_avg:672.62ms
step:178/3325 train_time:119.718s step_avg:672.57ms
step:179/3325 train_time:120.389s step_avg:672.56ms
step:180/3325 train_time:121.050s step_avg:672.50ms
step:181/3325 train_time:121.721s step_avg:672.49ms
step:182/3325 train_time:122.386s step_avg:672.45ms
step:183/3325 train_time:123.048s step_avg:672.40ms
step:184/3325 train_time:123.719s step_avg:672.38ms
step:185/3325 train_time:124.383s step_avg:672.34ms
step:186/3325 train_time:125.050s step_avg:672.31ms
step:187/3325 train_time:125.719s step_avg:672.30ms
step:188/3325 train_time:126.384s step_avg:672.25ms
step:189/3325 train_time:127.046s step_avg:672.20ms
step:190/3325 train_time:127.720s step_avg:672.21ms
step:191/3325 train_time:128.580s step_avg:673.20ms
step:192/3325 train_time:129.245s step_avg:673.15ms
step:193/3325 train_time:129.912s step_avg:673.12ms
step:194/3325 train_time:130.577s step_avg:673.08ms
step:195/3325 train_time:131.242s step_avg:673.03ms
step:196/3325 train_time:131.915s step_avg:673.04ms
step:197/3325 train_time:132.577s step_avg:672.98ms
step:198/3325 train_time:133.240s step_avg:672.93ms
step:199/3325 train_time:133.907s step_avg:672.90ms
step:200/3325 train_time:134.576s step_avg:672.88ms
step:201/3325 train_time:135.240s step_avg:672.83ms
step:202/3325 train_time:135.905s step_avg:672.80ms
step:203/3325 train_time:136.568s step_avg:672.75ms
step:204/3325 train_time:137.238s step_avg:672.73ms
step:205/3325 train_time:137.899s step_avg:672.68ms
step:206/3325 train_time:138.571s step_avg:672.68ms
step:207/3325 train_time:139.233s step_avg:672.62ms
step:208/3325 train_time:139.903s step_avg:672.61ms
step:209/3325 train_time:140.564s step_avg:672.56ms
step:210/3325 train_time:141.235s step_avg:672.55ms
step:211/3325 train_time:141.899s step_avg:672.51ms
step:212/3325 train_time:142.568s step_avg:672.49ms
step:213/3325 train_time:143.236s step_avg:672.47ms
step:214/3325 train_time:143.900s step_avg:672.43ms
step:215/3325 train_time:144.563s step_avg:672.39ms
step:216/3325 train_time:145.237s step_avg:672.39ms
step:217/3325 train_time:145.901s step_avg:672.36ms
step:218/3325 train_time:146.565s step_avg:672.32ms
step:219/3325 train_time:147.232s step_avg:672.29ms
step:220/3325 train_time:147.899s step_avg:672.27ms
step:221/3325 train_time:148.566s step_avg:672.24ms
step:222/3325 train_time:149.233s step_avg:672.22ms
step:223/3325 train_time:149.895s step_avg:672.18ms
step:224/3325 train_time:150.559s step_avg:672.14ms
step:225/3325 train_time:151.225s step_avg:672.11ms
step:226/3325 train_time:151.890s step_avg:672.08ms
step:227/3325 train_time:152.555s step_avg:672.05ms
step:228/3325 train_time:153.220s step_avg:672.02ms
step:229/3325 train_time:153.886s step_avg:671.99ms
step:230/3325 train_time:154.548s step_avg:671.95ms
step:231/3325 train_time:155.218s step_avg:671.94ms
step:232/3325 train_time:155.883s step_avg:671.91ms
step:233/3325 train_time:156.550s step_avg:671.89ms
step:234/3325 train_time:157.218s step_avg:671.87ms
step:235/3325 train_time:157.882s step_avg:671.84ms
step:236/3325 train_time:158.545s step_avg:671.80ms
step:237/3325 train_time:159.215s step_avg:671.79ms
step:238/3325 train_time:159.877s step_avg:671.75ms
step:239/3325 train_time:160.542s step_avg:671.73ms
step:240/3325 train_time:161.208s step_avg:671.70ms
step:241/3325 train_time:161.876s step_avg:671.68ms
step:242/3325 train_time:162.538s step_avg:671.65ms
step:243/3325 train_time:163.204s step_avg:671.62ms
step:244/3325 train_time:163.867s step_avg:671.59ms
step:245/3325 train_time:164.540s step_avg:671.59ms
step:246/3325 train_time:165.201s step_avg:671.55ms
step:247/3325 train_time:165.876s step_avg:671.56ms
step:248/3325 train_time:166.538s step_avg:671.52ms
step:249/3325 train_time:167.212s step_avg:671.53ms
step:250/3325 train_time:167.872s step_avg:671.49ms
step:250/3325 val_loss:4.21438 train_time:167.882s step_avg:666.87ms
step:251/3325 train_time:168.554s step_avg:671.53ms
step:252/3325 train_time:169.214s step_avg:671.49ms
step:253/3325 train_time:169.889s step_avg:671.50ms
step:254/3325 train_time:170.550s step_avg:671.46ms
step:255/3325 train_time:171.216s step_avg:671.44ms
step:256/3325 train_time:171.881s step_avg:671.41ms
step:257/3325 train_time:172.552s step_avg:671.41ms
step:258/3325 train_time:173.214s step_avg:671.37ms
step:259/3325 train_time:173.883s step_avg:671.36ms
step:260/3325 train_time:174.546s step_avg:671.33ms
step:261/3325 train_time:175.210s step_avg:671.30ms
step:262/3325 train_time:175.874s step_avg:671.28ms
step:263/3325 train_time:176.539s step_avg:671.25ms
step:264/3325 train_time:177.206s step_avg:671.24ms
step:265/3325 train_time:177.870s step_avg:671.21ms
step:266/3325 train_time:178.534s step_avg:671.18ms
step:267/3325 train_time:179.201s step_avg:671.16ms
step:268/3325 train_time:179.864s step_avg:671.14ms
step:269/3325 train_time:180.528s step_avg:671.11ms
step:270/3325 train_time:181.195s step_avg:671.09ms
step:271/3325 train_time:181.856s step_avg:671.06ms
step:272/3325 train_time:182.519s step_avg:671.03ms
step:273/3325 train_time:183.189s step_avg:671.02ms
step:274/3325 train_time:183.851s step_avg:670.99ms
step:275/3325 train_time:184.514s step_avg:670.96ms
step:276/3325 train_time:185.179s step_avg:670.94ms
step:277/3325 train_time:185.845s step_avg:670.92ms
step:278/3325 train_time:186.510s step_avg:670.90ms
step:279/3325 train_time:187.174s step_avg:670.88ms
step:280/3325 train_time:187.838s step_avg:670.85ms
step:281/3325 train_time:188.506s step_avg:670.84ms
step:282/3325 train_time:189.168s step_avg:670.81ms
step:283/3325 train_time:189.830s step_avg:670.78ms
step:284/3325 train_time:190.495s step_avg:670.76ms
step:285/3325 train_time:191.159s step_avg:670.73ms
step:286/3325 train_time:191.822s step_avg:670.71ms
step:287/3325 train_time:192.490s step_avg:670.70ms
step:288/3325 train_time:193.154s step_avg:670.67ms
step:289/3325 train_time:193.818s step_avg:670.65ms
step:290/3325 train_time:194.484s step_avg:670.63ms
step:291/3325 train_time:195.149s step_avg:670.61ms
step:292/3325 train_time:195.814s step_avg:670.60ms
step:293/3325 train_time:196.485s step_avg:670.60ms
step:294/3325 train_time:197.145s step_avg:670.56ms
step:295/3325 train_time:197.812s step_avg:670.55ms
step:296/3325 train_time:198.479s step_avg:670.54ms
step:297/3325 train_time:199.148s step_avg:670.53ms
step:298/3325 train_time:199.811s step_avg:670.51ms
step:299/3325 train_time:200.477s step_avg:670.49ms
step:300/3325 train_time:201.139s step_avg:670.46ms
step:301/3325 train_time:201.804s step_avg:670.44ms
step:302/3325 train_time:202.470s step_avg:670.43ms
step:303/3325 train_time:203.132s step_avg:670.40ms
step:304/3325 train_time:203.796s step_avg:670.38ms
step:305/3325 train_time:204.460s step_avg:670.36ms
step:306/3325 train_time:205.123s step_avg:670.34ms
step:307/3325 train_time:205.793s step_avg:670.34ms
step:308/3325 train_time:206.456s step_avg:670.31ms
step:309/3325 train_time:207.126s step_avg:670.31ms
step:310/3325 train_time:207.795s step_avg:670.31ms
step:311/3325 train_time:208.457s step_avg:670.28ms
step:312/3325 train_time:209.124s step_avg:670.27ms
step:313/3325 train_time:209.794s step_avg:670.27ms
step:314/3325 train_time:210.455s step_avg:670.24ms
step:315/3325 train_time:211.118s step_avg:670.22ms
step:316/3325 train_time:211.783s step_avg:670.20ms
step:317/3325 train_time:212.450s step_avg:670.19ms
step:318/3325 train_time:213.115s step_avg:670.17ms
step:319/3325 train_time:213.781s step_avg:670.16ms
step:320/3325 train_time:214.446s step_avg:670.14ms
step:321/3325 train_time:215.112s step_avg:670.13ms
step:322/3325 train_time:215.776s step_avg:670.11ms
step:323/3325 train_time:216.450s step_avg:670.13ms
step:324/3325 train_time:217.111s step_avg:670.10ms
step:325/3325 train_time:217.786s step_avg:670.11ms
step:326/3325 train_time:218.444s step_avg:670.07ms
step:327/3325 train_time:219.111s step_avg:670.06ms
step:328/3325 train_time:219.775s step_avg:670.05ms
step:329/3325 train_time:220.441s step_avg:670.03ms
step:330/3325 train_time:221.107s step_avg:670.02ms
step:331/3325 train_time:221.771s step_avg:670.00ms
step:332/3325 train_time:222.434s step_avg:669.98ms
step:333/3325 train_time:223.100s step_avg:669.97ms
step:334/3325 train_time:223.767s step_avg:669.96ms
step:335/3325 train_time:224.428s step_avg:669.93ms
step:336/3325 train_time:225.094s step_avg:669.92ms
step:337/3325 train_time:225.757s step_avg:669.90ms
step:338/3325 train_time:226.420s step_avg:669.88ms
step:339/3325 train_time:227.092s step_avg:669.89ms
step:340/3325 train_time:227.754s step_avg:669.87ms
step:341/3325 train_time:228.420s step_avg:669.85ms
step:342/3325 train_time:229.087s step_avg:669.84ms
step:343/3325 train_time:229.748s step_avg:669.82ms
step:344/3325 train_time:230.414s step_avg:669.81ms
step:345/3325 train_time:231.084s step_avg:669.81ms
step:346/3325 train_time:231.749s step_avg:669.80ms
step:347/3325 train_time:232.413s step_avg:669.78ms
step:348/3325 train_time:233.078s step_avg:669.76ms
step:349/3325 train_time:233.743s step_avg:669.75ms
step:350/3325 train_time:234.408s step_avg:669.74ms
step:351/3325 train_time:235.072s step_avg:669.72ms
step:352/3325 train_time:235.735s step_avg:669.70ms
step:353/3325 train_time:236.402s step_avg:669.69ms
step:354/3325 train_time:237.068s step_avg:669.68ms
step:355/3325 train_time:237.732s step_avg:669.67ms
step:356/3325 train_time:238.396s step_avg:669.65ms
step:357/3325 train_time:239.059s step_avg:669.63ms
step:358/3325 train_time:239.721s step_avg:669.61ms
step:359/3325 train_time:240.391s step_avg:669.61ms
step:360/3325 train_time:241.055s step_avg:669.60ms
step:361/3325 train_time:241.719s step_avg:669.58ms
step:362/3325 train_time:242.386s step_avg:669.57ms
step:363/3325 train_time:243.048s step_avg:669.55ms
step:364/3325 train_time:243.714s step_avg:669.54ms
step:365/3325 train_time:244.379s step_avg:669.53ms
step:366/3325 train_time:245.045s step_avg:669.52ms
step:367/3325 train_time:245.710s step_avg:669.51ms
step:368/3325 train_time:246.376s step_avg:669.50ms
step:369/3325 train_time:247.048s step_avg:669.51ms
step:370/3325 train_time:247.714s step_avg:669.50ms
step:371/3325 train_time:248.379s step_avg:669.48ms
step:372/3325 train_time:249.045s step_avg:669.48ms
step:373/3325 train_time:249.713s step_avg:669.47ms
step:374/3325 train_time:250.379s step_avg:669.46ms
step:375/3325 train_time:251.040s step_avg:669.44ms
step:375/3325 val_loss:3.99052 train_time:251.050s step_avg:665.34ms
step:376/3325 train_time:251.709s step_avg:669.44ms
step:377/3325 train_time:252.373s step_avg:669.42ms
step:378/3325 train_time:253.041s step_avg:669.42ms
step:379/3325 train_time:253.705s step_avg:669.41ms
step:380/3325 train_time:254.370s step_avg:669.39ms
step:381/3325 train_time:255.056s step_avg:669.44ms
step:382/3325 train_time:255.721s step_avg:669.43ms
step:383/3325 train_time:256.385s step_avg:669.41ms
step:384/3325 train_time:257.050s step_avg:669.40ms
step:385/3325 train_time:257.717s step_avg:669.39ms
step:386/3325 train_time:258.379s step_avg:669.38ms
step:387/3325 train_time:259.044s step_avg:669.36ms
step:388/3325 train_time:259.706s step_avg:669.35ms
step:389/3325 train_time:260.372s step_avg:669.34ms
step:390/3325 train_time:261.037s step_avg:669.33ms
step:391/3325 train_time:261.700s step_avg:669.31ms
step:392/3325 train_time:262.364s step_avg:669.30ms
step:393/3325 train_time:263.029s step_avg:669.28ms
step:394/3325 train_time:263.690s step_avg:669.26ms
step:395/3325 train_time:264.358s step_avg:669.26ms
step:396/3325 train_time:265.019s step_avg:669.24ms
step:397/3325 train_time:265.683s step_avg:669.23ms
step:398/3325 train_time:266.348s step_avg:669.22ms
step:399/3325 train_time:267.010s step_avg:669.20ms
step:400/3325 train_time:267.675s step_avg:669.19ms
step:401/3325 train_time:268.339s step_avg:669.17ms
step:402/3325 train_time:269.002s step_avg:669.16ms
step:403/3325 train_time:269.666s step_avg:669.15ms
step:404/3325 train_time:270.331s step_avg:669.14ms
step:405/3325 train_time:270.997s step_avg:669.13ms
step:406/3325 train_time:271.668s step_avg:669.13ms
step:407/3325 train_time:272.329s step_avg:669.11ms
step:408/3325 train_time:272.991s step_avg:669.10ms
step:409/3325 train_time:273.663s step_avg:669.10ms
step:410/3325 train_time:274.325s step_avg:669.08ms
step:411/3325 train_time:274.989s step_avg:669.07ms
step:412/3325 train_time:275.653s step_avg:669.06ms
step:413/3325 train_time:276.324s step_avg:669.06ms
step:414/3325 train_time:276.984s step_avg:669.04ms
step:415/3325 train_time:277.653s step_avg:669.04ms
step:416/3325 train_time:278.320s step_avg:669.04ms
step:417/3325 train_time:278.982s step_avg:669.02ms
step:418/3325 train_time:279.646s step_avg:669.01ms
step:419/3325 train_time:280.307s step_avg:668.99ms
step:420/3325 train_time:280.973s step_avg:668.98ms
step:421/3325 train_time:281.640s step_avg:668.98ms
step:422/3325 train_time:282.301s step_avg:668.96ms
step:423/3325 train_time:282.967s step_avg:668.95ms
step:424/3325 train_time:283.631s step_avg:668.94ms
step:425/3325 train_time:284.297s step_avg:668.93ms
step:426/3325 train_time:284.968s step_avg:668.94ms
step:427/3325 train_time:285.630s step_avg:668.92ms
step:428/3325 train_time:286.294s step_avg:668.91ms
step:429/3325 train_time:286.964s step_avg:668.91ms
step:430/3325 train_time:287.628s step_avg:668.90ms
step:431/3325 train_time:288.290s step_avg:668.89ms
step:432/3325 train_time:288.961s step_avg:668.89ms
step:433/3325 train_time:289.628s step_avg:668.89ms
step:434/3325 train_time:290.290s step_avg:668.87ms
step:435/3325 train_time:290.958s step_avg:668.87ms
step:436/3325 train_time:291.623s step_avg:668.86ms
step:437/3325 train_time:292.288s step_avg:668.85ms
step:438/3325 train_time:292.952s step_avg:668.84ms
step:439/3325 train_time:293.623s step_avg:668.84ms
step:440/3325 train_time:294.286s step_avg:668.83ms
step:441/3325 train_time:294.957s step_avg:668.84ms
step:442/3325 train_time:295.616s step_avg:668.81ms
step:443/3325 train_time:296.285s step_avg:668.82ms
step:444/3325 train_time:296.947s step_avg:668.80ms
step:445/3325 train_time:297.612s step_avg:668.79ms
step:446/3325 train_time:298.278s step_avg:668.79ms
step:447/3325 train_time:298.940s step_avg:668.77ms
step:448/3325 train_time:299.604s step_avg:668.76ms
step:449/3325 train_time:300.271s step_avg:668.75ms
step:450/3325 train_time:300.931s step_avg:668.74ms
step:451/3325 train_time:301.596s step_avg:668.73ms
step:452/3325 train_time:302.267s step_avg:668.73ms
step:453/3325 train_time:302.936s step_avg:668.73ms
step:454/3325 train_time:303.596s step_avg:668.71ms
step:455/3325 train_time:304.268s step_avg:668.72ms
step:456/3325 train_time:304.929s step_avg:668.70ms
step:457/3325 train_time:305.599s step_avg:668.71ms
step:458/3325 train_time:306.263s step_avg:668.70ms
step:459/3325 train_time:306.928s step_avg:668.69ms
step:460/3325 train_time:307.589s step_avg:668.67ms
step:461/3325 train_time:308.262s step_avg:668.68ms
step:462/3325 train_time:308.922s step_avg:668.66ms
step:463/3325 train_time:309.586s step_avg:668.65ms
step:464/3325 train_time:310.251s step_avg:668.65ms
step:465/3325 train_time:310.914s step_avg:668.63ms
step:466/3325 train_time:311.581s step_avg:668.63ms
step:467/3325 train_time:312.244s step_avg:668.62ms
step:468/3325 train_time:312.907s step_avg:668.61ms
step:469/3325 train_time:313.583s step_avg:668.62ms
step:470/3325 train_time:314.244s step_avg:668.60ms
step:471/3325 train_time:314.907s step_avg:668.59ms
step:472/3325 train_time:315.569s step_avg:668.58ms
step:473/3325 train_time:316.233s step_avg:668.57ms
step:474/3325 train_time:316.894s step_avg:668.55ms
step:475/3325 train_time:317.563s step_avg:668.55ms
step:476/3325 train_time:318.225s step_avg:668.54ms
step:477/3325 train_time:318.892s step_avg:668.54ms
step:478/3325 train_time:319.555s step_avg:668.52ms
step:479/3325 train_time:320.225s step_avg:668.53ms
step:480/3325 train_time:320.887s step_avg:668.52ms
step:481/3325 train_time:321.563s step_avg:668.53ms
step:482/3325 train_time:322.225s step_avg:668.52ms
step:483/3325 train_time:322.887s step_avg:668.50ms
step:484/3325 train_time:323.552s step_avg:668.50ms
step:485/3325 train_time:324.223s step_avg:668.50ms
step:486/3325 train_time:324.889s step_avg:668.50ms
step:487/3325 train_time:325.563s step_avg:668.51ms
step:488/3325 train_time:326.221s step_avg:668.48ms
step:489/3325 train_time:326.886s step_avg:668.48ms
step:490/3325 train_time:327.553s step_avg:668.48ms
step:491/3325 train_time:328.218s step_avg:668.47ms
step:492/3325 train_time:328.884s step_avg:668.46ms
step:493/3325 train_time:329.549s step_avg:668.46ms
step:494/3325 train_time:330.218s step_avg:668.46ms
step:495/3325 train_time:330.879s step_avg:668.44ms
step:496/3325 train_time:331.545s step_avg:668.44ms
step:497/3325 train_time:332.208s step_avg:668.43ms
step:498/3325 train_time:332.881s step_avg:668.44ms
step:499/3325 train_time:333.539s step_avg:668.41ms
step:500/3325 train_time:334.205s step_avg:668.41ms
step:500/3325 val_loss:3.86977 train_time:334.215s step_avg:665.32ms
step:501/3325 train_time:334.881s step_avg:668.42ms
step:502/3325 train_time:335.542s step_avg:668.41ms
step:503/3325 train_time:336.207s step_avg:668.40ms
step:504/3325 train_time:336.873s step_avg:668.40ms
step:505/3325 train_time:337.543s step_avg:668.40ms
step:506/3325 train_time:338.204s step_avg:668.39ms
step:507/3325 train_time:338.867s step_avg:668.38ms
step:508/3325 train_time:339.534s step_avg:668.37ms
step:509/3325 train_time:340.202s step_avg:668.37ms
step:510/3325 train_time:340.863s step_avg:668.36ms
step:511/3325 train_time:341.529s step_avg:668.35ms
step:512/3325 train_time:342.191s step_avg:668.34ms
step:513/3325 train_time:342.863s step_avg:668.35ms
step:514/3325 train_time:343.524s step_avg:668.33ms
step:515/3325 train_time:344.187s step_avg:668.32ms
step:516/3325 train_time:344.853s step_avg:668.32ms
step:517/3325 train_time:345.519s step_avg:668.32ms
step:518/3325 train_time:346.178s step_avg:668.30ms
step:519/3325 train_time:346.845s step_avg:668.29ms
step:520/3325 train_time:347.508s step_avg:668.28ms
step:521/3325 train_time:348.172s step_avg:668.28ms
step:522/3325 train_time:348.835s step_avg:668.27ms
step:523/3325 train_time:349.501s step_avg:668.26ms
step:524/3325 train_time:350.162s step_avg:668.25ms
step:525/3325 train_time:350.827s step_avg:668.24ms
step:526/3325 train_time:351.487s step_avg:668.23ms
step:527/3325 train_time:352.150s step_avg:668.22ms
step:528/3325 train_time:352.811s step_avg:668.20ms
step:529/3325 train_time:353.472s step_avg:668.19ms
step:530/3325 train_time:354.139s step_avg:668.19ms
step:531/3325 train_time:354.800s step_avg:668.17ms
step:532/3325 train_time:355.462s step_avg:668.16ms
step:533/3325 train_time:356.126s step_avg:668.15ms
step:534/3325 train_time:356.787s step_avg:668.14ms
step:535/3325 train_time:357.452s step_avg:668.13ms
step:536/3325 train_time:358.116s step_avg:668.13ms
step:537/3325 train_time:358.779s step_avg:668.12ms
step:538/3325 train_time:359.444s step_avg:668.11ms
step:539/3325 train_time:360.105s step_avg:668.10ms
step:540/3325 train_time:360.768s step_avg:668.09ms
step:541/3325 train_time:361.432s step_avg:668.08ms
step:542/3325 train_time:362.093s step_avg:668.07ms
step:543/3325 train_time:362.759s step_avg:668.06ms
step:544/3325 train_time:363.421s step_avg:668.05ms
step:545/3325 train_time:364.082s step_avg:668.04ms
step:546/3325 train_time:364.747s step_avg:668.04ms
step:547/3325 train_time:365.410s step_avg:668.03ms
step:548/3325 train_time:366.071s step_avg:668.01ms
step:549/3325 train_time:366.735s step_avg:668.00ms
step:550/3325 train_time:367.401s step_avg:668.00ms
step:551/3325 train_time:368.059s step_avg:667.98ms
step:552/3325 train_time:368.725s step_avg:667.98ms
step:553/3325 train_time:369.386s step_avg:667.97ms
step:554/3325 train_time:370.049s step_avg:667.96ms
step:555/3325 train_time:370.710s step_avg:667.95ms
step:556/3325 train_time:371.370s step_avg:667.93ms
step:557/3325 train_time:372.032s step_avg:667.92ms
step:558/3325 train_time:372.695s step_avg:667.91ms
step:559/3325 train_time:373.361s step_avg:667.91ms
step:560/3325 train_time:374.026s step_avg:667.90ms
step:561/3325 train_time:374.688s step_avg:667.89ms
step:562/3325 train_time:375.354s step_avg:667.89ms
step:563/3325 train_time:376.016s step_avg:667.88ms
step:564/3325 train_time:376.679s step_avg:667.87ms
step:565/3325 train_time:377.344s step_avg:667.87ms
step:566/3325 train_time:378.005s step_avg:667.85ms
step:567/3325 train_time:378.668s step_avg:667.84ms
step:568/3325 train_time:379.331s step_avg:667.84ms
step:569/3325 train_time:379.994s step_avg:667.83ms
step:570/3325 train_time:380.658s step_avg:667.82ms
step:571/3325 train_time:381.335s step_avg:667.84ms
step:572/3325 train_time:382.001s step_avg:667.83ms
step:573/3325 train_time:382.660s step_avg:667.82ms
step:574/3325 train_time:383.325s step_avg:667.81ms
step:575/3325 train_time:383.986s step_avg:667.80ms
step:576/3325 train_time:384.649s step_avg:667.79ms
step:577/3325 train_time:385.311s step_avg:667.78ms
step:578/3325 train_time:385.975s step_avg:667.78ms
step:579/3325 train_time:386.644s step_avg:667.78ms
step:580/3325 train_time:387.305s step_avg:667.77ms
step:581/3325 train_time:387.968s step_avg:667.76ms
step:582/3325 train_time:388.632s step_avg:667.75ms
step:583/3325 train_time:389.294s step_avg:667.74ms
step:584/3325 train_time:389.966s step_avg:667.75ms
step:585/3325 train_time:390.632s step_avg:667.75ms
step:586/3325 train_time:391.301s step_avg:667.75ms
step:587/3325 train_time:391.959s step_avg:667.73ms
step:588/3325 train_time:392.626s step_avg:667.73ms
step:589/3325 train_time:393.286s step_avg:667.72ms
step:590/3325 train_time:393.950s step_avg:667.71ms
step:591/3325 train_time:394.611s step_avg:667.70ms
step:592/3325 train_time:395.273s step_avg:667.69ms
step:593/3325 train_time:395.939s step_avg:667.69ms
step:594/3325 train_time:396.603s step_avg:667.68ms
step:595/3325 train_time:397.266s step_avg:667.67ms
step:596/3325 train_time:397.928s step_avg:667.66ms
step:597/3325 train_time:398.589s step_avg:667.65ms
step:598/3325 train_time:399.251s step_avg:667.64ms
step:599/3325 train_time:399.911s step_avg:667.63ms
step:600/3325 train_time:400.573s step_avg:667.62ms
step:601/3325 train_time:401.244s step_avg:667.63ms
step:602/3325 train_time:401.904s step_avg:667.61ms
step:603/3325 train_time:402.567s step_avg:667.61ms
step:604/3325 train_time:403.232s step_avg:667.60ms
step:605/3325 train_time:403.899s step_avg:667.60ms
step:606/3325 train_time:404.558s step_avg:667.59ms
step:607/3325 train_time:405.226s step_avg:667.59ms
step:608/3325 train_time:405.885s step_avg:667.57ms
step:609/3325 train_time:406.548s step_avg:667.57ms
step:610/3325 train_time:407.207s step_avg:667.55ms
step:611/3325 train_time:407.870s step_avg:667.54ms
step:612/3325 train_time:408.535s step_avg:667.54ms
step:613/3325 train_time:409.199s step_avg:667.53ms
step:614/3325 train_time:409.862s step_avg:667.53ms
step:615/3325 train_time:410.527s step_avg:667.52ms
step:616/3325 train_time:411.187s step_avg:667.51ms
step:617/3325 train_time:411.852s step_avg:667.51ms
step:618/3325 train_time:412.512s step_avg:667.49ms
step:619/3325 train_time:413.172s step_avg:667.48ms
step:620/3325 train_time:413.836s step_avg:667.48ms
step:621/3325 train_time:414.499s step_avg:667.47ms
step:622/3325 train_time:415.160s step_avg:667.46ms
step:623/3325 train_time:415.825s step_avg:667.46ms
step:624/3325 train_time:416.485s step_avg:667.44ms
step:625/3325 train_time:417.150s step_avg:667.44ms
step:625/3325 val_loss:3.79628 train_time:417.160s step_avg:663.56ms
step:626/3325 train_time:417.830s step_avg:667.46ms
step:627/3325 train_time:418.488s step_avg:667.45ms
step:628/3325 train_time:419.155s step_avg:667.44ms
step:629/3325 train_time:419.819s step_avg:667.44ms
step:630/3325 train_time:420.483s step_avg:667.43ms
step:631/3325 train_time:421.144s step_avg:667.42ms
step:632/3325 train_time:421.807s step_avg:667.42ms
step:633/3325 train_time:422.468s step_avg:667.41ms
step:634/3325 train_time:423.132s step_avg:667.40ms
step:635/3325 train_time:423.793s step_avg:667.39ms
step:636/3325 train_time:424.453s step_avg:667.38ms
step:637/3325 train_time:425.117s step_avg:667.37ms
step:638/3325 train_time:425.780s step_avg:667.37ms
step:639/3325 train_time:426.446s step_avg:667.36ms
step:640/3325 train_time:427.110s step_avg:667.36ms
step:641/3325 train_time:427.771s step_avg:667.35ms
step:642/3325 train_time:428.435s step_avg:667.34ms
step:643/3325 train_time:429.096s step_avg:667.33ms
step:644/3325 train_time:429.757s step_avg:667.32ms
step:645/3325 train_time:430.427s step_avg:667.33ms
step:646/3325 train_time:431.086s step_avg:667.32ms
step:647/3325 train_time:431.749s step_avg:667.31ms
step:648/3325 train_time:432.413s step_avg:667.30ms
step:649/3325 train_time:433.076s step_avg:667.30ms
step:650/3325 train_time:433.741s step_avg:667.29ms
step:651/3325 train_time:434.404s step_avg:667.29ms
step:652/3325 train_time:435.063s step_avg:667.28ms
step:653/3325 train_time:435.725s step_avg:667.27ms
step:654/3325 train_time:436.386s step_avg:667.26ms
step:655/3325 train_time:437.052s step_avg:667.26ms
step:656/3325 train_time:437.722s step_avg:667.26ms
step:657/3325 train_time:438.388s step_avg:667.26ms
step:658/3325 train_time:439.050s step_avg:667.25ms
step:659/3325 train_time:439.713s step_avg:667.24ms
step:660/3325 train_time:440.376s step_avg:667.24ms
step:661/3325 train_time:441.045s step_avg:667.24ms
step:662/3325 train_time:441.706s step_avg:667.23ms
step:663/3325 train_time:442.370s step_avg:667.22ms
step:664/3325 train_time:443.039s step_avg:667.23ms
step:665/3325 train_time:443.705s step_avg:667.22ms
step:666/3325 train_time:444.366s step_avg:667.22ms
step:667/3325 train_time:445.029s step_avg:667.21ms
step:668/3325 train_time:445.693s step_avg:667.20ms
step:669/3325 train_time:446.355s step_avg:667.20ms
step:670/3325 train_time:447.019s step_avg:667.19ms
step:671/3325 train_time:447.683s step_avg:667.19ms
step:672/3325 train_time:448.344s step_avg:667.18ms
step:673/3325 train_time:449.008s step_avg:667.17ms
step:674/3325 train_time:449.668s step_avg:667.16ms
step:675/3325 train_time:450.331s step_avg:667.16ms
step:676/3325 train_time:450.993s step_avg:667.15ms
step:677/3325 train_time:451.653s step_avg:667.14ms
step:678/3325 train_time:452.320s step_avg:667.14ms
step:679/3325 train_time:452.982s step_avg:667.13ms
step:680/3325 train_time:453.644s step_avg:667.12ms
step:681/3325 train_time:454.307s step_avg:667.12ms
step:682/3325 train_time:454.968s step_avg:667.11ms
step:683/3325 train_time:455.634s step_avg:667.11ms
step:684/3325 train_time:456.296s step_avg:667.10ms
step:685/3325 train_time:456.959s step_avg:667.09ms
step:686/3325 train_time:457.626s step_avg:667.09ms
step:687/3325 train_time:458.289s step_avg:667.09ms
step:688/3325 train_time:458.955s step_avg:667.09ms
step:689/3325 train_time:459.629s step_avg:667.10ms
step:690/3325 train_time:460.291s step_avg:667.09ms
step:691/3325 train_time:460.957s step_avg:667.09ms
step:692/3325 train_time:461.625s step_avg:667.09ms
step:693/3325 train_time:462.287s step_avg:667.08ms
step:694/3325 train_time:462.948s step_avg:667.07ms
step:695/3325 train_time:463.616s step_avg:667.07ms
step:696/3325 train_time:464.281s step_avg:667.07ms
step:697/3325 train_time:464.944s step_avg:667.06ms
step:698/3325 train_time:465.607s step_avg:667.06ms
step:699/3325 train_time:466.269s step_avg:667.05ms
step:700/3325 train_time:466.933s step_avg:667.05ms
step:701/3325 train_time:467.594s step_avg:667.04ms
step:702/3325 train_time:468.255s step_avg:667.03ms
step:703/3325 train_time:468.921s step_avg:667.03ms
step:704/3325 train_time:469.581s step_avg:667.02ms
step:705/3325 train_time:470.248s step_avg:667.02ms
step:706/3325 train_time:470.911s step_avg:667.01ms
step:707/3325 train_time:471.584s step_avg:667.02ms
step:708/3325 train_time:472.243s step_avg:667.01ms
step:709/3325 train_time:472.910s step_avg:667.01ms
step:710/3325 train_time:473.571s step_avg:667.00ms
step:711/3325 train_time:474.245s step_avg:667.01ms
step:712/3325 train_time:474.905s step_avg:667.00ms
step:713/3325 train_time:475.568s step_avg:667.00ms
step:714/3325 train_time:476.231s step_avg:666.99ms
step:715/3325 train_time:476.903s step_avg:667.00ms
step:716/3325 train_time:477.562s step_avg:666.99ms
step:717/3325 train_time:478.230s step_avg:666.99ms
step:718/3325 train_time:478.892s step_avg:666.98ms
step:719/3325 train_time:479.559s step_avg:666.98ms
step:720/3325 train_time:480.221s step_avg:666.97ms
step:721/3325 train_time:480.889s step_avg:666.98ms
step:722/3325 train_time:481.552s step_avg:666.97ms
step:723/3325 train_time:482.225s step_avg:666.98ms
step:724/3325 train_time:482.886s step_avg:666.97ms
step:725/3325 train_time:483.550s step_avg:666.96ms
step:726/3325 train_time:484.213s step_avg:666.96ms
step:727/3325 train_time:484.884s step_avg:666.97ms
step:728/3325 train_time:485.548s step_avg:666.96ms
step:729/3325 train_time:486.215s step_avg:666.96ms
step:730/3325 train_time:486.874s step_avg:666.95ms
step:731/3325 train_time:487.548s step_avg:666.96ms
step:732/3325 train_time:488.209s step_avg:666.95ms
step:733/3325 train_time:488.870s step_avg:666.94ms
step:734/3325 train_time:489.534s step_avg:666.94ms
step:735/3325 train_time:490.195s step_avg:666.93ms
step:736/3325 train_time:490.858s step_avg:666.93ms
step:737/3325 train_time:491.523s step_avg:666.92ms
step:738/3325 train_time:492.184s step_avg:666.92ms
step:739/3325 train_time:492.852s step_avg:666.92ms
step:740/3325 train_time:493.513s step_avg:666.91ms
step:741/3325 train_time:494.185s step_avg:666.92ms
step:742/3325 train_time:494.848s step_avg:666.91ms
step:743/3325 train_time:495.516s step_avg:666.91ms
step:744/3325 train_time:496.177s step_avg:666.90ms
step:745/3325 train_time:496.843s step_avg:666.90ms
step:746/3325 train_time:497.504s step_avg:666.90ms
step:747/3325 train_time:498.170s step_avg:666.89ms
step:748/3325 train_time:498.833s step_avg:666.89ms
step:749/3325 train_time:499.496s step_avg:666.88ms
step:750/3325 train_time:500.158s step_avg:666.88ms
step:750/3325 val_loss:3.74356 train_time:500.168s step_avg:664.06ms
step:751/3325 train_time:500.832s step_avg:666.89ms
step:752/3325 train_time:501.492s step_avg:666.88ms
step:753/3325 train_time:502.159s step_avg:666.88ms
step:754/3325 train_time:502.825s step_avg:666.88ms
step:755/3325 train_time:503.489s step_avg:666.87ms
step:756/3325 train_time:504.153s step_avg:666.87ms
step:757/3325 train_time:504.817s step_avg:666.87ms
step:758/3325 train_time:505.482s step_avg:666.86ms
step:759/3325 train_time:506.141s step_avg:666.85ms
step:760/3325 train_time:506.808s step_avg:666.85ms
step:761/3325 train_time:507.493s step_avg:666.88ms
step:762/3325 train_time:508.159s step_avg:666.88ms
step:763/3325 train_time:508.826s step_avg:666.88ms
step:764/3325 train_time:509.488s step_avg:666.87ms
step:765/3325 train_time:510.150s step_avg:666.86ms
step:766/3325 train_time:510.822s step_avg:666.87ms
step:767/3325 train_time:511.483s step_avg:666.86ms
step:768/3325 train_time:512.147s step_avg:666.86ms
step:769/3325 train_time:512.813s step_avg:666.86ms
step:770/3325 train_time:513.484s step_avg:666.86ms
step:771/3325 train_time:514.146s step_avg:666.86ms
step:772/3325 train_time:514.811s step_avg:666.85ms
step:773/3325 train_time:515.472s step_avg:666.85ms
step:774/3325 train_time:516.135s step_avg:666.84ms
step:775/3325 train_time:516.798s step_avg:666.84ms
step:776/3325 train_time:517.466s step_avg:666.84ms
step:777/3325 train_time:518.129s step_avg:666.83ms
step:778/3325 train_time:518.795s step_avg:666.83ms
step:779/3325 train_time:519.458s step_avg:666.83ms
step:780/3325 train_time:520.127s step_avg:666.83ms
step:781/3325 train_time:520.789s step_avg:666.82ms
step:782/3325 train_time:521.463s step_avg:666.83ms
step:783/3325 train_time:522.123s step_avg:666.82ms
step:784/3325 train_time:522.791s step_avg:666.83ms
step:785/3325 train_time:523.452s step_avg:666.82ms
step:786/3325 train_time:524.125s step_avg:666.83ms
step:787/3325 train_time:524.788s step_avg:666.82ms
step:788/3325 train_time:525.449s step_avg:666.81ms
step:789/3325 train_time:526.116s step_avg:666.81ms
step:790/3325 train_time:526.784s step_avg:666.81ms
step:791/3325 train_time:527.446s step_avg:666.81ms
step:792/3325 train_time:528.111s step_avg:666.81ms
step:793/3325 train_time:528.773s step_avg:666.80ms
step:794/3325 train_time:529.434s step_avg:666.79ms
step:795/3325 train_time:530.101s step_avg:666.79ms
step:796/3325 train_time:530.768s step_avg:666.79ms
step:797/3325 train_time:531.430s step_avg:666.79ms
step:798/3325 train_time:532.105s step_avg:666.80ms
step:799/3325 train_time:532.765s step_avg:666.79ms
step:800/3325 train_time:533.429s step_avg:666.79ms
step:801/3325 train_time:534.093s step_avg:666.78ms
step:802/3325 train_time:534.754s step_avg:666.78ms
step:803/3325 train_time:535.419s step_avg:666.77ms
step:804/3325 train_time:536.083s step_avg:666.77ms
step:805/3325 train_time:536.743s step_avg:666.76ms
step:806/3325 train_time:537.411s step_avg:666.76ms
step:807/3325 train_time:538.072s step_avg:666.76ms
step:808/3325 train_time:538.735s step_avg:666.75ms
step:809/3325 train_time:539.400s step_avg:666.75ms
step:810/3325 train_time:540.068s step_avg:666.75ms
step:811/3325 train_time:540.729s step_avg:666.74ms
step:812/3325 train_time:541.394s step_avg:666.74ms
step:813/3325 train_time:542.056s step_avg:666.74ms
step:814/3325 train_time:542.727s step_avg:666.74ms
step:815/3325 train_time:543.388s step_avg:666.73ms
step:816/3325 train_time:544.057s step_avg:666.74ms
step:817/3325 train_time:544.720s step_avg:666.73ms
step:818/3325 train_time:545.389s step_avg:666.73ms
step:819/3325 train_time:546.048s step_avg:666.72ms
step:820/3325 train_time:546.713s step_avg:666.72ms
step:821/3325 train_time:547.374s step_avg:666.72ms
step:822/3325 train_time:548.042s step_avg:666.72ms
step:823/3325 train_time:548.711s step_avg:666.72ms
step:824/3325 train_time:549.372s step_avg:666.71ms
step:825/3325 train_time:550.033s step_avg:666.71ms
step:826/3325 train_time:550.701s step_avg:666.71ms
step:827/3325 train_time:551.362s step_avg:666.70ms
step:828/3325 train_time:552.028s step_avg:666.70ms
step:829/3325 train_time:552.692s step_avg:666.70ms
step:830/3325 train_time:553.363s step_avg:666.70ms
step:831/3325 train_time:554.024s step_avg:666.69ms
step:832/3325 train_time:554.689s step_avg:666.69ms
step:833/3325 train_time:555.352s step_avg:666.69ms
step:834/3325 train_time:556.021s step_avg:666.69ms
step:835/3325 train_time:556.680s step_avg:666.68ms
step:836/3325 train_time:557.346s step_avg:666.68ms
step:837/3325 train_time:558.009s step_avg:666.68ms
step:838/3325 train_time:558.676s step_avg:666.68ms
step:839/3325 train_time:559.337s step_avg:666.67ms
step:840/3325 train_time:560.008s step_avg:666.68ms
step:841/3325 train_time:560.671s step_avg:666.67ms
step:842/3325 train_time:561.337s step_avg:666.67ms
step:843/3325 train_time:562.005s step_avg:666.67ms
step:844/3325 train_time:562.666s step_avg:666.67ms
step:845/3325 train_time:563.331s step_avg:666.66ms
step:846/3325 train_time:563.996s step_avg:666.66ms
step:847/3325 train_time:564.660s step_avg:666.66ms
step:848/3325 train_time:565.325s step_avg:666.66ms
step:849/3325 train_time:565.990s step_avg:666.66ms
step:850/3325 train_time:566.655s step_avg:666.65ms
step:851/3325 train_time:567.321s step_avg:666.65ms
step:852/3325 train_time:567.988s step_avg:666.65ms
step:853/3325 train_time:568.650s step_avg:666.65ms
step:854/3325 train_time:569.316s step_avg:666.65ms
step:855/3325 train_time:569.980s step_avg:666.64ms
step:856/3325 train_time:570.643s step_avg:666.64ms
step:857/3325 train_time:571.310s step_avg:666.64ms
step:858/3325 train_time:571.975s step_avg:666.64ms
step:859/3325 train_time:572.637s step_avg:666.63ms
step:860/3325 train_time:573.305s step_avg:666.63ms
step:861/3325 train_time:573.967s step_avg:666.63ms
step:862/3325 train_time:574.631s step_avg:666.63ms
step:863/3325 train_time:575.293s step_avg:666.62ms
step:864/3325 train_time:575.955s step_avg:666.62ms
step:865/3325 train_time:576.622s step_avg:666.61ms
step:866/3325 train_time:577.286s step_avg:666.61ms
step:867/3325 train_time:577.948s step_avg:666.61ms
step:868/3325 train_time:578.612s step_avg:666.60ms
step:869/3325 train_time:579.272s step_avg:666.60ms
step:870/3325 train_time:579.933s step_avg:666.59ms
step:871/3325 train_time:580.599s step_avg:666.59ms
step:872/3325 train_time:581.264s step_avg:666.59ms
step:873/3325 train_time:581.923s step_avg:666.58ms
step:874/3325 train_time:582.587s step_avg:666.58ms
step:875/3325 train_time:583.249s step_avg:666.57ms
step:875/3325 val_loss:3.69827 train_time:583.260s step_avg:664.73ms
step:876/3325 train_time:583.924s step_avg:666.58ms
step:877/3325 train_time:584.587s step_avg:666.58ms
step:878/3325 train_time:585.250s step_avg:666.57ms
step:879/3325 train_time:585.912s step_avg:666.57ms
step:880/3325 train_time:586.583s step_avg:666.57ms
step:881/3325 train_time:587.241s step_avg:666.56ms
step:882/3325 train_time:587.905s step_avg:666.56ms
step:883/3325 train_time:588.570s step_avg:666.56ms
step:884/3325 train_time:589.240s step_avg:666.56ms
step:885/3325 train_time:589.899s step_avg:666.55ms
step:886/3325 train_time:590.566s step_avg:666.55ms
step:887/3325 train_time:591.227s step_avg:666.55ms
step:888/3325 train_time:591.899s step_avg:666.55ms
step:889/3325 train_time:592.556s step_avg:666.54ms
step:890/3325 train_time:593.224s step_avg:666.54ms
step:891/3325 train_time:593.885s step_avg:666.54ms
step:892/3325 train_time:594.553s step_avg:666.54ms
step:893/3325 train_time:595.212s step_avg:666.53ms
step:894/3325 train_time:595.880s step_avg:666.53ms
step:895/3325 train_time:596.538s step_avg:666.52ms
step:896/3325 train_time:597.202s step_avg:666.52ms
step:897/3325 train_time:597.865s step_avg:666.52ms
step:898/3325 train_time:598.528s step_avg:666.51ms
step:899/3325 train_time:599.192s step_avg:666.51ms
step:900/3325 train_time:599.855s step_avg:666.51ms
step:901/3325 train_time:600.516s step_avg:666.50ms
step:902/3325 train_time:601.187s step_avg:666.50ms
step:903/3325 train_time:601.851s step_avg:666.50ms
step:904/3325 train_time:602.514s step_avg:666.50ms
step:905/3325 train_time:603.182s step_avg:666.50ms
step:906/3325 train_time:603.845s step_avg:666.50ms
step:907/3325 train_time:604.512s step_avg:666.50ms
step:908/3325 train_time:605.178s step_avg:666.50ms
step:909/3325 train_time:605.846s step_avg:666.50ms
step:910/3325 train_time:606.508s step_avg:666.49ms
step:911/3325 train_time:607.183s step_avg:666.50ms
step:912/3325 train_time:607.842s step_avg:666.49ms
step:913/3325 train_time:608.506s step_avg:666.49ms
step:914/3325 train_time:609.170s step_avg:666.49ms
step:915/3325 train_time:609.842s step_avg:666.49ms
step:916/3325 train_time:610.505s step_avg:666.49ms
step:917/3325 train_time:611.169s step_avg:666.49ms
step:918/3325 train_time:611.833s step_avg:666.48ms
step:919/3325 train_time:612.503s step_avg:666.49ms
step:920/3325 train_time:613.166s step_avg:666.49ms
step:921/3325 train_time:613.829s step_avg:666.48ms
step:922/3325 train_time:614.491s step_avg:666.48ms
step:923/3325 train_time:615.153s step_avg:666.47ms
step:924/3325 train_time:615.815s step_avg:666.47ms
step:925/3325 train_time:616.484s step_avg:666.47ms
step:926/3325 train_time:617.147s step_avg:666.47ms
step:927/3325 train_time:617.812s step_avg:666.46ms
step:928/3325 train_time:618.477s step_avg:666.46ms
step:929/3325 train_time:619.144s step_avg:666.46ms
step:930/3325 train_time:619.807s step_avg:666.46ms
step:931/3325 train_time:620.479s step_avg:666.46ms
step:932/3325 train_time:621.141s step_avg:666.46ms
step:933/3325 train_time:621.805s step_avg:666.46ms
step:934/3325 train_time:622.469s step_avg:666.46ms
step:935/3325 train_time:623.143s step_avg:666.46ms
step:936/3325 train_time:623.805s step_avg:666.46ms
step:937/3325 train_time:624.472s step_avg:666.46ms
step:938/3325 train_time:625.132s step_avg:666.45ms
step:939/3325 train_time:625.805s step_avg:666.46ms
step:940/3325 train_time:626.470s step_avg:666.46ms
step:941/3325 train_time:627.131s step_avg:666.45ms
step:942/3325 train_time:627.800s step_avg:666.45ms
step:943/3325 train_time:628.469s step_avg:666.46ms
step:944/3325 train_time:629.131s step_avg:666.45ms
step:945/3325 train_time:629.794s step_avg:666.45ms
step:946/3325 train_time:630.461s step_avg:666.45ms
step:947/3325 train_time:631.121s step_avg:666.44ms
step:948/3325 train_time:631.788s step_avg:666.44ms
step:949/3325 train_time:632.450s step_avg:666.44ms
step:950/3325 train_time:633.110s step_avg:666.43ms
step:951/3325 train_time:633.792s step_avg:666.45ms
step:952/3325 train_time:634.458s step_avg:666.45ms
step:953/3325 train_time:635.115s step_avg:666.44ms
step:954/3325 train_time:635.787s step_avg:666.44ms
step:955/3325 train_time:636.447s step_avg:666.44ms
step:956/3325 train_time:637.113s step_avg:666.44ms
step:957/3325 train_time:637.776s step_avg:666.43ms
step:958/3325 train_time:638.441s step_avg:666.43ms
step:959/3325 train_time:639.102s step_avg:666.43ms
step:960/3325 train_time:639.767s step_avg:666.42ms
step:961/3325 train_time:640.429s step_avg:666.42ms
step:962/3325 train_time:641.093s step_avg:666.42ms
step:963/3325 train_time:641.756s step_avg:666.41ms
step:964/3325 train_time:642.416s step_avg:666.41ms
step:965/3325 train_time:643.085s step_avg:666.41ms
step:966/3325 train_time:643.747s step_avg:666.40ms
step:967/3325 train_time:644.410s step_avg:666.40ms
step:968/3325 train_time:645.073s step_avg:666.40ms
step:969/3325 train_time:645.736s step_avg:666.39ms
step:970/3325 train_time:646.401s step_avg:666.39ms
step:971/3325 train_time:647.063s step_avg:666.39ms
step:972/3325 train_time:647.725s step_avg:666.38ms
step:973/3325 train_time:648.388s step_avg:666.38ms
step:974/3325 train_time:649.052s step_avg:666.38ms
step:975/3325 train_time:649.716s step_avg:666.38ms
step:976/3325 train_time:650.378s step_avg:666.37ms
step:977/3325 train_time:651.042s step_avg:666.37ms
step:978/3325 train_time:651.703s step_avg:666.36ms
step:979/3325 train_time:652.368s step_avg:666.36ms
step:980/3325 train_time:653.028s step_avg:666.36ms
step:981/3325 train_time:653.692s step_avg:666.35ms
step:982/3325 train_time:654.352s step_avg:666.35ms
step:983/3325 train_time:655.013s step_avg:666.34ms
step:984/3325 train_time:655.678s step_avg:666.34ms
step:985/3325 train_time:656.338s step_avg:666.33ms
step:986/3325 train_time:657.004s step_avg:666.33ms
step:987/3325 train_time:657.667s step_avg:666.33ms
step:988/3325 train_time:658.330s step_avg:666.33ms
step:989/3325 train_time:658.993s step_avg:666.32ms
step:990/3325 train_time:659.658s step_avg:666.32ms
step:991/3325 train_time:660.318s step_avg:666.31ms
step:992/3325 train_time:660.987s step_avg:666.32ms
step:993/3325 train_time:661.651s step_avg:666.31ms
step:994/3325 train_time:662.314s step_avg:666.31ms
step:995/3325 train_time:662.986s step_avg:666.32ms
step:996/3325 train_time:663.646s step_avg:666.31ms
step:997/3325 train_time:664.309s step_avg:666.31ms
step:998/3325 train_time:664.976s step_avg:666.31ms
step:999/3325 train_time:665.636s step_avg:666.30ms
step:1000/3325 train_time:666.302s step_avg:666.30ms
step:1000/3325 val_loss:3.66271 train_time:666.313s step_avg:664.42ms
step:1001/3325 train_time:666.975s step_avg:666.31ms
step:1002/3325 train_time:667.635s step_avg:666.30ms
step:1003/3325 train_time:668.304s step_avg:666.30ms
step:1004/3325 train_time:668.968s step_avg:666.30ms
step:1005/3325 train_time:669.633s step_avg:666.30ms
step:1006/3325 train_time:670.293s step_avg:666.30ms
step:1007/3325 train_time:670.958s step_avg:666.29ms
step:1008/3325 train_time:671.622s step_avg:666.29ms
step:1009/3325 train_time:672.286s step_avg:666.29ms
step:1010/3325 train_time:672.951s step_avg:666.29ms
step:1011/3325 train_time:673.612s step_avg:666.28ms
step:1012/3325 train_time:674.276s step_avg:666.28ms
step:1013/3325 train_time:674.939s step_avg:666.28ms
step:1014/3325 train_time:675.601s step_avg:666.27ms
step:1015/3325 train_time:676.270s step_avg:666.28ms
step:1016/3325 train_time:676.932s step_avg:666.27ms
step:1017/3325 train_time:677.593s step_avg:666.27ms
step:1018/3325 train_time:678.256s step_avg:666.26ms
step:1019/3325 train_time:678.918s step_avg:666.26ms
step:1020/3325 train_time:679.591s step_avg:666.27ms
step:1021/3325 train_time:680.251s step_avg:666.26ms
step:1022/3325 train_time:680.923s step_avg:666.27ms
step:1023/3325 train_time:681.582s step_avg:666.26ms
step:1024/3325 train_time:682.252s step_avg:666.26ms
step:1025/3325 train_time:682.911s step_avg:666.25ms
step:1026/3325 train_time:683.577s step_avg:666.25ms
step:1027/3325 train_time:684.243s step_avg:666.25ms
step:1028/3325 train_time:684.907s step_avg:666.25ms
step:1029/3325 train_time:685.574s step_avg:666.25ms
step:1030/3325 train_time:686.236s step_avg:666.25ms
step:1031/3325 train_time:686.896s step_avg:666.24ms
step:1032/3325 train_time:687.567s step_avg:666.25ms
step:1033/3325 train_time:688.226s step_avg:666.24ms
step:1034/3325 train_time:688.891s step_avg:666.24ms
step:1035/3325 train_time:689.557s step_avg:666.24ms
step:1036/3325 train_time:690.226s step_avg:666.24ms
step:1037/3325 train_time:690.887s step_avg:666.24ms
step:1038/3325 train_time:691.553s step_avg:666.24ms
step:1039/3325 train_time:692.213s step_avg:666.23ms
step:1040/3325 train_time:692.883s step_avg:666.23ms
step:1041/3325 train_time:693.543s step_avg:666.23ms
step:1042/3325 train_time:694.210s step_avg:666.23ms
step:1043/3325 train_time:694.875s step_avg:666.23ms
step:1044/3325 train_time:695.541s step_avg:666.23ms
step:1045/3325 train_time:696.200s step_avg:666.22ms
step:1046/3325 train_time:696.868s step_avg:666.22ms
step:1047/3325 train_time:697.528s step_avg:666.22ms
step:1048/3325 train_time:698.191s step_avg:666.21ms
step:1049/3325 train_time:698.855s step_avg:666.21ms
step:1050/3325 train_time:699.515s step_avg:666.21ms
step:1051/3325 train_time:700.178s step_avg:666.20ms
step:1052/3325 train_time:700.843s step_avg:666.20ms
step:1053/3325 train_time:701.503s step_avg:666.19ms
step:1054/3325 train_time:702.169s step_avg:666.19ms
step:1055/3325 train_time:702.830s step_avg:666.19ms
step:1056/3325 train_time:703.492s step_avg:666.19ms
step:1057/3325 train_time:704.156s step_avg:666.18ms
step:1058/3325 train_time:704.821s step_avg:666.18ms
step:1059/3325 train_time:705.484s step_avg:666.18ms
step:1060/3325 train_time:706.148s step_avg:666.18ms
step:1061/3325 train_time:706.811s step_avg:666.17ms
step:1062/3325 train_time:707.476s step_avg:666.17ms
step:1063/3325 train_time:708.141s step_avg:666.17ms
step:1064/3325 train_time:708.801s step_avg:666.17ms
step:1065/3325 train_time:709.469s step_avg:666.17ms
step:1066/3325 train_time:710.132s step_avg:666.16ms
step:1067/3325 train_time:710.798s step_avg:666.16ms
step:1068/3325 train_time:711.464s step_avg:666.17ms
step:1069/3325 train_time:712.128s step_avg:666.16ms
step:1070/3325 train_time:712.794s step_avg:666.16ms
step:1071/3325 train_time:713.459s step_avg:666.16ms
step:1072/3325 train_time:714.124s step_avg:666.16ms
step:1073/3325 train_time:714.785s step_avg:666.16ms
step:1074/3325 train_time:715.450s step_avg:666.15ms
step:1075/3325 train_time:716.114s step_avg:666.15ms
step:1076/3325 train_time:716.778s step_avg:666.15ms
step:1077/3325 train_time:717.439s step_avg:666.15ms
step:1078/3325 train_time:718.098s step_avg:666.14ms
step:1079/3325 train_time:718.767s step_avg:666.14ms
step:1080/3325 train_time:719.426s step_avg:666.14ms
step:1081/3325 train_time:720.089s step_avg:666.13ms
step:1082/3325 train_time:720.752s step_avg:666.13ms
step:1083/3325 train_time:721.413s step_avg:666.12ms
step:1084/3325 train_time:722.076s step_avg:666.12ms
step:1085/3325 train_time:722.738s step_avg:666.12ms
step:1086/3325 train_time:723.403s step_avg:666.12ms
step:1087/3325 train_time:724.063s step_avg:666.11ms
step:1088/3325 train_time:724.730s step_avg:666.11ms
step:1089/3325 train_time:725.390s step_avg:666.11ms
step:1090/3325 train_time:726.061s step_avg:666.11ms
step:1091/3325 train_time:726.719s step_avg:666.10ms
step:1092/3325 train_time:727.386s step_avg:666.10ms
step:1093/3325 train_time:728.050s step_avg:666.10ms
step:1094/3325 train_time:728.717s step_avg:666.10ms
step:1095/3325 train_time:729.383s step_avg:666.10ms
step:1096/3325 train_time:730.049s step_avg:666.10ms
step:1097/3325 train_time:730.711s step_avg:666.10ms
step:1098/3325 train_time:731.377s step_avg:666.10ms
step:1099/3325 train_time:732.037s step_avg:666.09ms
step:1100/3325 train_time:732.699s step_avg:666.09ms
step:1101/3325 train_time:733.366s step_avg:666.09ms
step:1102/3325 train_time:734.029s step_avg:666.09ms
step:1103/3325 train_time:734.691s step_avg:666.08ms
step:1104/3325 train_time:735.355s step_avg:666.08ms
step:1105/3325 train_time:736.017s step_avg:666.08ms
step:1106/3325 train_time:736.685s step_avg:666.08ms
step:1107/3325 train_time:737.348s step_avg:666.08ms
step:1108/3325 train_time:738.011s step_avg:666.08ms
step:1109/3325 train_time:738.681s step_avg:666.08ms
step:1110/3325 train_time:739.342s step_avg:666.07ms
step:1111/3325 train_time:740.006s step_avg:666.07ms
step:1112/3325 train_time:740.671s step_avg:666.07ms
step:1113/3325 train_time:741.337s step_avg:666.07ms
step:1114/3325 train_time:741.998s step_avg:666.07ms
step:1115/3325 train_time:742.668s step_avg:666.07ms
step:1116/3325 train_time:743.329s step_avg:666.07ms
step:1117/3325 train_time:743.992s step_avg:666.06ms
step:1118/3325 train_time:744.656s step_avg:666.06ms
step:1119/3325 train_time:745.324s step_avg:666.06ms
step:1120/3325 train_time:745.986s step_avg:666.06ms
step:1121/3325 train_time:746.654s step_avg:666.06ms
step:1122/3325 train_time:747.313s step_avg:666.05ms
step:1123/3325 train_time:747.980s step_avg:666.06ms
step:1124/3325 train_time:748.645s step_avg:666.05ms
step:1125/3325 train_time:749.309s step_avg:666.05ms
step:1125/3325 val_loss:3.63245 train_time:749.319s step_avg:664.05ms
step:1126/3325 train_time:749.979s step_avg:666.06ms
step:1127/3325 train_time:750.639s step_avg:666.05ms
step:1128/3325 train_time:751.310s step_avg:666.05ms
step:1129/3325 train_time:751.969s step_avg:666.05ms
step:1130/3325 train_time:752.634s step_avg:666.05ms
step:1131/3325 train_time:753.294s step_avg:666.04ms
step:1132/3325 train_time:753.963s step_avg:666.04ms
step:1133/3325 train_time:754.622s step_avg:666.04ms
step:1134/3325 train_time:755.286s step_avg:666.04ms
step:1135/3325 train_time:755.949s step_avg:666.03ms
step:1136/3325 train_time:756.614s step_avg:666.03ms
step:1137/3325 train_time:757.273s step_avg:666.03ms
step:1138/3325 train_time:757.941s step_avg:666.03ms
step:1139/3325 train_time:758.607s step_avg:666.03ms
step:1140/3325 train_time:759.273s step_avg:666.03ms
step:1141/3325 train_time:759.962s step_avg:666.05ms
step:1142/3325 train_time:760.626s step_avg:666.05ms
step:1143/3325 train_time:761.285s step_avg:666.04ms
step:1144/3325 train_time:761.955s step_avg:666.04ms
step:1145/3325 train_time:762.615s step_avg:666.04ms
step:1146/3325 train_time:763.277s step_avg:666.04ms
step:1147/3325 train_time:763.944s step_avg:666.04ms
step:1148/3325 train_time:764.612s step_avg:666.04ms
step:1149/3325 train_time:765.274s step_avg:666.03ms
step:1150/3325 train_time:765.938s step_avg:666.03ms
step:1151/3325 train_time:766.602s step_avg:666.03ms
step:1152/3325 train_time:767.269s step_avg:666.03ms
step:1153/3325 train_time:767.930s step_avg:666.03ms
step:1154/3325 train_time:768.593s step_avg:666.02ms
step:1155/3325 train_time:769.256s step_avg:666.02ms
step:1156/3325 train_time:769.921s step_avg:666.02ms
step:1157/3325 train_time:770.582s step_avg:666.02ms
step:1158/3325 train_time:771.250s step_avg:666.02ms
step:1159/3325 train_time:771.912s step_avg:666.02ms
step:1160/3325 train_time:772.575s step_avg:666.01ms
step:1161/3325 train_time:773.240s step_avg:666.01ms
step:1162/3325 train_time:773.905s step_avg:666.01ms
step:1163/3325 train_time:774.569s step_avg:666.01ms
step:1164/3325 train_time:775.234s step_avg:666.01ms
step:1165/3325 train_time:775.894s step_avg:666.00ms
step:1166/3325 train_time:776.561s step_avg:666.00ms
step:1167/3325 train_time:777.225s step_avg:666.00ms
step:1168/3325 train_time:777.889s step_avg:666.00ms
step:1169/3325 train_time:778.551s step_avg:666.00ms
step:1170/3325 train_time:779.214s step_avg:666.00ms
step:1171/3325 train_time:779.880s step_avg:665.99ms
step:1172/3325 train_time:780.545s step_avg:665.99ms
step:1173/3325 train_time:781.213s step_avg:666.00ms
step:1174/3325 train_time:781.875s step_avg:665.99ms
step:1175/3325 train_time:782.548s step_avg:666.00ms
step:1176/3325 train_time:783.206s step_avg:665.99ms
step:1177/3325 train_time:783.870s step_avg:665.99ms
step:1178/3325 train_time:784.532s step_avg:665.99ms
step:1179/3325 train_time:785.193s step_avg:665.98ms
step:1180/3325 train_time:785.856s step_avg:665.98ms
step:1181/3325 train_time:786.517s step_avg:665.98ms
step:1182/3325 train_time:787.178s step_avg:665.97ms
step:1183/3325 train_time:787.846s step_avg:665.97ms
step:1184/3325 train_time:788.504s step_avg:665.97ms
step:1185/3325 train_time:789.171s step_avg:665.97ms
step:1186/3325 train_time:789.835s step_avg:665.97ms
step:1187/3325 train_time:790.503s step_avg:665.97ms
step:1188/3325 train_time:791.164s step_avg:665.96ms
step:1189/3325 train_time:791.830s step_avg:665.96ms
step:1190/3325 train_time:792.492s step_avg:665.96ms
step:1191/3325 train_time:793.157s step_avg:665.96ms
step:1192/3325 train_time:793.819s step_avg:665.96ms
step:1193/3325 train_time:794.480s step_avg:665.95ms
step:1194/3325 train_time:795.151s step_avg:665.96ms
step:1195/3325 train_time:795.814s step_avg:665.95ms
step:1196/3325 train_time:796.475s step_avg:665.95ms
step:1197/3325 train_time:797.138s step_avg:665.95ms
step:1198/3325 train_time:797.801s step_avg:665.94ms
step:1199/3325 train_time:798.468s step_avg:665.94ms
step:1200/3325 train_time:799.132s step_avg:665.94ms
step:1201/3325 train_time:799.792s step_avg:665.94ms
step:1202/3325 train_time:800.460s step_avg:665.94ms
step:1203/3325 train_time:801.121s step_avg:665.94ms
step:1204/3325 train_time:801.783s step_avg:665.93ms
step:1205/3325 train_time:802.451s step_avg:665.93ms
step:1206/3325 train_time:803.115s step_avg:665.93ms
step:1207/3325 train_time:803.775s step_avg:665.93ms
step:1208/3325 train_time:804.440s step_avg:665.93ms
step:1209/3325 train_time:805.103s step_avg:665.92ms
step:1210/3325 train_time:805.771s step_avg:665.93ms
step:1211/3325 train_time:806.431s step_avg:665.92ms
step:1212/3325 train_time:807.094s step_avg:665.92ms
step:1213/3325 train_time:807.761s step_avg:665.92ms
step:1214/3325 train_time:808.425s step_avg:665.92ms
step:1215/3325 train_time:809.083s step_avg:665.91ms
step:1216/3325 train_time:809.752s step_avg:665.91ms
step:1217/3325 train_time:810.413s step_avg:665.91ms
step:1218/3325 train_time:811.079s step_avg:665.91ms
step:1219/3325 train_time:811.748s step_avg:665.91ms
step:1220/3325 train_time:812.404s step_avg:665.90ms
step:1221/3325 train_time:813.069s step_avg:665.90ms
step:1222/3325 train_time:813.730s step_avg:665.90ms
step:1223/3325 train_time:814.392s step_avg:665.90ms
step:1224/3325 train_time:815.054s step_avg:665.89ms
step:1225/3325 train_time:815.715s step_avg:665.89ms
step:1226/3325 train_time:816.375s step_avg:665.89ms
step:1227/3325 train_time:817.037s step_avg:665.88ms
step:1228/3325 train_time:817.698s step_avg:665.88ms
step:1229/3325 train_time:818.362s step_avg:665.88ms
step:1230/3325 train_time:819.024s step_avg:665.87ms
step:1231/3325 train_time:819.686s step_avg:665.87ms
step:1232/3325 train_time:820.351s step_avg:665.87ms
step:1233/3325 train_time:821.013s step_avg:665.87ms
step:1234/3325 train_time:821.674s step_avg:665.86ms
step:1235/3325 train_time:822.338s step_avg:665.86ms
step:1236/3325 train_time:822.999s step_avg:665.86ms
step:1237/3325 train_time:823.661s step_avg:665.85ms
step:1238/3325 train_time:824.324s step_avg:665.85ms
step:1239/3325 train_time:824.985s step_avg:665.85ms
step:1240/3325 train_time:825.653s step_avg:665.85ms
step:1241/3325 train_time:826.315s step_avg:665.85ms
step:1242/3325 train_time:826.978s step_avg:665.84ms
step:1243/3325 train_time:827.640s step_avg:665.84ms
step:1244/3325 train_time:828.305s step_avg:665.84ms
step:1245/3325 train_time:828.969s step_avg:665.84ms
step:1246/3325 train_time:829.632s step_avg:665.84ms
step:1247/3325 train_time:830.290s step_avg:665.83ms
step:1248/3325 train_time:830.953s step_avg:665.83ms
step:1249/3325 train_time:831.614s step_avg:665.82ms
step:1250/3325 train_time:832.276s step_avg:665.82ms
step:1250/3325 val_loss:3.60097 train_time:832.287s step_avg:663.74ms
step:1251/3325 train_time:832.952s step_avg:665.83ms
step:1252/3325 train_time:833.608s step_avg:665.82ms
step:1253/3325 train_time:834.273s step_avg:665.82ms
step:1254/3325 train_time:834.935s step_avg:665.82ms
step:1255/3325 train_time:835.597s step_avg:665.81ms
step:1256/3325 train_time:836.258s step_avg:665.81ms
step:1257/3325 train_time:836.923s step_avg:665.81ms
step:1258/3325 train_time:837.586s step_avg:665.81ms
step:1259/3325 train_time:838.254s step_avg:665.81ms
step:1260/3325 train_time:838.916s step_avg:665.81ms
step:1261/3325 train_time:839.577s step_avg:665.80ms
step:1262/3325 train_time:840.239s step_avg:665.80ms
step:1263/3325 train_time:840.901s step_avg:665.80ms
step:1264/3325 train_time:841.561s step_avg:665.79ms
step:1265/3325 train_time:842.222s step_avg:665.79ms
step:1266/3325 train_time:842.885s step_avg:665.79ms
step:1267/3325 train_time:843.552s step_avg:665.79ms
step:1268/3325 train_time:844.212s step_avg:665.78ms
step:1269/3325 train_time:844.874s step_avg:665.78ms
step:1270/3325 train_time:845.536s step_avg:665.78ms
step:1271/3325 train_time:846.198s step_avg:665.77ms
step:1272/3325 train_time:846.859s step_avg:665.77ms
step:1273/3325 train_time:847.520s step_avg:665.77ms
step:1274/3325 train_time:848.179s step_avg:665.76ms
step:1275/3325 train_time:848.842s step_avg:665.76ms
step:1276/3325 train_time:849.503s step_avg:665.75ms
step:1277/3325 train_time:850.164s step_avg:665.75ms
step:1278/3325 train_time:850.830s step_avg:665.75ms
step:1279/3325 train_time:851.490s step_avg:665.75ms
step:1280/3325 train_time:852.154s step_avg:665.75ms
step:1281/3325 train_time:852.817s step_avg:665.74ms
step:1282/3325 train_time:853.476s step_avg:665.74ms
step:1283/3325 train_time:854.139s step_avg:665.74ms
step:1284/3325 train_time:854.800s step_avg:665.73ms
step:1285/3325 train_time:855.461s step_avg:665.73ms
step:1286/3325 train_time:856.124s step_avg:665.73ms
step:1287/3325 train_time:856.787s step_avg:665.72ms
step:1288/3325 train_time:857.449s step_avg:665.72ms
step:1289/3325 train_time:858.113s step_avg:665.72ms
step:1290/3325 train_time:858.776s step_avg:665.72ms
step:1291/3325 train_time:859.439s step_avg:665.72ms
step:1292/3325 train_time:860.099s step_avg:665.71ms
step:1293/3325 train_time:860.759s step_avg:665.71ms
step:1294/3325 train_time:861.423s step_avg:665.71ms
step:1295/3325 train_time:862.086s step_avg:665.70ms
step:1296/3325 train_time:862.753s step_avg:665.70ms
step:1297/3325 train_time:863.416s step_avg:665.70ms
step:1298/3325 train_time:864.077s step_avg:665.70ms
step:1299/3325 train_time:864.740s step_avg:665.70ms
step:1300/3325 train_time:865.401s step_avg:665.69ms
step:1301/3325 train_time:866.061s step_avg:665.69ms
step:1302/3325 train_time:866.726s step_avg:665.69ms
step:1303/3325 train_time:867.391s step_avg:665.69ms
step:1304/3325 train_time:868.054s step_avg:665.69ms
step:1305/3325 train_time:868.719s step_avg:665.69ms
step:1306/3325 train_time:869.379s step_avg:665.68ms
step:1307/3325 train_time:870.042s step_avg:665.68ms
step:1308/3325 train_time:870.704s step_avg:665.68ms
step:1309/3325 train_time:871.365s step_avg:665.67ms
step:1310/3325 train_time:872.033s step_avg:665.67ms
step:1311/3325 train_time:872.692s step_avg:665.67ms
step:1312/3325 train_time:873.356s step_avg:665.67ms
step:1313/3325 train_time:874.020s step_avg:665.67ms
step:1314/3325 train_time:874.682s step_avg:665.66ms
step:1315/3325 train_time:875.346s step_avg:665.66ms
step:1316/3325 train_time:876.010s step_avg:665.66ms
step:1317/3325 train_time:876.670s step_avg:665.66ms
step:1318/3325 train_time:877.338s step_avg:665.66ms
step:1319/3325 train_time:877.999s step_avg:665.66ms
step:1320/3325 train_time:878.661s step_avg:665.65ms
step:1321/3325 train_time:879.323s step_avg:665.65ms
step:1322/3325 train_time:879.985s step_avg:665.65ms
step:1323/3325 train_time:880.647s step_avg:665.64ms
step:1324/3325 train_time:881.311s step_avg:665.64ms
step:1325/3325 train_time:881.971s step_avg:665.64ms
step:1326/3325 train_time:882.635s step_avg:665.64ms
step:1327/3325 train_time:883.297s step_avg:665.63ms
step:1328/3325 train_time:883.959s step_avg:665.63ms
step:1329/3325 train_time:884.623s step_avg:665.63ms
step:1330/3325 train_time:885.284s step_avg:665.63ms
step:1331/3325 train_time:885.967s step_avg:665.64ms
step:1332/3325 train_time:886.631s step_avg:665.64ms
step:1333/3325 train_time:887.290s step_avg:665.63ms
step:1334/3325 train_time:887.955s step_avg:665.63ms
step:1335/3325 train_time:888.617s step_avg:665.63ms
step:1336/3325 train_time:889.278s step_avg:665.63ms
step:1337/3325 train_time:889.940s step_avg:665.62ms
step:1338/3325 train_time:890.602s step_avg:665.62ms
step:1339/3325 train_time:891.262s step_avg:665.62ms
step:1340/3325 train_time:891.927s step_avg:665.62ms
step:1341/3325 train_time:892.591s step_avg:665.62ms
step:1342/3325 train_time:893.253s step_avg:665.61ms
step:1343/3325 train_time:893.917s step_avg:665.61ms
step:1344/3325 train_time:894.578s step_avg:665.61ms
step:1345/3325 train_time:895.240s step_avg:665.61ms
step:1346/3325 train_time:895.901s step_avg:665.60ms
step:1347/3325 train_time:896.562s step_avg:665.60ms
step:1348/3325 train_time:897.226s step_avg:665.60ms
step:1349/3325 train_time:897.891s step_avg:665.60ms
step:1350/3325 train_time:898.554s step_avg:665.60ms
step:1351/3325 train_time:899.218s step_avg:665.59ms
step:1352/3325 train_time:899.879s step_avg:665.59ms
step:1353/3325 train_time:900.543s step_avg:665.59ms
step:1354/3325 train_time:901.206s step_avg:665.59ms
step:1355/3325 train_time:901.869s step_avg:665.59ms
step:1356/3325 train_time:902.536s step_avg:665.59ms
step:1357/3325 train_time:903.198s step_avg:665.58ms
step:1358/3325 train_time:903.860s step_avg:665.58ms
step:1359/3325 train_time:904.524s step_avg:665.58ms
step:1360/3325 train_time:905.186s step_avg:665.58ms
step:1361/3325 train_time:905.854s step_avg:665.58ms
step:1362/3325 train_time:906.516s step_avg:665.58ms
step:1363/3325 train_time:907.177s step_avg:665.57ms
step:1364/3325 train_time:907.839s step_avg:665.57ms
step:1365/3325 train_time:908.502s step_avg:665.57ms
step:1366/3325 train_time:909.162s step_avg:665.57ms
step:1367/3325 train_time:909.827s step_avg:665.56ms
step:1368/3325 train_time:910.491s step_avg:665.56ms
step:1369/3325 train_time:911.154s step_avg:665.56ms
step:1370/3325 train_time:911.818s step_avg:665.56ms
step:1371/3325 train_time:912.480s step_avg:665.56ms
step:1372/3325 train_time:913.144s step_avg:665.56ms
step:1373/3325 train_time:913.806s step_avg:665.55ms
step:1374/3325 train_time:914.468s step_avg:665.55ms
step:1375/3325 train_time:915.134s step_avg:665.55ms
step:1375/3325 val_loss:3.57154 train_time:915.145s step_avg:662.87ms
step:1376/3325 train_time:915.809s step_avg:665.56ms
step:1377/3325 train_time:916.466s step_avg:665.55ms
step:1378/3325 train_time:917.131s step_avg:665.55ms
step:1379/3325 train_time:917.791s step_avg:665.55ms
step:1380/3325 train_time:918.452s step_avg:665.54ms
step:1381/3325 train_time:919.118s step_avg:665.55ms
step:1382/3325 train_time:919.779s step_avg:665.54ms
step:1383/3325 train_time:920.444s step_avg:665.54ms
step:1384/3325 train_time:921.108s step_avg:665.54ms
step:1385/3325 train_time:921.769s step_avg:665.54ms
step:1386/3325 train_time:922.435s step_avg:665.54ms
step:1387/3325 train_time:923.097s step_avg:665.53ms
step:1388/3325 train_time:923.757s step_avg:665.53ms
step:1389/3325 train_time:924.421s step_avg:665.53ms
step:1390/3325 train_time:925.083s step_avg:665.53ms
step:1391/3325 train_time:925.745s step_avg:665.52ms
step:1392/3325 train_time:926.408s step_avg:665.52ms
step:1393/3325 train_time:927.069s step_avg:665.52ms
step:1394/3325 train_time:927.736s step_avg:665.52ms
step:1395/3325 train_time:928.397s step_avg:665.52ms
step:1396/3325 train_time:929.059s step_avg:665.51ms
step:1397/3325 train_time:929.723s step_avg:665.51ms
step:1398/3325 train_time:930.384s step_avg:665.51ms
step:1399/3325 train_time:931.045s step_avg:665.51ms
step:1400/3325 train_time:931.709s step_avg:665.51ms
step:1401/3325 train_time:932.369s step_avg:665.50ms
step:1402/3325 train_time:933.032s step_avg:665.50ms
step:1403/3325 train_time:933.696s step_avg:665.50ms
step:1404/3325 train_time:934.356s step_avg:665.50ms
step:1405/3325 train_time:935.024s step_avg:665.50ms
step:1406/3325 train_time:935.686s step_avg:665.49ms
step:1407/3325 train_time:936.346s step_avg:665.49ms
step:1408/3325 train_time:937.008s step_avg:665.49ms
step:1409/3325 train_time:937.671s step_avg:665.49ms
step:1410/3325 train_time:938.337s step_avg:665.49ms
step:1411/3325 train_time:938.999s step_avg:665.48ms
step:1412/3325 train_time:939.659s step_avg:665.48ms
step:1413/3325 train_time:940.323s step_avg:665.48ms
step:1414/3325 train_time:940.985s step_avg:665.48ms
step:1415/3325 train_time:941.647s step_avg:665.48ms
step:1416/3325 train_time:942.312s step_avg:665.47ms
step:1417/3325 train_time:942.978s step_avg:665.48ms
step:1418/3325 train_time:943.640s step_avg:665.47ms
step:1419/3325 train_time:944.306s step_avg:665.47ms
step:1420/3325 train_time:944.966s step_avg:665.47ms
step:1421/3325 train_time:945.629s step_avg:665.47ms
step:1422/3325 train_time:946.290s step_avg:665.46ms
step:1423/3325 train_time:946.951s step_avg:665.46ms
step:1424/3325 train_time:947.621s step_avg:665.46ms
step:1425/3325 train_time:948.281s step_avg:665.46ms
step:1426/3325 train_time:948.944s step_avg:665.46ms
step:1427/3325 train_time:949.608s step_avg:665.46ms
step:1428/3325 train_time:950.269s step_avg:665.45ms
step:1429/3325 train_time:950.932s step_avg:665.45ms
step:1430/3325 train_time:951.595s step_avg:665.45ms
step:1431/3325 train_time:952.255s step_avg:665.45ms
step:1432/3325 train_time:952.920s step_avg:665.45ms
step:1433/3325 train_time:953.580s step_avg:665.44ms
step:1434/3325 train_time:954.243s step_avg:665.44ms
step:1435/3325 train_time:954.904s step_avg:665.44ms
step:1436/3325 train_time:955.566s step_avg:665.44ms
step:1437/3325 train_time:956.227s step_avg:665.43ms
step:1438/3325 train_time:956.889s step_avg:665.43ms
step:1439/3325 train_time:957.548s step_avg:665.43ms
step:1440/3325 train_time:958.212s step_avg:665.43ms
step:1441/3325 train_time:958.874s step_avg:665.42ms
step:1442/3325 train_time:959.540s step_avg:665.42ms
step:1443/3325 train_time:960.203s step_avg:665.42ms
step:1444/3325 train_time:960.862s step_avg:665.42ms
step:1445/3325 train_time:961.524s step_avg:665.41ms
step:1446/3325 train_time:962.188s step_avg:665.41ms
step:1447/3325 train_time:962.848s step_avg:665.41ms
step:1448/3325 train_time:963.514s step_avg:665.41ms
step:1449/3325 train_time:964.174s step_avg:665.41ms
step:1450/3325 train_time:964.839s step_avg:665.41ms
step:1451/3325 train_time:965.501s step_avg:665.40ms
step:1452/3325 train_time:966.162s step_avg:665.40ms
step:1453/3325 train_time:966.824s step_avg:665.40ms
step:1454/3325 train_time:967.485s step_avg:665.40ms
step:1455/3325 train_time:968.146s step_avg:665.39ms
step:1456/3325 train_time:968.809s step_avg:665.39ms
step:1457/3325 train_time:969.471s step_avg:665.39ms
step:1458/3325 train_time:970.135s step_avg:665.39ms
step:1459/3325 train_time:970.801s step_avg:665.39ms
step:1460/3325 train_time:971.459s step_avg:665.38ms
step:1461/3325 train_time:972.124s step_avg:665.38ms
step:1462/3325 train_time:972.786s step_avg:665.38ms
step:1463/3325 train_time:973.448s step_avg:665.38ms
step:1464/3325 train_time:974.113s step_avg:665.38ms
step:1465/3325 train_time:974.776s step_avg:665.38ms
step:1466/3325 train_time:975.442s step_avg:665.38ms
step:1467/3325 train_time:976.103s step_avg:665.37ms
step:1468/3325 train_time:976.765s step_avg:665.37ms
step:1469/3325 train_time:977.427s step_avg:665.37ms
step:1470/3325 train_time:978.089s step_avg:665.37ms
step:1471/3325 train_time:978.750s step_avg:665.36ms
step:1472/3325 train_time:979.417s step_avg:665.36ms
step:1473/3325 train_time:980.077s step_avg:665.36ms
step:1474/3325 train_time:980.741s step_avg:665.36ms
step:1475/3325 train_time:981.404s step_avg:665.36ms
step:1476/3325 train_time:982.066s step_avg:665.36ms
step:1477/3325 train_time:982.730s step_avg:665.36ms
step:1478/3325 train_time:983.391s step_avg:665.35ms
step:1479/3325 train_time:984.051s step_avg:665.35ms
step:1480/3325 train_time:984.720s step_avg:665.35ms
step:1481/3325 train_time:985.381s step_avg:665.35ms
step:1482/3325 train_time:986.045s step_avg:665.35ms
step:1483/3325 train_time:986.709s step_avg:665.35ms
step:1484/3325 train_time:987.372s step_avg:665.34ms
step:1485/3325 train_time:988.036s step_avg:665.34ms
step:1486/3325 train_time:988.700s step_avg:665.34ms
step:1487/3325 train_time:989.361s step_avg:665.34ms
step:1488/3325 train_time:990.023s step_avg:665.34ms
step:1489/3325 train_time:990.686s step_avg:665.34ms
step:1490/3325 train_time:991.347s step_avg:665.33ms
step:1491/3325 train_time:992.010s step_avg:665.33ms
step:1492/3325 train_time:992.673s step_avg:665.33ms
step:1493/3325 train_time:993.338s step_avg:665.33ms
step:1494/3325 train_time:994.001s step_avg:665.33ms
step:1495/3325 train_time:994.663s step_avg:665.33ms
step:1496/3325 train_time:995.326s step_avg:665.32ms
step:1497/3325 train_time:995.987s step_avg:665.32ms
step:1498/3325 train_time:996.647s step_avg:665.32ms
step:1499/3325 train_time:997.310s step_avg:665.32ms
step:1500/3325 train_time:997.972s step_avg:665.31ms
step:1500/3325 val_loss:3.54302 train_time:997.983s step_avg:662.70ms
step:1501/3325 train_time:998.645s step_avg:665.32ms
step:1502/3325 train_time:999.303s step_avg:665.32ms
step:1503/3325 train_time:999.967s step_avg:665.31ms
step:1504/3325 train_time:1000.628s step_avg:665.31ms
step:1505/3325 train_time:1001.291s step_avg:665.31ms
step:1506/3325 train_time:1001.955s step_avg:665.31ms
step:1507/3325 train_time:1002.620s step_avg:665.31ms
step:1508/3325 train_time:1003.282s step_avg:665.31ms
step:1509/3325 train_time:1003.945s step_avg:665.31ms
step:1510/3325 train_time:1004.608s step_avg:665.30ms
step:1511/3325 train_time:1005.271s step_avg:665.30ms
step:1512/3325 train_time:1005.931s step_avg:665.30ms
step:1513/3325 train_time:1006.598s step_avg:665.30ms
step:1514/3325 train_time:1007.257s step_avg:665.30ms
step:1515/3325 train_time:1007.924s step_avg:665.30ms
step:1516/3325 train_time:1008.586s step_avg:665.29ms
step:1517/3325 train_time:1009.248s step_avg:665.29ms
step:1518/3325 train_time:1009.911s step_avg:665.29ms
step:1519/3325 train_time:1010.573s step_avg:665.29ms
step:1520/3325 train_time:1011.234s step_avg:665.29ms
step:1521/3325 train_time:1011.921s step_avg:665.30ms
step:1522/3325 train_time:1012.584s step_avg:665.30ms
step:1523/3325 train_time:1013.244s step_avg:665.29ms
step:1524/3325 train_time:1013.906s step_avg:665.29ms
step:1525/3325 train_time:1014.567s step_avg:665.29ms
step:1526/3325 train_time:1015.229s step_avg:665.29ms
step:1527/3325 train_time:1015.895s step_avg:665.29ms
step:1528/3325 train_time:1016.558s step_avg:665.29ms
step:1529/3325 train_time:1017.222s step_avg:665.29ms
step:1530/3325 train_time:1017.887s step_avg:665.29ms
step:1531/3325 train_time:1018.547s step_avg:665.28ms
step:1532/3325 train_time:1019.213s step_avg:665.28ms
step:1533/3325 train_time:1019.878s step_avg:665.28ms
step:1534/3325 train_time:1020.539s step_avg:665.28ms
step:1535/3325 train_time:1021.203s step_avg:665.28ms
step:1536/3325 train_time:1021.866s step_avg:665.28ms
step:1537/3325 train_time:1022.528s step_avg:665.27ms
step:1538/3325 train_time:1023.191s step_avg:665.27ms
step:1539/3325 train_time:1023.852s step_avg:665.27ms
step:1540/3325 train_time:1024.516s step_avg:665.27ms
step:1541/3325 train_time:1025.180s step_avg:665.27ms
step:1542/3325 train_time:1025.840s step_avg:665.27ms
step:1543/3325 train_time:1026.505s step_avg:665.27ms
step:1544/3325 train_time:1027.167s step_avg:665.26ms
step:1545/3325 train_time:1027.829s step_avg:665.26ms
step:1546/3325 train_time:1028.493s step_avg:665.26ms
step:1547/3325 train_time:1029.157s step_avg:665.26ms
step:1548/3325 train_time:1029.820s step_avg:665.26ms
step:1549/3325 train_time:1030.484s step_avg:665.26ms
step:1550/3325 train_time:1031.146s step_avg:665.26ms
step:1551/3325 train_time:1031.809s step_avg:665.25ms
step:1552/3325 train_time:1032.472s step_avg:665.25ms
step:1553/3325 train_time:1033.134s step_avg:665.25ms
step:1554/3325 train_time:1033.798s step_avg:665.25ms
step:1555/3325 train_time:1034.462s step_avg:665.25ms
step:1556/3325 train_time:1035.124s step_avg:665.25ms
step:1557/3325 train_time:1035.787s step_avg:665.25ms
step:1558/3325 train_time:1036.450s step_avg:665.24ms
step:1559/3325 train_time:1037.112s step_avg:665.24ms
step:1560/3325 train_time:1037.774s step_avg:665.24ms
step:1561/3325 train_time:1038.437s step_avg:665.24ms
step:1562/3325 train_time:1039.104s step_avg:665.24ms
step:1563/3325 train_time:1039.765s step_avg:665.24ms
step:1564/3325 train_time:1040.428s step_avg:665.24ms
step:1565/3325 train_time:1041.092s step_avg:665.23ms
step:1566/3325 train_time:1041.756s step_avg:665.23ms
step:1567/3325 train_time:1042.420s step_avg:665.23ms
step:1568/3325 train_time:1043.082s step_avg:665.23ms
step:1569/3325 train_time:1043.743s step_avg:665.23ms
step:1570/3325 train_time:1044.407s step_avg:665.23ms
step:1571/3325 train_time:1045.068s step_avg:665.22ms
step:1572/3325 train_time:1045.729s step_avg:665.22ms
step:1573/3325 train_time:1046.390s step_avg:665.22ms
step:1574/3325 train_time:1047.051s step_avg:665.22ms
step:1575/3325 train_time:1047.715s step_avg:665.22ms
step:1576/3325 train_time:1048.382s step_avg:665.22ms
step:1577/3325 train_time:1049.043s step_avg:665.21ms
step:1578/3325 train_time:1049.707s step_avg:665.21ms
step:1579/3325 train_time:1050.368s step_avg:665.21ms
step:1580/3325 train_time:1051.028s step_avg:665.21ms
step:1581/3325 train_time:1051.692s step_avg:665.21ms
step:1582/3325 train_time:1052.354s step_avg:665.20ms
step:1583/3325 train_time:1053.019s step_avg:665.20ms
step:1584/3325 train_time:1053.680s step_avg:665.20ms
step:1585/3325 train_time:1054.340s step_avg:665.20ms
step:1586/3325 train_time:1055.005s step_avg:665.20ms
step:1587/3325 train_time:1055.667s step_avg:665.20ms
step:1588/3325 train_time:1056.329s step_avg:665.19ms
step:1589/3325 train_time:1056.992s step_avg:665.19ms
step:1590/3325 train_time:1057.655s step_avg:665.19ms
step:1591/3325 train_time:1058.321s step_avg:665.19ms
step:1592/3325 train_time:1058.983s step_avg:665.19ms
step:1593/3325 train_time:1059.644s step_avg:665.19ms
step:1594/3325 train_time:1060.308s step_avg:665.19ms
step:1595/3325 train_time:1060.970s step_avg:665.19ms
step:1596/3325 train_time:1061.632s step_avg:665.18ms
step:1597/3325 train_time:1062.298s step_avg:665.18ms
step:1598/3325 train_time:1062.960s step_avg:665.18ms
step:1599/3325 train_time:1063.622s step_avg:665.18ms
step:1600/3325 train_time:1064.286s step_avg:665.18ms
step:1601/3325 train_time:1064.948s step_avg:665.18ms
step:1602/3325 train_time:1065.610s step_avg:665.17ms
step:1603/3325 train_time:1066.272s step_avg:665.17ms
step:1604/3325 train_time:1066.933s step_avg:665.17ms
step:1605/3325 train_time:1067.601s step_avg:665.17ms
step:1606/3325 train_time:1068.263s step_avg:665.17ms
step:1607/3325 train_time:1068.927s step_avg:665.17ms
step:1608/3325 train_time:1069.590s step_avg:665.17ms
step:1609/3325 train_time:1070.252s step_avg:665.17ms
step:1610/3325 train_time:1070.920s step_avg:665.17ms
step:1611/3325 train_time:1071.583s step_avg:665.17ms
step:1612/3325 train_time:1072.245s step_avg:665.16ms
step:1613/3325 train_time:1072.908s step_avg:665.16ms
step:1614/3325 train_time:1073.571s step_avg:665.16ms
step:1615/3325 train_time:1074.232s step_avg:665.16ms
step:1616/3325 train_time:1074.898s step_avg:665.16ms
step:1617/3325 train_time:1075.558s step_avg:665.16ms
step:1618/3325 train_time:1076.222s step_avg:665.16ms
step:1619/3325 train_time:1076.885s step_avg:665.15ms
step:1620/3325 train_time:1077.545s step_avg:665.15ms
step:1621/3325 train_time:1078.208s step_avg:665.15ms
step:1622/3325 train_time:1078.870s step_avg:665.15ms
step:1623/3325 train_time:1079.530s step_avg:665.14ms
step:1624/3325 train_time:1080.195s step_avg:665.14ms
step:1625/3325 train_time:1080.860s step_avg:665.14ms
step:1625/3325 val_loss:3.52210 train_time:1080.871s step_avg:663.10ms
step:1626/3325 train_time:1081.530s step_avg:665.15ms
step:1627/3325 train_time:1082.191s step_avg:665.14ms
step:1628/3325 train_time:1082.854s step_avg:665.14ms
step:1629/3325 train_time:1083.514s step_avg:665.14ms
step:1630/3325 train_time:1084.183s step_avg:665.14ms
step:1631/3325 train_time:1084.843s step_avg:665.14ms
step:1632/3325 train_time:1085.506s step_avg:665.14ms
step:1633/3325 train_time:1086.170s step_avg:665.14ms
step:1634/3325 train_time:1086.831s step_avg:665.14ms
step:1635/3325 train_time:1087.495s step_avg:665.13ms
step:1636/3325 train_time:1088.160s step_avg:665.13ms
step:1637/3325 train_time:1088.820s step_avg:665.13ms
step:1638/3325 train_time:1089.486s step_avg:665.13ms
step:1639/3325 train_time:1090.148s step_avg:665.13ms
step:1640/3325 train_time:1090.810s step_avg:665.13ms
step:1641/3325 train_time:1091.473s step_avg:665.13ms
step:1642/3325 train_time:1092.138s step_avg:665.13ms
step:1643/3325 train_time:1092.800s step_avg:665.13ms
step:1644/3325 train_time:1093.465s step_avg:665.12ms
step:1645/3325 train_time:1094.127s step_avg:665.12ms
step:1646/3325 train_time:1094.790s step_avg:665.12ms
step:1647/3325 train_time:1095.452s step_avg:665.12ms
step:1648/3325 train_time:1096.113s step_avg:665.12ms
step:1649/3325 train_time:1096.780s step_avg:665.12ms
step:1650/3325 train_time:1097.440s step_avg:665.11ms
step:1651/3325 train_time:1098.102s step_avg:665.11ms
step:1652/3325 train_time:1098.766s step_avg:665.11ms
step:1653/3325 train_time:1099.427s step_avg:665.11ms
step:1654/3325 train_time:1100.089s step_avg:665.11ms
step:1655/3325 train_time:1100.748s step_avg:665.10ms
step:1656/3325 train_time:1101.410s step_avg:665.10ms
step:1657/3325 train_time:1102.074s step_avg:665.10ms
step:1658/3325 train_time:1102.740s step_avg:665.10ms
step:1659/3325 train_time:1103.401s step_avg:665.10ms
step:1660/3325 train_time:1104.064s step_avg:665.10ms
step:1661/3325 train_time:1104.725s step_avg:665.10ms
step:1662/3325 train_time:1105.387s step_avg:665.09ms
step:1663/3325 train_time:1106.050s step_avg:665.09ms
step:1664/3325 train_time:1106.710s step_avg:665.09ms
step:1665/3325 train_time:1107.372s step_avg:665.09ms
step:1666/3325 train_time:1108.031s step_avg:665.08ms
step:1667/3325 train_time:1108.695s step_avg:665.08ms
step:1668/3325 train_time:1109.356s step_avg:665.08ms
step:1669/3325 train_time:1110.019s step_avg:665.08ms
step:1670/3325 train_time:1110.685s step_avg:665.08ms
step:1671/3325 train_time:1111.347s step_avg:665.08ms
step:1672/3325 train_time:1112.009s step_avg:665.08ms
step:1673/3325 train_time:1112.671s step_avg:665.08ms
step:1674/3325 train_time:1113.331s step_avg:665.07ms
step:1675/3325 train_time:1113.994s step_avg:665.07ms
step:1676/3325 train_time:1114.658s step_avg:665.07ms
step:1677/3325 train_time:1115.320s step_avg:665.07ms
step:1678/3325 train_time:1115.985s step_avg:665.07ms
step:1679/3325 train_time:1116.647s step_avg:665.07ms
step:1680/3325 train_time:1117.308s step_avg:665.06ms
step:1681/3325 train_time:1117.971s step_avg:665.06ms
step:1682/3325 train_time:1118.632s step_avg:665.06ms
step:1683/3325 train_time:1119.294s step_avg:665.06ms
step:1684/3325 train_time:1119.958s step_avg:665.06ms
step:1685/3325 train_time:1120.618s step_avg:665.06ms
step:1686/3325 train_time:1121.285s step_avg:665.06ms
step:1687/3325 train_time:1121.946s step_avg:665.05ms
step:1688/3325 train_time:1122.610s step_avg:665.05ms
step:1689/3325 train_time:1123.274s step_avg:665.05ms
step:1690/3325 train_time:1123.939s step_avg:665.05ms
step:1691/3325 train_time:1124.602s step_avg:665.05ms
step:1692/3325 train_time:1125.264s step_avg:665.05ms
step:1693/3325 train_time:1125.926s step_avg:665.05ms
step:1694/3325 train_time:1126.590s step_avg:665.05ms
step:1695/3325 train_time:1127.252s step_avg:665.05ms
step:1696/3325 train_time:1127.912s step_avg:665.04ms
step:1697/3325 train_time:1128.579s step_avg:665.04ms
step:1698/3325 train_time:1129.242s step_avg:665.04ms
step:1699/3325 train_time:1129.903s step_avg:665.04ms
step:1700/3325 train_time:1130.568s step_avg:665.04ms
step:1701/3325 train_time:1131.229s step_avg:665.04ms
step:1702/3325 train_time:1131.892s step_avg:665.04ms
step:1703/3325 train_time:1132.555s step_avg:665.04ms
step:1704/3325 train_time:1133.215s step_avg:665.03ms
step:1705/3325 train_time:1133.883s step_avg:665.03ms
step:1706/3325 train_time:1134.544s step_avg:665.03ms
step:1707/3325 train_time:1135.208s step_avg:665.03ms
step:1708/3325 train_time:1135.871s step_avg:665.03ms
step:1709/3325 train_time:1136.533s step_avg:665.03ms
step:1710/3325 train_time:1137.197s step_avg:665.03ms
step:1711/3325 train_time:1137.883s step_avg:665.04ms
step:1712/3325 train_time:1138.546s step_avg:665.04ms
step:1713/3325 train_time:1139.208s step_avg:665.04ms
step:1714/3325 train_time:1139.872s step_avg:665.04ms
step:1715/3325 train_time:1140.535s step_avg:665.03ms
step:1716/3325 train_time:1141.200s step_avg:665.04ms
step:1717/3325 train_time:1141.863s step_avg:665.03ms
step:1718/3325 train_time:1142.524s step_avg:665.03ms
step:1719/3325 train_time:1143.188s step_avg:665.03ms
step:1720/3325 train_time:1143.850s step_avg:665.03ms
step:1721/3325 train_time:1144.511s step_avg:665.03ms
step:1722/3325 train_time:1145.175s step_avg:665.03ms
step:1723/3325 train_time:1145.839s step_avg:665.03ms
step:1724/3325 train_time:1146.501s step_avg:665.02ms
step:1725/3325 train_time:1147.162s step_avg:665.02ms
step:1726/3325 train_time:1147.821s step_avg:665.02ms
step:1727/3325 train_time:1148.485s step_avg:665.02ms
step:1728/3325 train_time:1149.146s step_avg:665.02ms
step:1729/3325 train_time:1149.808s step_avg:665.01ms
step:1730/3325 train_time:1150.473s step_avg:665.01ms
step:1731/3325 train_time:1151.133s step_avg:665.01ms
step:1732/3325 train_time:1151.796s step_avg:665.01ms
step:1733/3325 train_time:1152.459s step_avg:665.01ms
step:1734/3325 train_time:1153.119s step_avg:665.01ms
step:1735/3325 train_time:1153.786s step_avg:665.01ms
step:1736/3325 train_time:1154.447s step_avg:665.00ms
step:1737/3325 train_time:1155.109s step_avg:665.00ms
step:1738/3325 train_time:1155.772s step_avg:665.00ms
step:1739/3325 train_time:1156.432s step_avg:665.00ms
step:1740/3325 train_time:1157.095s step_avg:665.00ms
step:1741/3325 train_time:1157.757s step_avg:665.00ms
step:1742/3325 train_time:1158.419s step_avg:664.99ms
step:1743/3325 train_time:1159.083s step_avg:664.99ms
step:1744/3325 train_time:1159.744s step_avg:664.99ms
step:1745/3325 train_time:1160.408s step_avg:664.99ms
step:1746/3325 train_time:1161.071s step_avg:664.99ms
step:1747/3325 train_time:1161.733s step_avg:664.99ms
step:1748/3325 train_time:1162.393s step_avg:664.98ms
step:1749/3325 train_time:1163.057s step_avg:664.98ms
step:1750/3325 train_time:1163.717s step_avg:664.98ms
step:1750/3325 val_loss:3.49805 train_time:1163.728s step_avg:662.86ms
step:1751/3325 train_time:1164.392s step_avg:664.99ms
step:1752/3325 train_time:1165.055s step_avg:664.99ms
step:1753/3325 train_time:1165.718s step_avg:664.98ms
step:1754/3325 train_time:1166.382s step_avg:664.98ms
step:1755/3325 train_time:1167.044s step_avg:664.98ms
step:1756/3325 train_time:1167.705s step_avg:664.98ms
step:1757/3325 train_time:1168.369s step_avg:664.98ms
step:1758/3325 train_time:1169.031s step_avg:664.98ms
step:1759/3325 train_time:1169.693s step_avg:664.98ms
step:1760/3325 train_time:1170.357s step_avg:664.98ms
step:1761/3325 train_time:1171.020s step_avg:664.97ms
step:1762/3325 train_time:1171.686s step_avg:664.97ms
step:1763/3325 train_time:1172.348s step_avg:664.97ms
step:1764/3325 train_time:1173.009s step_avg:664.97ms
step:1765/3325 train_time:1173.673s step_avg:664.97ms
step:1766/3325 train_time:1174.335s step_avg:664.97ms
step:1767/3325 train_time:1174.997s step_avg:664.97ms
step:1768/3325 train_time:1175.660s step_avg:664.97ms
step:1769/3325 train_time:1176.325s step_avg:664.97ms
step:1770/3325 train_time:1176.987s step_avg:664.96ms
step:1771/3325 train_time:1177.649s step_avg:664.96ms
step:1772/3325 train_time:1178.310s step_avg:664.96ms
step:1773/3325 train_time:1178.973s step_avg:664.96ms
step:1774/3325 train_time:1179.634s step_avg:664.96ms
step:1775/3325 train_time:1180.295s step_avg:664.95ms
step:1776/3325 train_time:1180.957s step_avg:664.95ms
step:1777/3325 train_time:1181.619s step_avg:664.95ms
step:1778/3325 train_time:1182.282s step_avg:664.95ms
step:1779/3325 train_time:1182.943s step_avg:664.95ms
step:1780/3325 train_time:1183.604s step_avg:664.95ms
step:1781/3325 train_time:1184.270s step_avg:664.95ms
step:1782/3325 train_time:1184.930s step_avg:664.94ms
step:1783/3325 train_time:1185.593s step_avg:664.94ms
step:1784/3325 train_time:1186.257s step_avg:664.94ms
step:1785/3325 train_time:1186.918s step_avg:664.94ms
step:1786/3325 train_time:1187.581s step_avg:664.94ms
step:1787/3325 train_time:1188.245s step_avg:664.94ms
step:1788/3325 train_time:1188.905s step_avg:664.94ms
step:1789/3325 train_time:1189.571s step_avg:664.94ms
step:1790/3325 train_time:1190.231s step_avg:664.93ms
step:1791/3325 train_time:1190.893s step_avg:664.93ms
step:1792/3325 train_time:1191.556s step_avg:664.93ms
step:1793/3325 train_time:1192.218s step_avg:664.93ms
step:1794/3325 train_time:1192.880s step_avg:664.93ms
step:1795/3325 train_time:1193.542s step_avg:664.93ms
step:1796/3325 train_time:1194.202s step_avg:664.92ms
step:1797/3325 train_time:1194.870s step_avg:664.92ms
step:1798/3325 train_time:1195.530s step_avg:664.92ms
step:1799/3325 train_time:1196.193s step_avg:664.92ms
step:1800/3325 train_time:1196.857s step_avg:664.92ms
step:1801/3325 train_time:1197.518s step_avg:664.92ms
step:1802/3325 train_time:1198.181s step_avg:664.92ms
step:1803/3325 train_time:1198.842s step_avg:664.91ms
step:1804/3325 train_time:1199.504s step_avg:664.91ms
step:1805/3325 train_time:1200.169s step_avg:664.91ms
step:1806/3325 train_time:1200.829s step_avg:664.91ms
step:1807/3325 train_time:1201.493s step_avg:664.91ms
step:1808/3325 train_time:1202.154s step_avg:664.91ms
step:1809/3325 train_time:1202.816s step_avg:664.91ms
step:1810/3325 train_time:1203.479s step_avg:664.91ms
step:1811/3325 train_time:1204.140s step_avg:664.90ms
step:1812/3325 train_time:1204.801s step_avg:664.90ms
step:1813/3325 train_time:1205.469s step_avg:664.90ms
step:1814/3325 train_time:1206.129s step_avg:664.90ms
step:1815/3325 train_time:1206.793s step_avg:664.90ms
step:1816/3325 train_time:1207.457s step_avg:664.90ms
step:1817/3325 train_time:1208.118s step_avg:664.90ms
step:1818/3325 train_time:1208.781s step_avg:664.90ms
step:1819/3325 train_time:1209.445s step_avg:664.90ms
step:1820/3325 train_time:1210.104s step_avg:664.89ms
step:1821/3325 train_time:1210.772s step_avg:664.89ms
step:1822/3325 train_time:1211.434s step_avg:664.89ms
step:1823/3325 train_time:1212.095s step_avg:664.89ms
step:1824/3325 train_time:1212.759s step_avg:664.89ms
step:1825/3325 train_time:1213.421s step_avg:664.89ms
step:1826/3325 train_time:1214.086s step_avg:664.89ms
step:1827/3325 train_time:1214.746s step_avg:664.89ms
step:1828/3325 train_time:1215.407s step_avg:664.88ms
step:1829/3325 train_time:1216.072s step_avg:664.88ms
step:1830/3325 train_time:1216.733s step_avg:664.88ms
step:1831/3325 train_time:1217.394s step_avg:664.88ms
step:1832/3325 train_time:1218.058s step_avg:664.88ms
step:1833/3325 train_time:1218.717s step_avg:664.88ms
step:1834/3325 train_time:1219.379s step_avg:664.87ms
step:1835/3325 train_time:1220.041s step_avg:664.87ms
step:1836/3325 train_time:1220.703s step_avg:664.87ms
step:1837/3325 train_time:1221.371s step_avg:664.87ms
step:1838/3325 train_time:1222.031s step_avg:664.87ms
step:1839/3325 train_time:1222.693s step_avg:664.87ms
step:1840/3325 train_time:1223.358s step_avg:664.87ms
step:1841/3325 train_time:1224.019s step_avg:664.87ms
step:1842/3325 train_time:1224.685s step_avg:664.87ms
step:1843/3325 train_time:1225.346s step_avg:664.87ms
step:1844/3325 train_time:1226.008s step_avg:664.86ms
step:1845/3325 train_time:1226.672s step_avg:664.86ms
step:1846/3325 train_time:1227.333s step_avg:664.86ms
step:1847/3325 train_time:1227.995s step_avg:664.86ms
step:1848/3325 train_time:1228.658s step_avg:664.86ms
step:1849/3325 train_time:1229.319s step_avg:664.86ms
step:1850/3325 train_time:1229.981s step_avg:664.85ms
step:1851/3325 train_time:1230.643s step_avg:664.85ms
step:1852/3325 train_time:1231.302s step_avg:664.85ms
step:1853/3325 train_time:1231.972s step_avg:664.85ms
step:1854/3325 train_time:1232.633s step_avg:664.85ms
step:1855/3325 train_time:1233.294s step_avg:664.85ms
step:1856/3325 train_time:1233.959s step_avg:664.85ms
step:1857/3325 train_time:1234.622s step_avg:664.85ms
step:1858/3325 train_time:1235.290s step_avg:664.85ms
step:1859/3325 train_time:1235.953s step_avg:664.85ms
step:1860/3325 train_time:1236.613s step_avg:664.85ms
step:1861/3325 train_time:1237.276s step_avg:664.84ms
step:1862/3325 train_time:1237.938s step_avg:664.84ms
step:1863/3325 train_time:1238.598s step_avg:664.84ms
step:1864/3325 train_time:1239.263s step_avg:664.84ms
step:1865/3325 train_time:1239.924s step_avg:664.84ms
step:1866/3325 train_time:1240.589s step_avg:664.84ms
step:1867/3325 train_time:1241.252s step_avg:664.84ms
step:1868/3325 train_time:1241.911s step_avg:664.83ms
step:1869/3325 train_time:1242.575s step_avg:664.83ms
step:1870/3325 train_time:1243.234s step_avg:664.83ms
step:1871/3325 train_time:1243.896s step_avg:664.83ms
step:1872/3325 train_time:1244.559s step_avg:664.83ms
step:1873/3325 train_time:1245.219s step_avg:664.83ms
step:1874/3325 train_time:1245.885s step_avg:664.83ms
step:1875/3325 train_time:1246.543s step_avg:664.82ms
step:1875/3325 val_loss:3.47618 train_time:1246.554s step_avg:662.61ms
step:1876/3325 train_time:1247.221s step_avg:664.83ms
step:1877/3325 train_time:1247.879s step_avg:664.83ms
step:1878/3325 train_time:1248.543s step_avg:664.83ms
step:1879/3325 train_time:1249.203s step_avg:664.82ms
step:1880/3325 train_time:1249.866s step_avg:664.82ms
step:1881/3325 train_time:1250.529s step_avg:664.82ms
step:1882/3325 train_time:1251.190s step_avg:664.82ms
step:1883/3325 train_time:1251.856s step_avg:664.82ms
step:1884/3325 train_time:1252.516s step_avg:664.82ms
step:1885/3325 train_time:1253.178s step_avg:664.82ms
step:1886/3325 train_time:1253.841s step_avg:664.82ms
step:1887/3325 train_time:1254.503s step_avg:664.81ms
step:1888/3325 train_time:1255.168s step_avg:664.81ms
step:1889/3325 train_time:1255.829s step_avg:664.81ms
step:1890/3325 train_time:1256.492s step_avg:664.81ms
step:1891/3325 train_time:1257.157s step_avg:664.81ms
step:1892/3325 train_time:1257.817s step_avg:664.81ms
step:1893/3325 train_time:1258.479s step_avg:664.81ms
step:1894/3325 train_time:1259.141s step_avg:664.81ms
step:1895/3325 train_time:1259.802s step_avg:664.80ms
step:1896/3325 train_time:1260.463s step_avg:664.80ms
step:1897/3325 train_time:1261.123s step_avg:664.80ms
step:1898/3325 train_time:1261.784s step_avg:664.80ms
step:1899/3325 train_time:1262.446s step_avg:664.80ms
step:1900/3325 train_time:1263.109s step_avg:664.79ms
step:1901/3325 train_time:1263.786s step_avg:664.80ms
step:1902/3325 train_time:1264.448s step_avg:664.80ms
step:1903/3325 train_time:1265.114s step_avg:664.80ms
step:1904/3325 train_time:1265.774s step_avg:664.80ms
step:1905/3325 train_time:1266.438s step_avg:664.80ms
step:1906/3325 train_time:1267.097s step_avg:664.79ms
step:1907/3325 train_time:1267.760s step_avg:664.79ms
step:1908/3325 train_time:1268.423s step_avg:664.79ms
step:1909/3325 train_time:1269.084s step_avg:664.79ms
step:1910/3325 train_time:1269.746s step_avg:664.79ms
step:1911/3325 train_time:1270.405s step_avg:664.79ms
step:1912/3325 train_time:1271.069s step_avg:664.78ms
step:1913/3325 train_time:1271.732s step_avg:664.78ms
step:1914/3325 train_time:1272.392s step_avg:664.78ms
step:1915/3325 train_time:1273.056s step_avg:664.78ms
step:1916/3325 train_time:1273.717s step_avg:664.78ms
step:1917/3325 train_time:1274.379s step_avg:664.78ms
step:1918/3325 train_time:1275.041s step_avg:664.78ms
step:1919/3325 train_time:1275.702s step_avg:664.77ms
step:1920/3325 train_time:1276.364s step_avg:664.77ms
step:1921/3325 train_time:1277.023s step_avg:664.77ms
step:1922/3325 train_time:1277.683s step_avg:664.77ms
step:1923/3325 train_time:1278.348s step_avg:664.77ms
step:1924/3325 train_time:1279.012s step_avg:664.77ms
step:1925/3325 train_time:1279.674s step_avg:664.77ms
step:1926/3325 train_time:1280.338s step_avg:664.77ms
step:1927/3325 train_time:1281.000s step_avg:664.76ms
step:1928/3325 train_time:1281.662s step_avg:664.76ms
step:1929/3325 train_time:1282.322s step_avg:664.76ms
step:1930/3325 train_time:1282.984s step_avg:664.76ms
step:1931/3325 train_time:1283.647s step_avg:664.76ms
step:1932/3325 train_time:1284.311s step_avg:664.76ms
step:1933/3325 train_time:1284.974s step_avg:664.76ms
step:1934/3325 train_time:1285.637s step_avg:664.76ms
step:1935/3325 train_time:1286.298s step_avg:664.75ms
step:1936/3325 train_time:1286.962s step_avg:664.75ms
step:1937/3325 train_time:1287.623s step_avg:664.75ms
step:1938/3325 train_time:1288.287s step_avg:664.75ms
step:1939/3325 train_time:1288.949s step_avg:664.75ms
step:1940/3325 train_time:1289.612s step_avg:664.75ms
step:1941/3325 train_time:1290.276s step_avg:664.75ms
step:1942/3325 train_time:1290.939s step_avg:664.75ms
step:1943/3325 train_time:1291.600s step_avg:664.75ms
step:1944/3325 train_time:1292.262s step_avg:664.74ms
step:1945/3325 train_time:1292.923s step_avg:664.74ms
step:1946/3325 train_time:1293.583s step_avg:664.74ms
step:1947/3325 train_time:1294.245s step_avg:664.74ms
step:1948/3325 train_time:1294.905s step_avg:664.74ms
step:1949/3325 train_time:1295.566s step_avg:664.73ms
step:1950/3325 train_time:1296.228s step_avg:664.73ms
step:1951/3325 train_time:1296.889s step_avg:664.73ms
step:1952/3325 train_time:1297.555s step_avg:664.73ms
step:1953/3325 train_time:1298.213s step_avg:664.73ms
step:1954/3325 train_time:1298.877s step_avg:664.73ms
step:1955/3325 train_time:1299.540s step_avg:664.73ms
step:1956/3325 train_time:1300.200s step_avg:664.72ms
step:1957/3325 train_time:1300.863s step_avg:664.72ms
step:1958/3325 train_time:1301.523s step_avg:664.72ms
step:1959/3325 train_time:1302.184s step_avg:664.72ms
step:1960/3325 train_time:1302.846s step_avg:664.72ms
step:1961/3325 train_time:1303.509s step_avg:664.72ms
step:1962/3325 train_time:1304.175s step_avg:664.72ms
step:1963/3325 train_time:1304.836s step_avg:664.72ms
step:1964/3325 train_time:1305.498s step_avg:664.71ms
step:1965/3325 train_time:1306.161s step_avg:664.71ms
step:1966/3325 train_time:1306.823s step_avg:664.71ms
step:1967/3325 train_time:1307.484s step_avg:664.71ms
step:1968/3325 train_time:1308.146s step_avg:664.71ms
step:1969/3325 train_time:1308.806s step_avg:664.71ms
step:1970/3325 train_time:1309.468s step_avg:664.70ms
step:1971/3325 train_time:1310.132s step_avg:664.70ms
step:1972/3325 train_time:1310.791s step_avg:664.70ms
step:1973/3325 train_time:1311.457s step_avg:664.70ms
step:1974/3325 train_time:1312.117s step_avg:664.70ms
step:1975/3325 train_time:1312.781s step_avg:664.70ms
step:1976/3325 train_time:1313.444s step_avg:664.70ms
step:1977/3325 train_time:1314.103s step_avg:664.70ms
step:1978/3325 train_time:1314.766s step_avg:664.69ms
step:1979/3325 train_time:1315.426s step_avg:664.69ms
step:1980/3325 train_time:1316.087s step_avg:664.69ms
step:1981/3325 train_time:1316.753s step_avg:664.69ms
step:1982/3325 train_time:1317.414s step_avg:664.69ms
step:1983/3325 train_time:1318.077s step_avg:664.69ms
step:1984/3325 train_time:1318.740s step_avg:664.69ms
step:1985/3325 train_time:1319.400s step_avg:664.69ms
step:1986/3325 train_time:1320.065s step_avg:664.69ms
step:1987/3325 train_time:1320.729s step_avg:664.68ms
step:1988/3325 train_time:1321.390s step_avg:664.68ms
step:1989/3325 train_time:1322.058s step_avg:664.68ms
step:1990/3325 train_time:1322.718s step_avg:664.68ms
step:1991/3325 train_time:1323.382s step_avg:664.68ms
step:1992/3325 train_time:1324.044s step_avg:664.68ms
step:1993/3325 train_time:1324.706s step_avg:664.68ms
step:1994/3325 train_time:1325.366s step_avg:664.68ms
step:1995/3325 train_time:1326.026s step_avg:664.67ms
step:1996/3325 train_time:1326.687s step_avg:664.67ms
step:1997/3325 train_time:1327.353s step_avg:664.67ms
step:1998/3325 train_time:1328.016s step_avg:664.67ms
step:1999/3325 train_time:1328.675s step_avg:664.67ms
step:2000/3325 train_time:1329.339s step_avg:664.67ms
step:2000/3325 val_loss:3.45455 train_time:1329.350s step_avg:662.37ms
step:2001/3325 train_time:1330.012s step_avg:664.67ms
step:2002/3325 train_time:1330.671s step_avg:664.67ms
step:2003/3325 train_time:1331.337s step_avg:664.67ms
step:2004/3325 train_time:1331.998s step_avg:664.67ms
step:2005/3325 train_time:1332.664s step_avg:664.67ms
step:2006/3325 train_time:1333.327s step_avg:664.67ms
step:2007/3325 train_time:1333.986s step_avg:664.67ms
step:2008/3325 train_time:1334.650s step_avg:664.67ms
step:2009/3325 train_time:1335.311s step_avg:664.66ms
step:2010/3325 train_time:1335.970s step_avg:664.66ms
step:2011/3325 train_time:1336.633s step_avg:664.66ms
step:2012/3325 train_time:1337.295s step_avg:664.66ms
step:2013/3325 train_time:1337.964s step_avg:664.66ms
step:2014/3325 train_time:1338.625s step_avg:664.66ms
step:2015/3325 train_time:1339.287s step_avg:664.66ms
step:2016/3325 train_time:1339.947s step_avg:664.66ms
step:2017/3325 train_time:1340.610s step_avg:664.66ms
step:2018/3325 train_time:1341.271s step_avg:664.65ms
step:2019/3325 train_time:1341.932s step_avg:664.65ms
step:2020/3325 train_time:1342.594s step_avg:664.65ms
step:2021/3325 train_time:1343.257s step_avg:664.65ms
step:2022/3325 train_time:1343.923s step_avg:664.65ms
step:2023/3325 train_time:1344.582s step_avg:664.65ms
step:2024/3325 train_time:1345.245s step_avg:664.65ms
step:2025/3325 train_time:1345.906s step_avg:664.65ms
step:2026/3325 train_time:1346.569s step_avg:664.64ms
step:2027/3325 train_time:1347.233s step_avg:664.64ms
step:2028/3325 train_time:1347.893s step_avg:664.64ms
step:2029/3325 train_time:1348.555s step_avg:664.64ms
step:2030/3325 train_time:1349.216s step_avg:664.64ms
step:2031/3325 train_time:1349.878s step_avg:664.64ms
step:2032/3325 train_time:1350.543s step_avg:664.64ms
step:2033/3325 train_time:1351.204s step_avg:664.64ms
step:2034/3325 train_time:1351.868s step_avg:664.63ms
step:2035/3325 train_time:1352.532s step_avg:664.64ms
step:2036/3325 train_time:1353.195s step_avg:664.63ms
step:2037/3325 train_time:1353.859s step_avg:664.63ms
step:2038/3325 train_time:1354.521s step_avg:664.63ms
step:2039/3325 train_time:1355.181s step_avg:664.63ms
step:2040/3325 train_time:1355.848s step_avg:664.63ms
step:2041/3325 train_time:1356.507s step_avg:664.63ms
step:2042/3325 train_time:1357.169s step_avg:664.63ms
step:2043/3325 train_time:1357.832s step_avg:664.63ms
step:2044/3325 train_time:1358.494s step_avg:664.63ms
step:2045/3325 train_time:1359.157s step_avg:664.62ms
step:2046/3325 train_time:1359.819s step_avg:664.62ms
step:2047/3325 train_time:1360.479s step_avg:664.62ms
step:2048/3325 train_time:1361.147s step_avg:664.62ms
step:2049/3325 train_time:1361.808s step_avg:664.62ms
step:2050/3325 train_time:1362.470s step_avg:664.62ms
step:2051/3325 train_time:1363.134s step_avg:664.62ms
step:2052/3325 train_time:1363.792s step_avg:664.62ms
step:2053/3325 train_time:1364.455s step_avg:664.62ms
step:2054/3325 train_time:1365.117s step_avg:664.61ms
step:2055/3325 train_time:1365.779s step_avg:664.61ms
step:2056/3325 train_time:1366.443s step_avg:664.61ms
step:2057/3325 train_time:1367.104s step_avg:664.61ms
step:2058/3325 train_time:1367.765s step_avg:664.61ms
step:2059/3325 train_time:1368.429s step_avg:664.61ms
step:2060/3325 train_time:1369.089s step_avg:664.61ms
step:2061/3325 train_time:1369.753s step_avg:664.61ms
step:2062/3325 train_time:1370.413s step_avg:664.60ms
step:2063/3325 train_time:1371.074s step_avg:664.60ms
step:2064/3325 train_time:1371.738s step_avg:664.60ms
step:2065/3325 train_time:1372.401s step_avg:664.60ms
step:2066/3325 train_time:1373.064s step_avg:664.60ms
step:2067/3325 train_time:1373.727s step_avg:664.60ms
step:2068/3325 train_time:1374.387s step_avg:664.60ms
step:2069/3325 train_time:1375.050s step_avg:664.60ms
step:2070/3325 train_time:1375.710s step_avg:664.59ms
step:2071/3325 train_time:1376.371s step_avg:664.59ms
step:2072/3325 train_time:1377.034s step_avg:664.59ms
step:2073/3325 train_time:1377.696s step_avg:664.59ms
step:2074/3325 train_time:1378.363s step_avg:664.59ms
step:2075/3325 train_time:1379.023s step_avg:664.59ms
step:2076/3325 train_time:1379.685s step_avg:664.59ms
step:2077/3325 train_time:1380.349s step_avg:664.59ms
step:2078/3325 train_time:1381.011s step_avg:664.59ms
step:2079/3325 train_time:1381.671s step_avg:664.58ms
step:2080/3325 train_time:1382.336s step_avg:664.58ms
step:2081/3325 train_time:1383.000s step_avg:664.58ms
step:2082/3325 train_time:1383.662s step_avg:664.58ms
step:2083/3325 train_time:1384.326s step_avg:664.58ms
step:2084/3325 train_time:1384.986s step_avg:664.58ms
step:2085/3325 train_time:1385.649s step_avg:664.58ms
step:2086/3325 train_time:1386.310s step_avg:664.58ms
step:2087/3325 train_time:1386.971s step_avg:664.58ms
step:2088/3325 train_time:1387.634s step_avg:664.58ms
step:2089/3325 train_time:1388.296s step_avg:664.57ms
step:2090/3325 train_time:1388.962s step_avg:664.57ms
step:2091/3325 train_time:1389.653s step_avg:664.59ms
step:2092/3325 train_time:1390.315s step_avg:664.59ms
step:2093/3325 train_time:1390.975s step_avg:664.58ms
step:2094/3325 train_time:1391.640s step_avg:664.58ms
step:2095/3325 train_time:1392.301s step_avg:664.58ms
step:2096/3325 train_time:1392.965s step_avg:664.58ms
step:2097/3325 train_time:1393.629s step_avg:664.58ms
step:2098/3325 train_time:1394.289s step_avg:664.58ms
step:2099/3325 train_time:1394.954s step_avg:664.58ms
step:2100/3325 train_time:1395.615s step_avg:664.58ms
step:2101/3325 train_time:1396.277s step_avg:664.58ms
step:2102/3325 train_time:1396.944s step_avg:664.58ms
step:2103/3325 train_time:1397.604s step_avg:664.58ms
step:2104/3325 train_time:1398.266s step_avg:664.58ms
step:2105/3325 train_time:1398.929s step_avg:664.57ms
step:2106/3325 train_time:1399.591s step_avg:664.57ms
step:2107/3325 train_time:1400.254s step_avg:664.57ms
step:2108/3325 train_time:1400.914s step_avg:664.57ms
step:2109/3325 train_time:1401.575s step_avg:664.57ms
step:2110/3325 train_time:1402.241s step_avg:664.57ms
step:2111/3325 train_time:1402.903s step_avg:664.57ms
step:2112/3325 train_time:1403.562s step_avg:664.57ms
step:2113/3325 train_time:1404.226s step_avg:664.56ms
step:2114/3325 train_time:1404.887s step_avg:664.56ms
step:2115/3325 train_time:1405.550s step_avg:664.56ms
step:2116/3325 train_time:1406.213s step_avg:664.56ms
step:2117/3325 train_time:1406.873s step_avg:664.56ms
step:2118/3325 train_time:1407.537s step_avg:664.56ms
step:2119/3325 train_time:1408.200s step_avg:664.56ms
step:2120/3325 train_time:1408.864s step_avg:664.56ms
step:2121/3325 train_time:1409.528s step_avg:664.56ms
step:2122/3325 train_time:1410.189s step_avg:664.56ms
step:2123/3325 train_time:1410.852s step_avg:664.56ms
step:2124/3325 train_time:1411.514s step_avg:664.55ms
step:2125/3325 train_time:1412.176s step_avg:664.55ms
step:2125/3325 val_loss:3.43612 train_time:1412.187s step_avg:662.70ms
step:2126/3325 train_time:1412.854s step_avg:664.56ms
step:2127/3325 train_time:1413.513s step_avg:664.56ms
step:2128/3325 train_time:1414.176s step_avg:664.56ms
step:2129/3325 train_time:1414.837s step_avg:664.55ms
step:2130/3325 train_time:1415.499s step_avg:664.55ms
step:2131/3325 train_time:1416.161s step_avg:664.55ms
step:2132/3325 train_time:1416.829s step_avg:664.55ms
step:2133/3325 train_time:1417.489s step_avg:664.55ms
step:2134/3325 train_time:1418.153s step_avg:664.55ms
step:2135/3325 train_time:1418.815s step_avg:664.55ms
step:2136/3325 train_time:1419.477s step_avg:664.55ms
step:2137/3325 train_time:1420.138s step_avg:664.55ms
step:2138/3325 train_time:1420.801s step_avg:664.55ms
step:2139/3325 train_time:1421.462s step_avg:664.55ms
step:2140/3325 train_time:1422.129s step_avg:664.55ms
step:2141/3325 train_time:1422.792s step_avg:664.55ms
step:2142/3325 train_time:1423.454s step_avg:664.54ms
step:2143/3325 train_time:1424.118s step_avg:664.54ms
step:2144/3325 train_time:1424.781s step_avg:664.54ms
step:2145/3325 train_time:1425.449s step_avg:664.54ms
step:2146/3325 train_time:1426.111s step_avg:664.54ms
step:2147/3325 train_time:1426.775s step_avg:664.54ms
step:2148/3325 train_time:1427.438s step_avg:664.54ms
step:2149/3325 train_time:1428.102s step_avg:664.54ms
step:2150/3325 train_time:1428.763s step_avg:664.54ms
step:2151/3325 train_time:1429.431s step_avg:664.54ms
step:2152/3325 train_time:1430.091s step_avg:664.54ms
step:2153/3325 train_time:1430.754s step_avg:664.54ms
step:2154/3325 train_time:1431.418s step_avg:664.54ms
step:2155/3325 train_time:1432.079s step_avg:664.54ms
step:2156/3325 train_time:1432.744s step_avg:664.54ms
step:2157/3325 train_time:1433.406s step_avg:664.54ms
step:2158/3325 train_time:1434.066s step_avg:664.53ms
step:2159/3325 train_time:1434.731s step_avg:664.53ms
step:2160/3325 train_time:1435.392s step_avg:664.53ms
step:2161/3325 train_time:1436.055s step_avg:664.53ms
step:2162/3325 train_time:1436.719s step_avg:664.53ms
step:2163/3325 train_time:1437.383s step_avg:664.53ms
step:2164/3325 train_time:1438.049s step_avg:664.53ms
step:2165/3325 train_time:1438.712s step_avg:664.53ms
step:2166/3325 train_time:1439.371s step_avg:664.53ms
step:2167/3325 train_time:1440.035s step_avg:664.53ms
step:2168/3325 train_time:1440.696s step_avg:664.53ms
step:2169/3325 train_time:1441.359s step_avg:664.53ms
step:2170/3325 train_time:1442.024s step_avg:664.53ms
step:2171/3325 train_time:1442.687s step_avg:664.53ms
step:2172/3325 train_time:1443.350s step_avg:664.53ms
step:2173/3325 train_time:1444.014s step_avg:664.53ms
step:2174/3325 train_time:1444.674s step_avg:664.52ms
step:2175/3325 train_time:1445.337s step_avg:664.52ms
step:2176/3325 train_time:1446.001s step_avg:664.52ms
step:2177/3325 train_time:1446.664s step_avg:664.52ms
step:2178/3325 train_time:1447.331s step_avg:664.52ms
step:2179/3325 train_time:1447.991s step_avg:664.52ms
step:2180/3325 train_time:1448.654s step_avg:664.52ms
step:2181/3325 train_time:1449.319s step_avg:664.52ms
step:2182/3325 train_time:1449.981s step_avg:664.52ms
step:2183/3325 train_time:1450.648s step_avg:664.52ms
step:2184/3325 train_time:1451.309s step_avg:664.52ms
step:2185/3325 train_time:1451.970s step_avg:664.52ms
step:2186/3325 train_time:1452.633s step_avg:664.52ms
step:2187/3325 train_time:1453.295s step_avg:664.52ms
step:2188/3325 train_time:1453.957s step_avg:664.51ms
step:2189/3325 train_time:1454.620s step_avg:664.51ms
step:2190/3325 train_time:1455.286s step_avg:664.51ms
step:2191/3325 train_time:1455.948s step_avg:664.51ms
step:2192/3325 train_time:1456.610s step_avg:664.51ms
step:2193/3325 train_time:1457.273s step_avg:664.51ms
step:2194/3325 train_time:1457.935s step_avg:664.51ms
step:2195/3325 train_time:1458.596s step_avg:664.51ms
step:2196/3325 train_time:1459.257s step_avg:664.51ms
step:2197/3325 train_time:1459.920s step_avg:664.51ms
step:2198/3325 train_time:1460.582s step_avg:664.51ms
step:2199/3325 train_time:1461.250s step_avg:664.51ms
step:2200/3325 train_time:1461.912s step_avg:664.51ms
step:2201/3325 train_time:1462.574s step_avg:664.50ms
step:2202/3325 train_time:1463.237s step_avg:664.50ms
step:2203/3325 train_time:1463.900s step_avg:664.50ms
step:2204/3325 train_time:1464.562s step_avg:664.50ms
step:2205/3325 train_time:1465.227s step_avg:664.50ms
step:2206/3325 train_time:1465.888s step_avg:664.50ms
step:2207/3325 train_time:1466.550s step_avg:664.50ms
step:2208/3325 train_time:1467.214s step_avg:664.50ms
step:2209/3325 train_time:1467.875s step_avg:664.50ms
step:2210/3325 train_time:1468.538s step_avg:664.50ms
step:2211/3325 train_time:1469.200s step_avg:664.50ms
step:2212/3325 train_time:1469.860s step_avg:664.49ms
step:2213/3325 train_time:1470.527s step_avg:664.49ms
step:2214/3325 train_time:1471.188s step_avg:664.49ms
step:2215/3325 train_time:1471.851s step_avg:664.49ms
step:2216/3325 train_time:1472.514s step_avg:664.49ms
step:2217/3325 train_time:1473.176s step_avg:664.49ms
step:2218/3325 train_time:1473.838s step_avg:664.49ms
step:2219/3325 train_time:1474.500s step_avg:664.49ms
step:2220/3325 train_time:1475.162s step_avg:664.49ms
step:2221/3325 train_time:1475.829s step_avg:664.49ms
step:2222/3325 train_time:1476.489s step_avg:664.49ms
step:2223/3325 train_time:1477.152s step_avg:664.49ms
step:2224/3325 train_time:1477.816s step_avg:664.49ms
step:2225/3325 train_time:1478.479s step_avg:664.48ms
step:2226/3325 train_time:1479.141s step_avg:664.48ms
step:2227/3325 train_time:1479.804s step_avg:664.48ms
step:2228/3325 train_time:1480.463s step_avg:664.48ms
step:2229/3325 train_time:1481.131s step_avg:664.48ms
step:2230/3325 train_time:1481.792s step_avg:664.48ms
step:2231/3325 train_time:1482.454s step_avg:664.48ms
step:2232/3325 train_time:1483.118s step_avg:664.48ms
step:2233/3325 train_time:1483.779s step_avg:664.48ms
step:2234/3325 train_time:1484.443s step_avg:664.48ms
step:2235/3325 train_time:1485.106s step_avg:664.48ms
step:2236/3325 train_time:1485.767s step_avg:664.48ms
step:2237/3325 train_time:1486.432s step_avg:664.48ms
step:2238/3325 train_time:1487.093s step_avg:664.47ms
step:2239/3325 train_time:1487.755s step_avg:664.47ms
step:2240/3325 train_time:1488.421s step_avg:664.47ms
step:2241/3325 train_time:1489.084s step_avg:664.47ms
step:2242/3325 train_time:1489.750s step_avg:664.47ms
step:2243/3325 train_time:1490.413s step_avg:664.47ms
step:2244/3325 train_time:1491.074s step_avg:664.47ms
step:2245/3325 train_time:1491.739s step_avg:664.47ms
step:2246/3325 train_time:1492.401s step_avg:664.47ms
step:2247/3325 train_time:1493.062s step_avg:664.47ms
step:2248/3325 train_time:1493.729s step_avg:664.47ms
step:2249/3325 train_time:1494.390s step_avg:664.47ms
step:2250/3325 train_time:1495.052s step_avg:664.47ms
step:2250/3325 val_loss:3.41629 train_time:1495.063s step_avg:663.01ms
step:2251/3325 train_time:1495.732s step_avg:664.47ms
step:2252/3325 train_time:1496.391s step_avg:664.47ms
step:2253/3325 train_time:1497.053s step_avg:664.47ms
step:2254/3325 train_time:1497.716s step_avg:664.47ms
step:2255/3325 train_time:1498.378s step_avg:664.47ms
step:2256/3325 train_time:1499.038s step_avg:664.47ms
step:2257/3325 train_time:1499.700s step_avg:664.47ms
step:2258/3325 train_time:1500.362s step_avg:664.47ms
step:2259/3325 train_time:1501.027s step_avg:664.47ms
step:2260/3325 train_time:1501.692s step_avg:664.47ms
step:2261/3325 train_time:1502.352s step_avg:664.46ms
step:2262/3325 train_time:1503.017s step_avg:664.46ms
step:2263/3325 train_time:1503.678s step_avg:664.46ms
step:2264/3325 train_time:1504.340s step_avg:664.46ms
step:2265/3325 train_time:1505.004s step_avg:664.46ms
step:2266/3325 train_time:1505.670s step_avg:664.46ms
step:2267/3325 train_time:1506.331s step_avg:664.46ms
step:2268/3325 train_time:1506.994s step_avg:664.46ms
step:2269/3325 train_time:1507.656s step_avg:664.46ms
step:2270/3325 train_time:1508.321s step_avg:664.46ms
step:2271/3325 train_time:1508.982s step_avg:664.46ms
step:2272/3325 train_time:1509.643s step_avg:664.46ms
step:2273/3325 train_time:1510.310s step_avg:664.46ms
step:2274/3325 train_time:1510.969s step_avg:664.45ms
step:2275/3325 train_time:1511.634s step_avg:664.45ms
step:2276/3325 train_time:1512.296s step_avg:664.45ms
step:2277/3325 train_time:1512.958s step_avg:664.45ms
step:2278/3325 train_time:1513.619s step_avg:664.45ms
step:2279/3325 train_time:1514.280s step_avg:664.45ms
step:2280/3325 train_time:1514.939s step_avg:664.45ms
step:2281/3325 train_time:1515.622s step_avg:664.46ms
step:2282/3325 train_time:1516.284s step_avg:664.45ms
step:2283/3325 train_time:1516.944s step_avg:664.45ms
step:2284/3325 train_time:1517.613s step_avg:664.45ms
step:2285/3325 train_time:1518.273s step_avg:664.45ms
step:2286/3325 train_time:1518.936s step_avg:664.45ms
step:2287/3325 train_time:1519.599s step_avg:664.45ms
step:2288/3325 train_time:1520.261s step_avg:664.45ms
step:2289/3325 train_time:1520.924s step_avg:664.45ms
step:2290/3325 train_time:1521.587s step_avg:664.45ms
step:2291/3325 train_time:1522.247s step_avg:664.45ms
step:2292/3325 train_time:1522.915s step_avg:664.45ms
step:2293/3325 train_time:1523.576s step_avg:664.45ms
step:2294/3325 train_time:1524.238s step_avg:664.45ms
step:2295/3325 train_time:1524.900s step_avg:664.44ms
step:2296/3325 train_time:1525.564s step_avg:664.44ms
step:2297/3325 train_time:1526.228s step_avg:664.44ms
step:2298/3325 train_time:1526.890s step_avg:664.44ms
step:2299/3325 train_time:1527.548s step_avg:664.44ms
step:2300/3325 train_time:1528.214s step_avg:664.44ms
step:2301/3325 train_time:1528.875s step_avg:664.44ms
step:2302/3325 train_time:1529.537s step_avg:664.44ms
step:2303/3325 train_time:1530.200s step_avg:664.44ms
step:2304/3325 train_time:1530.862s step_avg:664.44ms
step:2305/3325 train_time:1531.528s step_avg:664.44ms
step:2306/3325 train_time:1532.189s step_avg:664.44ms
step:2307/3325 train_time:1532.848s step_avg:664.43ms
step:2308/3325 train_time:1533.511s step_avg:664.43ms
step:2309/3325 train_time:1534.173s step_avg:664.43ms
step:2310/3325 train_time:1534.835s step_avg:664.43ms
step:2311/3325 train_time:1535.499s step_avg:664.43ms
step:2312/3325 train_time:1536.160s step_avg:664.43ms
step:2313/3325 train_time:1536.824s step_avg:664.43ms
step:2314/3325 train_time:1537.487s step_avg:664.43ms
step:2315/3325 train_time:1538.149s step_avg:664.43ms
step:2316/3325 train_time:1538.814s step_avg:664.43ms
step:2317/3325 train_time:1539.475s step_avg:664.43ms
step:2318/3325 train_time:1540.137s step_avg:664.42ms
step:2319/3325 train_time:1540.801s step_avg:664.42ms
step:2320/3325 train_time:1541.464s step_avg:664.42ms
step:2321/3325 train_time:1542.127s step_avg:664.42ms
step:2322/3325 train_time:1542.788s step_avg:664.42ms
step:2323/3325 train_time:1543.449s step_avg:664.42ms
step:2324/3325 train_time:1544.114s step_avg:664.42ms
step:2325/3325 train_time:1544.774s step_avg:664.42ms
step:2326/3325 train_time:1545.436s step_avg:664.42ms
step:2327/3325 train_time:1546.100s step_avg:664.42ms
step:2328/3325 train_time:1546.760s step_avg:664.42ms
step:2329/3325 train_time:1547.426s step_avg:664.42ms
step:2330/3325 train_time:1548.088s step_avg:664.42ms
step:2331/3325 train_time:1548.750s step_avg:664.41ms
step:2332/3325 train_time:1549.412s step_avg:664.41ms
step:2333/3325 train_time:1550.073s step_avg:664.41ms
step:2334/3325 train_time:1550.736s step_avg:664.41ms
step:2335/3325 train_time:1551.401s step_avg:664.41ms
step:2336/3325 train_time:1552.063s step_avg:664.41ms
step:2337/3325 train_time:1552.726s step_avg:664.41ms
step:2338/3325 train_time:1553.391s step_avg:664.41ms
step:2339/3325 train_time:1554.049s step_avg:664.41ms
step:2340/3325 train_time:1554.715s step_avg:664.41ms
step:2341/3325 train_time:1555.376s step_avg:664.41ms
step:2342/3325 train_time:1556.038s step_avg:664.41ms
step:2343/3325 train_time:1556.701s step_avg:664.40ms
step:2344/3325 train_time:1557.364s step_avg:664.40ms
step:2345/3325 train_time:1558.031s step_avg:664.41ms
step:2346/3325 train_time:1558.692s step_avg:664.40ms
step:2347/3325 train_time:1559.354s step_avg:664.40ms
step:2348/3325 train_time:1560.015s step_avg:664.40ms
step:2349/3325 train_time:1560.675s step_avg:664.40ms
step:2350/3325 train_time:1561.338s step_avg:664.40ms
step:2351/3325 train_time:1562.000s step_avg:664.40ms
step:2352/3325 train_time:1562.660s step_avg:664.40ms
step:2353/3325 train_time:1563.323s step_avg:664.40ms
step:2354/3325 train_time:1563.987s step_avg:664.40ms
step:2355/3325 train_time:1564.647s step_avg:664.39ms
step:2356/3325 train_time:1565.314s step_avg:664.39ms
step:2357/3325 train_time:1565.973s step_avg:664.39ms
step:2358/3325 train_time:1566.637s step_avg:664.39ms
step:2359/3325 train_time:1567.300s step_avg:664.39ms
step:2360/3325 train_time:1567.963s step_avg:664.39ms
step:2361/3325 train_time:1568.627s step_avg:664.39ms
step:2362/3325 train_time:1569.291s step_avg:664.39ms
step:2363/3325 train_time:1569.951s step_avg:664.39ms
step:2364/3325 train_time:1570.615s step_avg:664.39ms
step:2365/3325 train_time:1571.275s step_avg:664.39ms
step:2366/3325 train_time:1571.937s step_avg:664.39ms
step:2367/3325 train_time:1572.602s step_avg:664.39ms
step:2368/3325 train_time:1573.264s step_avg:664.39ms
step:2369/3325 train_time:1573.931s step_avg:664.39ms
step:2370/3325 train_time:1574.592s step_avg:664.38ms
step:2371/3325 train_time:1575.253s step_avg:664.38ms
step:2372/3325 train_time:1575.918s step_avg:664.38ms
step:2373/3325 train_time:1576.580s step_avg:664.38ms
step:2374/3325 train_time:1577.240s step_avg:664.38ms
step:2375/3325 train_time:1577.904s step_avg:664.38ms
step:2375/3325 val_loss:3.39894 train_time:1577.915s step_avg:662.82ms
step:2376/3325 train_time:1578.582s step_avg:664.39ms
step:2377/3325 train_time:1579.239s step_avg:664.38ms
step:2378/3325 train_time:1579.904s step_avg:664.38ms
step:2379/3325 train_time:1580.565s step_avg:664.38ms
step:2380/3325 train_time:1581.226s step_avg:664.38ms
step:2381/3325 train_time:1581.890s step_avg:664.38ms
step:2382/3325 train_time:1582.555s step_avg:664.38ms
step:2383/3325 train_time:1583.216s step_avg:664.38ms
step:2384/3325 train_time:1583.880s step_avg:664.38ms
step:2385/3325 train_time:1584.539s step_avg:664.38ms
step:2386/3325 train_time:1585.202s step_avg:664.38ms
step:2387/3325 train_time:1585.866s step_avg:664.38ms
step:2388/3325 train_time:1586.527s step_avg:664.37ms
step:2389/3325 train_time:1587.190s step_avg:664.37ms
step:2390/3325 train_time:1587.854s step_avg:664.37ms
step:2391/3325 train_time:1588.517s step_avg:664.37ms
step:2392/3325 train_time:1589.181s step_avg:664.37ms
step:2393/3325 train_time:1589.843s step_avg:664.37ms
step:2394/3325 train_time:1590.506s step_avg:664.37ms
step:2395/3325 train_time:1591.168s step_avg:664.37ms
step:2396/3325 train_time:1591.830s step_avg:664.37ms
step:2397/3325 train_time:1592.499s step_avg:664.37ms
step:2398/3325 train_time:1593.161s step_avg:664.37ms
step:2399/3325 train_time:1593.822s step_avg:664.37ms
step:2400/3325 train_time:1594.487s step_avg:664.37ms
step:2401/3325 train_time:1595.151s step_avg:664.37ms
step:2402/3325 train_time:1595.816s step_avg:664.37ms
step:2403/3325 train_time:1596.478s step_avg:664.37ms
step:2404/3325 train_time:1597.142s step_avg:664.37ms
step:2405/3325 train_time:1597.804s step_avg:664.37ms
step:2406/3325 train_time:1598.465s step_avg:664.37ms
step:2407/3325 train_time:1599.125s step_avg:664.36ms
step:2408/3325 train_time:1599.789s step_avg:664.36ms
step:2409/3325 train_time:1600.450s step_avg:664.36ms
step:2410/3325 train_time:1601.116s step_avg:664.36ms
step:2411/3325 train_time:1601.779s step_avg:664.36ms
step:2412/3325 train_time:1602.441s step_avg:664.36ms
step:2413/3325 train_time:1603.106s step_avg:664.36ms
step:2414/3325 train_time:1603.768s step_avg:664.36ms
step:2415/3325 train_time:1604.429s step_avg:664.36ms
step:2416/3325 train_time:1605.098s step_avg:664.36ms
step:2417/3325 train_time:1605.758s step_avg:664.36ms
step:2418/3325 train_time:1606.421s step_avg:664.36ms
step:2419/3325 train_time:1607.085s step_avg:664.36ms
step:2420/3325 train_time:1607.745s step_avg:664.36ms
step:2421/3325 train_time:1608.407s step_avg:664.36ms
step:2422/3325 train_time:1609.070s step_avg:664.36ms
step:2423/3325 train_time:1609.730s step_avg:664.35ms
step:2424/3325 train_time:1610.398s step_avg:664.36ms
step:2425/3325 train_time:1611.058s step_avg:664.35ms
step:2426/3325 train_time:1611.722s step_avg:664.35ms
step:2427/3325 train_time:1612.384s step_avg:664.35ms
step:2428/3325 train_time:1613.043s step_avg:664.35ms
step:2429/3325 train_time:1613.707s step_avg:664.35ms
step:2430/3325 train_time:1614.369s step_avg:664.35ms
step:2431/3325 train_time:1615.032s step_avg:664.35ms
step:2432/3325 train_time:1615.699s step_avg:664.35ms
step:2433/3325 train_time:1616.360s step_avg:664.35ms
step:2434/3325 train_time:1617.024s step_avg:664.35ms
step:2435/3325 train_time:1617.688s step_avg:664.35ms
step:2436/3325 train_time:1618.352s step_avg:664.35ms
step:2437/3325 train_time:1619.018s step_avg:664.35ms
step:2438/3325 train_time:1619.682s step_avg:664.35ms
step:2439/3325 train_time:1620.343s step_avg:664.35ms
step:2440/3325 train_time:1621.005s step_avg:664.35ms
step:2441/3325 train_time:1621.667s step_avg:664.35ms
step:2442/3325 train_time:1622.328s step_avg:664.34ms
step:2443/3325 train_time:1622.994s step_avg:664.34ms
step:2444/3325 train_time:1623.655s step_avg:664.34ms
step:2445/3325 train_time:1624.319s step_avg:664.34ms
step:2446/3325 train_time:1624.984s step_avg:664.34ms
step:2447/3325 train_time:1625.644s step_avg:664.34ms
step:2448/3325 train_time:1626.308s step_avg:664.34ms
step:2449/3325 train_time:1626.969s step_avg:664.34ms
step:2450/3325 train_time:1627.632s step_avg:664.34ms
step:2451/3325 train_time:1628.299s step_avg:664.34ms
step:2452/3325 train_time:1628.960s step_avg:664.34ms
step:2453/3325 train_time:1629.623s step_avg:664.34ms
step:2454/3325 train_time:1630.288s step_avg:664.34ms
step:2455/3325 train_time:1630.949s step_avg:664.34ms
step:2456/3325 train_time:1631.617s step_avg:664.34ms
step:2457/3325 train_time:1632.279s step_avg:664.34ms
step:2458/3325 train_time:1632.942s step_avg:664.34ms
step:2459/3325 train_time:1633.606s step_avg:664.34ms
step:2460/3325 train_time:1634.265s step_avg:664.34ms
step:2461/3325 train_time:1634.928s step_avg:664.33ms
step:2462/3325 train_time:1635.591s step_avg:664.33ms
step:2463/3325 train_time:1636.257s step_avg:664.33ms
step:2464/3325 train_time:1636.920s step_avg:664.33ms
step:2465/3325 train_time:1637.585s step_avg:664.33ms
step:2466/3325 train_time:1638.258s step_avg:664.34ms
step:2467/3325 train_time:1638.922s step_avg:664.34ms
step:2468/3325 train_time:1639.591s step_avg:664.34ms
step:2469/3325 train_time:1640.252s step_avg:664.34ms
step:2470/3325 train_time:1640.922s step_avg:664.34ms
step:2471/3325 train_time:1641.613s step_avg:664.35ms
step:2472/3325 train_time:1642.276s step_avg:664.35ms
step:2473/3325 train_time:1642.933s step_avg:664.35ms
step:2474/3325 train_time:1643.605s step_avg:664.35ms
step:2475/3325 train_time:1644.269s step_avg:664.35ms
step:2476/3325 train_time:1644.932s step_avg:664.35ms
step:2477/3325 train_time:1645.601s step_avg:664.35ms
step:2478/3325 train_time:1646.264s step_avg:664.35ms
step:2479/3325 train_time:1646.931s step_avg:664.35ms
step:2480/3325 train_time:1647.595s step_avg:664.35ms
step:2481/3325 train_time:1648.263s step_avg:664.35ms
step:2482/3325 train_time:1648.924s step_avg:664.35ms
step:2483/3325 train_time:1649.597s step_avg:664.36ms
step:2484/3325 train_time:1650.256s step_avg:664.35ms
step:2485/3325 train_time:1650.922s step_avg:664.35ms
step:2486/3325 train_time:1651.586s step_avg:664.35ms
step:2487/3325 train_time:1652.259s step_avg:664.36ms
step:2488/3325 train_time:1652.922s step_avg:664.36ms
step:2489/3325 train_time:1653.591s step_avg:664.36ms
step:2490/3325 train_time:1654.252s step_avg:664.36ms
step:2491/3325 train_time:1654.922s step_avg:664.36ms
step:2492/3325 train_time:1655.584s step_avg:664.36ms
step:2493/3325 train_time:1656.245s step_avg:664.36ms
step:2494/3325 train_time:1656.908s step_avg:664.36ms
step:2495/3325 train_time:1657.573s step_avg:664.36ms
step:2496/3325 train_time:1658.237s step_avg:664.36ms
step:2497/3325 train_time:1658.899s step_avg:664.36ms
step:2498/3325 train_time:1659.564s step_avg:664.36ms
step:2499/3325 train_time:1660.227s step_avg:664.36ms
step:2500/3325 train_time:1660.891s step_avg:664.36ms
step:2500/3325 val_loss:3.38116 train_time:1660.902s step_avg:663.90ms
step:2501/3325 train_time:1661.572s step_avg:664.36ms
step:2502/3325 train_time:1662.230s step_avg:664.36ms
step:2503/3325 train_time:1662.904s step_avg:664.36ms
step:2504/3325 train_time:1663.569s step_avg:664.36ms
step:2505/3325 train_time:1664.230s step_avg:664.36ms
step:2506/3325 train_time:1664.901s step_avg:664.37ms
step:2507/3325 train_time:1665.563s step_avg:664.37ms
step:2508/3325 train_time:1666.226s step_avg:664.36ms
step:2509/3325 train_time:1666.892s step_avg:664.36ms
step:2510/3325 train_time:1667.560s step_avg:664.37ms
step:2511/3325 train_time:1668.221s step_avg:664.37ms
step:2512/3325 train_time:1668.888s step_avg:664.37ms
step:2513/3325 train_time:1669.549s step_avg:664.37ms
step:2514/3325 train_time:1670.212s step_avg:664.36ms
step:2515/3325 train_time:1670.876s step_avg:664.36ms
step:2516/3325 train_time:1671.544s step_avg:664.37ms
step:2517/3325 train_time:1672.205s step_avg:664.36ms
step:2518/3325 train_time:1672.873s step_avg:664.37ms
step:2519/3325 train_time:1673.533s step_avg:664.36ms
step:2520/3325 train_time:1674.199s step_avg:664.36ms
step:2521/3325 train_time:1674.864s step_avg:664.36ms
step:2522/3325 train_time:1675.527s step_avg:664.36ms
step:2523/3325 train_time:1676.193s step_avg:664.36ms
step:2524/3325 train_time:1676.853s step_avg:664.36ms
step:2525/3325 train_time:1677.514s step_avg:664.36ms
step:2526/3325 train_time:1678.184s step_avg:664.36ms
step:2527/3325 train_time:1678.843s step_avg:664.36ms
step:2528/3325 train_time:1679.507s step_avg:664.36ms
step:2529/3325 train_time:1680.170s step_avg:664.36ms
step:2530/3325 train_time:1680.836s step_avg:664.36ms
step:2531/3325 train_time:1681.503s step_avg:664.36ms
step:2532/3325 train_time:1682.164s step_avg:664.36ms
step:2533/3325 train_time:1682.828s step_avg:664.36ms
step:2534/3325 train_time:1683.491s step_avg:664.36ms
step:2535/3325 train_time:1684.152s step_avg:664.36ms
step:2536/3325 train_time:1684.814s step_avg:664.36ms
step:2537/3325 train_time:1685.481s step_avg:664.36ms
step:2538/3325 train_time:1686.147s step_avg:664.36ms
step:2539/3325 train_time:1686.809s step_avg:664.36ms
step:2540/3325 train_time:1687.472s step_avg:664.36ms
step:2541/3325 train_time:1688.133s step_avg:664.36ms
step:2542/3325 train_time:1688.799s step_avg:664.36ms
step:2543/3325 train_time:1689.462s step_avg:664.36ms
step:2544/3325 train_time:1690.123s step_avg:664.36ms
step:2545/3325 train_time:1690.790s step_avg:664.36ms
step:2546/3325 train_time:1691.450s step_avg:664.36ms
step:2547/3325 train_time:1692.114s step_avg:664.36ms
step:2548/3325 train_time:1692.780s step_avg:664.36ms
step:2549/3325 train_time:1693.449s step_avg:664.36ms
step:2550/3325 train_time:1694.111s step_avg:664.36ms
step:2551/3325 train_time:1694.776s step_avg:664.36ms
step:2552/3325 train_time:1695.439s step_avg:664.36ms
step:2553/3325 train_time:1696.107s step_avg:664.36ms
step:2554/3325 train_time:1696.769s step_avg:664.36ms
step:2555/3325 train_time:1697.430s step_avg:664.36ms
step:2556/3325 train_time:1698.094s step_avg:664.36ms
step:2557/3325 train_time:1698.759s step_avg:664.36ms
step:2558/3325 train_time:1699.418s step_avg:664.35ms
step:2559/3325 train_time:1700.088s step_avg:664.36ms
step:2560/3325 train_time:1700.750s step_avg:664.36ms
step:2561/3325 train_time:1701.413s step_avg:664.35ms
step:2562/3325 train_time:1702.083s step_avg:664.36ms
step:2563/3325 train_time:1702.744s step_avg:664.36ms
step:2564/3325 train_time:1703.410s step_avg:664.36ms
step:2565/3325 train_time:1704.075s step_avg:664.36ms
step:2566/3325 train_time:1704.734s step_avg:664.35ms
step:2567/3325 train_time:1705.399s step_avg:664.36ms
step:2568/3325 train_time:1706.063s step_avg:664.35ms
step:2569/3325 train_time:1706.726s step_avg:664.35ms
step:2570/3325 train_time:1707.390s step_avg:664.35ms
step:2571/3325 train_time:1708.052s step_avg:664.35ms
step:2572/3325 train_time:1708.716s step_avg:664.35ms
step:2573/3325 train_time:1709.384s step_avg:664.35ms
step:2574/3325 train_time:1710.050s step_avg:664.35ms
step:2575/3325 train_time:1710.712s step_avg:664.35ms
step:2576/3325 train_time:1711.384s step_avg:664.36ms
step:2577/3325 train_time:1712.042s step_avg:664.35ms
step:2578/3325 train_time:1712.706s step_avg:664.35ms
step:2579/3325 train_time:1713.371s step_avg:664.35ms
step:2580/3325 train_time:1714.040s step_avg:664.36ms
step:2581/3325 train_time:1714.705s step_avg:664.36ms
step:2582/3325 train_time:1715.368s step_avg:664.36ms
step:2583/3325 train_time:1716.031s step_avg:664.36ms
step:2584/3325 train_time:1716.704s step_avg:664.36ms
step:2585/3325 train_time:1717.360s step_avg:664.36ms
step:2586/3325 train_time:1718.026s step_avg:664.36ms
step:2587/3325 train_time:1718.690s step_avg:664.36ms
step:2588/3325 train_time:1719.360s step_avg:664.36ms
step:2589/3325 train_time:1720.018s step_avg:664.36ms
step:2590/3325 train_time:1720.689s step_avg:664.36ms
step:2591/3325 train_time:1721.349s step_avg:664.36ms
step:2592/3325 train_time:1722.020s step_avg:664.36ms
step:2593/3325 train_time:1722.681s step_avg:664.36ms
step:2594/3325 train_time:1723.344s step_avg:664.36ms
step:2595/3325 train_time:1724.008s step_avg:664.36ms
step:2596/3325 train_time:1724.673s step_avg:664.36ms
step:2597/3325 train_time:1725.333s step_avg:664.36ms
step:2598/3325 train_time:1725.998s step_avg:664.36ms
step:2599/3325 train_time:1726.664s step_avg:664.36ms
step:2600/3325 train_time:1727.328s step_avg:664.36ms
step:2601/3325 train_time:1727.992s step_avg:664.36ms
step:2602/3325 train_time:1728.653s step_avg:664.36ms
step:2603/3325 train_time:1729.313s step_avg:664.35ms
step:2604/3325 train_time:1729.979s step_avg:664.35ms
step:2605/3325 train_time:1730.638s step_avg:664.35ms
step:2606/3325 train_time:1731.304s step_avg:664.35ms
step:2607/3325 train_time:1731.963s step_avg:664.35ms
step:2608/3325 train_time:1732.628s step_avg:664.35ms
step:2609/3325 train_time:1733.290s step_avg:664.35ms
step:2610/3325 train_time:1733.952s step_avg:664.35ms
step:2611/3325 train_time:1734.611s step_avg:664.35ms
step:2612/3325 train_time:1735.275s step_avg:664.35ms
step:2613/3325 train_time:1735.943s step_avg:664.35ms
step:2614/3325 train_time:1736.603s step_avg:664.35ms
step:2615/3325 train_time:1737.271s step_avg:664.35ms
step:2616/3325 train_time:1737.929s step_avg:664.35ms
step:2617/3325 train_time:1738.594s step_avg:664.35ms
step:2618/3325 train_time:1739.256s step_avg:664.35ms
step:2619/3325 train_time:1739.922s step_avg:664.35ms
step:2620/3325 train_time:1740.585s step_avg:664.35ms
step:2621/3325 train_time:1741.249s step_avg:664.35ms
step:2622/3325 train_time:1741.913s step_avg:664.35ms
step:2623/3325 train_time:1742.576s step_avg:664.34ms
step:2624/3325 train_time:1743.238s step_avg:664.34ms
step:2625/3325 train_time:1743.905s step_avg:664.34ms
step:2625/3325 val_loss:3.36325 train_time:1743.915s step_avg:664.11ms
step:2626/3325 train_time:1744.581s step_avg:664.35ms
step:2627/3325 train_time:1745.238s step_avg:664.35ms
step:2628/3325 train_time:1745.903s step_avg:664.35ms
step:2629/3325 train_time:1746.568s step_avg:664.35ms
step:2630/3325 train_time:1747.233s step_avg:664.35ms
step:2631/3325 train_time:1747.893s step_avg:664.35ms
step:2632/3325 train_time:1748.556s step_avg:664.34ms
step:2633/3325 train_time:1749.216s step_avg:664.34ms
step:2634/3325 train_time:1749.881s step_avg:664.34ms
step:2635/3325 train_time:1750.543s step_avg:664.34ms
step:2636/3325 train_time:1751.204s step_avg:664.34ms
step:2637/3325 train_time:1751.873s step_avg:664.34ms
step:2638/3325 train_time:1752.534s step_avg:664.34ms
step:2639/3325 train_time:1753.198s step_avg:664.34ms
step:2640/3325 train_time:1753.862s step_avg:664.34ms
step:2641/3325 train_time:1754.530s step_avg:664.34ms
step:2642/3325 train_time:1755.192s step_avg:664.34ms
step:2643/3325 train_time:1755.857s step_avg:664.34ms
step:2644/3325 train_time:1756.518s step_avg:664.34ms
step:2645/3325 train_time:1757.186s step_avg:664.34ms
step:2646/3325 train_time:1757.847s step_avg:664.34ms
step:2647/3325 train_time:1758.511s step_avg:664.34ms
step:2648/3325 train_time:1759.175s step_avg:664.34ms
step:2649/3325 train_time:1759.839s step_avg:664.34ms
step:2650/3325 train_time:1760.499s step_avg:664.34ms
step:2651/3325 train_time:1761.162s step_avg:664.34ms
step:2652/3325 train_time:1761.824s step_avg:664.34ms
step:2653/3325 train_time:1762.493s step_avg:664.34ms
step:2654/3325 train_time:1763.158s step_avg:664.34ms
step:2655/3325 train_time:1763.819s step_avg:664.34ms
step:2656/3325 train_time:1764.494s step_avg:664.34ms
step:2657/3325 train_time:1765.153s step_avg:664.34ms
step:2658/3325 train_time:1765.816s step_avg:664.34ms
step:2659/3325 train_time:1766.480s step_avg:664.34ms
step:2660/3325 train_time:1767.152s step_avg:664.34ms
step:2661/3325 train_time:1767.837s step_avg:664.35ms
step:2662/3325 train_time:1768.499s step_avg:664.35ms
step:2663/3325 train_time:1769.161s step_avg:664.35ms
step:2664/3325 train_time:1769.823s step_avg:664.35ms
step:2665/3325 train_time:1770.495s step_avg:664.35ms
step:2666/3325 train_time:1771.154s step_avg:664.35ms
step:2667/3325 train_time:1771.819s step_avg:664.35ms
step:2668/3325 train_time:1772.481s step_avg:664.35ms
step:2669/3325 train_time:1773.146s step_avg:664.35ms
step:2670/3325 train_time:1773.806s step_avg:664.35ms
step:2671/3325 train_time:1774.474s step_avg:664.35ms
step:2672/3325 train_time:1775.137s step_avg:664.35ms
step:2673/3325 train_time:1775.801s step_avg:664.35ms
step:2674/3325 train_time:1776.466s step_avg:664.35ms
step:2675/3325 train_time:1777.132s step_avg:664.35ms
step:2676/3325 train_time:1777.798s step_avg:664.35ms
step:2677/3325 train_time:1778.463s step_avg:664.35ms
step:2678/3325 train_time:1779.124s step_avg:664.35ms
step:2679/3325 train_time:1779.791s step_avg:664.35ms
step:2680/3325 train_time:1780.452s step_avg:664.35ms
step:2681/3325 train_time:1781.110s step_avg:664.35ms
step:2682/3325 train_time:1781.776s step_avg:664.35ms
step:2683/3325 train_time:1782.437s step_avg:664.34ms
step:2684/3325 train_time:1783.100s step_avg:664.34ms
step:2685/3325 train_time:1783.761s step_avg:664.34ms
step:2686/3325 train_time:1784.424s step_avg:664.34ms
step:2687/3325 train_time:1785.088s step_avg:664.34ms
step:2688/3325 train_time:1785.755s step_avg:664.34ms
step:2689/3325 train_time:1786.412s step_avg:664.34ms
step:2690/3325 train_time:1787.078s step_avg:664.34ms
step:2691/3325 train_time:1787.740s step_avg:664.34ms
step:2692/3325 train_time:1788.404s step_avg:664.34ms
step:2693/3325 train_time:1789.067s step_avg:664.34ms
step:2694/3325 train_time:1789.735s step_avg:664.34ms
step:2695/3325 train_time:1790.400s step_avg:664.34ms
step:2696/3325 train_time:1791.065s step_avg:664.34ms
step:2697/3325 train_time:1791.727s step_avg:664.34ms
step:2698/3325 train_time:1792.393s step_avg:664.34ms
step:2699/3325 train_time:1793.056s step_avg:664.34ms
step:2700/3325 train_time:1793.719s step_avg:664.34ms
step:2701/3325 train_time:1794.383s step_avg:664.34ms
step:2702/3325 train_time:1795.046s step_avg:664.34ms
step:2703/3325 train_time:1795.708s step_avg:664.34ms
step:2704/3325 train_time:1796.376s step_avg:664.34ms
step:2705/3325 train_time:1797.037s step_avg:664.34ms
step:2706/3325 train_time:1797.699s step_avg:664.34ms
step:2707/3325 train_time:1798.362s step_avg:664.34ms
step:2708/3325 train_time:1799.024s step_avg:664.34ms
step:2709/3325 train_time:1799.689s step_avg:664.34ms
step:2710/3325 train_time:1800.357s step_avg:664.34ms
step:2711/3325 train_time:1801.022s step_avg:664.34ms
step:2712/3325 train_time:1801.684s step_avg:664.34ms
step:2713/3325 train_time:1802.356s step_avg:664.34ms
step:2714/3325 train_time:1803.015s step_avg:664.34ms
step:2715/3325 train_time:1803.682s step_avg:664.34ms
step:2716/3325 train_time:1804.342s step_avg:664.34ms
step:2717/3325 train_time:1805.006s step_avg:664.34ms
step:2718/3325 train_time:1805.677s step_avg:664.34ms
step:2719/3325 train_time:1806.343s step_avg:664.34ms
step:2720/3325 train_time:1807.004s step_avg:664.34ms
step:2721/3325 train_time:1807.670s step_avg:664.34ms
step:2722/3325 train_time:1808.330s step_avg:664.34ms
step:2723/3325 train_time:1808.998s step_avg:664.34ms
step:2724/3325 train_time:1809.660s step_avg:664.34ms
step:2725/3325 train_time:1810.330s step_avg:664.34ms
step:2726/3325 train_time:1810.989s step_avg:664.34ms
step:2727/3325 train_time:1811.661s step_avg:664.34ms
step:2728/3325 train_time:1812.319s step_avg:664.34ms
step:2729/3325 train_time:1812.985s step_avg:664.34ms
step:2730/3325 train_time:1813.651s step_avg:664.34ms
step:2731/3325 train_time:1814.315s step_avg:664.34ms
step:2732/3325 train_time:1814.980s step_avg:664.34ms
step:2733/3325 train_time:1815.641s step_avg:664.34ms
step:2734/3325 train_time:1816.301s step_avg:664.34ms
step:2735/3325 train_time:1816.968s step_avg:664.34ms
step:2736/3325 train_time:1817.628s step_avg:664.34ms
step:2737/3325 train_time:1818.294s step_avg:664.34ms
step:2738/3325 train_time:1818.957s step_avg:664.34ms
step:2739/3325 train_time:1819.623s step_avg:664.34ms
step:2740/3325 train_time:1820.286s step_avg:664.34ms
step:2741/3325 train_time:1820.953s step_avg:664.34ms
step:2742/3325 train_time:1821.613s step_avg:664.34ms
step:2743/3325 train_time:1822.281s step_avg:664.34ms
step:2744/3325 train_time:1822.947s step_avg:664.34ms
step:2745/3325 train_time:1823.610s step_avg:664.34ms
step:2746/3325 train_time:1824.277s step_avg:664.34ms
step:2747/3325 train_time:1824.940s step_avg:664.34ms
step:2748/3325 train_time:1825.601s step_avg:664.34ms
step:2749/3325 train_time:1826.265s step_avg:664.34ms
step:2750/3325 train_time:1826.928s step_avg:664.34ms
step:2750/3325 val_loss:3.34683 train_time:1826.938s step_avg:664.18ms
step:2751/3325 train_time:1827.601s step_avg:664.34ms
step:2752/3325 train_time:1828.260s step_avg:664.34ms
step:2753/3325 train_time:1828.929s step_avg:664.34ms
step:2754/3325 train_time:1829.588s step_avg:664.34ms
step:2755/3325 train_time:1830.254s step_avg:664.34ms
step:2756/3325 train_time:1830.919s step_avg:664.34ms
step:2757/3325 train_time:1831.586s step_avg:664.34ms
step:2758/3325 train_time:1832.249s step_avg:664.34ms
step:2759/3325 train_time:1832.920s step_avg:664.34ms
step:2760/3325 train_time:1833.579s step_avg:664.34ms
step:2761/3325 train_time:1834.249s step_avg:664.34ms
step:2762/3325 train_time:1834.907s step_avg:664.34ms
step:2763/3325 train_time:1835.573s step_avg:664.34ms
step:2764/3325 train_time:1836.235s step_avg:664.34ms
step:2765/3325 train_time:1836.899s step_avg:664.34ms
step:2766/3325 train_time:1837.565s step_avg:664.34ms
step:2767/3325 train_time:1838.229s step_avg:664.34ms
step:2768/3325 train_time:1838.894s step_avg:664.34ms
step:2769/3325 train_time:1839.565s step_avg:664.34ms
step:2770/3325 train_time:1840.226s step_avg:664.34ms
step:2771/3325 train_time:1840.889s step_avg:664.34ms
step:2772/3325 train_time:1841.553s step_avg:664.34ms
step:2773/3325 train_time:1842.223s step_avg:664.34ms
step:2774/3325 train_time:1842.884s step_avg:664.34ms
step:2775/3325 train_time:1843.550s step_avg:664.34ms
step:2776/3325 train_time:1844.212s step_avg:664.34ms
step:2777/3325 train_time:1844.882s step_avg:664.34ms
step:2778/3325 train_time:1845.542s step_avg:664.34ms
step:2779/3325 train_time:1846.206s step_avg:664.34ms
step:2780/3325 train_time:1846.871s step_avg:664.34ms
step:2781/3325 train_time:1847.538s step_avg:664.34ms
step:2782/3325 train_time:1848.198s step_avg:664.34ms
step:2783/3325 train_time:1848.867s step_avg:664.34ms
step:2784/3325 train_time:1849.530s step_avg:664.34ms
step:2785/3325 train_time:1850.193s step_avg:664.34ms
step:2786/3325 train_time:1850.863s step_avg:664.34ms
step:2787/3325 train_time:1851.526s step_avg:664.34ms
step:2788/3325 train_time:1852.190s step_avg:664.34ms
step:2789/3325 train_time:1852.858s step_avg:664.35ms
step:2790/3325 train_time:1853.521s step_avg:664.34ms
step:2791/3325 train_time:1854.185s step_avg:664.34ms
step:2792/3325 train_time:1854.850s step_avg:664.34ms
step:2793/3325 train_time:1855.519s step_avg:664.35ms
step:2794/3325 train_time:1856.181s step_avg:664.35ms
step:2795/3325 train_time:1856.846s step_avg:664.35ms
step:2796/3325 train_time:1857.507s step_avg:664.34ms
step:2797/3325 train_time:1858.175s step_avg:664.35ms
step:2798/3325 train_time:1858.837s step_avg:664.34ms
step:2799/3325 train_time:1859.502s step_avg:664.35ms
step:2800/3325 train_time:1860.167s step_avg:664.35ms
step:2801/3325 train_time:1860.832s step_avg:664.35ms
step:2802/3325 train_time:1861.493s step_avg:664.34ms
step:2803/3325 train_time:1862.159s step_avg:664.35ms
step:2804/3325 train_time:1862.818s step_avg:664.34ms
step:2805/3325 train_time:1863.488s step_avg:664.35ms
step:2806/3325 train_time:1864.151s step_avg:664.34ms
step:2807/3325 train_time:1864.815s step_avg:664.34ms
step:2808/3325 train_time:1865.484s step_avg:664.35ms
step:2809/3325 train_time:1866.147s step_avg:664.35ms
step:2810/3325 train_time:1866.810s step_avg:664.35ms
step:2811/3325 train_time:1867.472s step_avg:664.34ms
step:2812/3325 train_time:1868.134s step_avg:664.34ms
step:2813/3325 train_time:1868.795s step_avg:664.34ms
step:2814/3325 train_time:1869.464s step_avg:664.34ms
step:2815/3325 train_time:1870.126s step_avg:664.34ms
step:2816/3325 train_time:1870.789s step_avg:664.34ms
step:2817/3325 train_time:1871.452s step_avg:664.34ms
step:2818/3325 train_time:1872.114s step_avg:664.34ms
step:2819/3325 train_time:1872.776s step_avg:664.34ms
step:2820/3325 train_time:1873.442s step_avg:664.34ms
step:2821/3325 train_time:1874.101s step_avg:664.34ms
step:2822/3325 train_time:1874.767s step_avg:664.34ms
step:2823/3325 train_time:1875.430s step_avg:664.34ms
step:2824/3325 train_time:1876.094s step_avg:664.34ms
step:2825/3325 train_time:1876.764s step_avg:664.34ms
step:2826/3325 train_time:1877.427s step_avg:664.34ms
step:2827/3325 train_time:1878.091s step_avg:664.34ms
step:2828/3325 train_time:1878.755s step_avg:664.34ms
step:2829/3325 train_time:1879.420s step_avg:664.34ms
step:2830/3325 train_time:1880.085s step_avg:664.34ms
step:2831/3325 train_time:1880.749s step_avg:664.34ms
step:2832/3325 train_time:1881.416s step_avg:664.34ms
step:2833/3325 train_time:1882.080s step_avg:664.34ms
step:2834/3325 train_time:1882.745s step_avg:664.34ms
step:2835/3325 train_time:1883.408s step_avg:664.34ms
step:2836/3325 train_time:1884.075s step_avg:664.34ms
step:2837/3325 train_time:1884.740s step_avg:664.34ms
step:2838/3325 train_time:1885.401s step_avg:664.34ms
step:2839/3325 train_time:1886.067s step_avg:664.34ms
step:2840/3325 train_time:1886.730s step_avg:664.34ms
step:2841/3325 train_time:1887.390s step_avg:664.34ms
step:2842/3325 train_time:1888.055s step_avg:664.34ms
step:2843/3325 train_time:1888.719s step_avg:664.34ms
step:2844/3325 train_time:1889.388s step_avg:664.34ms
step:2845/3325 train_time:1890.052s step_avg:664.34ms
step:2846/3325 train_time:1890.715s step_avg:664.34ms
step:2847/3325 train_time:1891.386s step_avg:664.34ms
step:2848/3325 train_time:1892.048s step_avg:664.34ms
step:2849/3325 train_time:1892.711s step_avg:664.34ms
step:2850/3325 train_time:1893.374s step_avg:664.34ms
step:2851/3325 train_time:1894.062s step_avg:664.35ms
step:2852/3325 train_time:1894.725s step_avg:664.35ms
step:2853/3325 train_time:1895.387s step_avg:664.35ms
step:2854/3325 train_time:1896.051s step_avg:664.35ms
step:2855/3325 train_time:1896.713s step_avg:664.35ms
step:2856/3325 train_time:1897.385s step_avg:664.35ms
step:2857/3325 train_time:1898.043s step_avg:664.35ms
step:2858/3325 train_time:1898.707s step_avg:664.35ms
step:2859/3325 train_time:1899.370s step_avg:664.35ms
step:2860/3325 train_time:1900.037s step_avg:664.35ms
step:2861/3325 train_time:1900.695s step_avg:664.35ms
step:2862/3325 train_time:1901.366s step_avg:664.35ms
step:2863/3325 train_time:1902.027s step_avg:664.35ms
step:2864/3325 train_time:1902.693s step_avg:664.35ms
step:2865/3325 train_time:1903.356s step_avg:664.35ms
step:2866/3325 train_time:1904.022s step_avg:664.35ms
step:2867/3325 train_time:1904.688s step_avg:664.35ms
step:2868/3325 train_time:1905.355s step_avg:664.35ms
step:2869/3325 train_time:1906.017s step_avg:664.35ms
step:2870/3325 train_time:1906.684s step_avg:664.35ms
step:2871/3325 train_time:1907.347s step_avg:664.35ms
step:2872/3325 train_time:1908.011s step_avg:664.35ms
step:2873/3325 train_time:1908.677s step_avg:664.35ms
step:2874/3325 train_time:1909.344s step_avg:664.35ms
step:2875/3325 train_time:1910.005s step_avg:664.35ms
step:2875/3325 val_loss:3.33072 train_time:1910.015s step_avg:664.62ms
step:2876/3325 train_time:1910.676s step_avg:664.35ms
step:2877/3325 train_time:1911.334s step_avg:664.35ms
step:2878/3325 train_time:1912.003s step_avg:664.35ms
step:2879/3325 train_time:1912.669s step_avg:664.35ms
step:2880/3325 train_time:1913.333s step_avg:664.35ms
step:2881/3325 train_time:1913.998s step_avg:664.35ms
step:2882/3325 train_time:1914.667s step_avg:664.35ms
step:2883/3325 train_time:1915.330s step_avg:664.35ms
step:2884/3325 train_time:1915.993s step_avg:664.35ms
step:2885/3325 train_time:1916.657s step_avg:664.35ms
step:2886/3325 train_time:1917.322s step_avg:664.35ms
step:2887/3325 train_time:1917.980s step_avg:664.35ms
step:2888/3325 train_time:1918.646s step_avg:664.35ms
step:2889/3325 train_time:1919.308s step_avg:664.35ms
step:2890/3325 train_time:1919.970s step_avg:664.35ms
step:2891/3325 train_time:1920.633s step_avg:664.35ms
step:2892/3325 train_time:1921.295s step_avg:664.35ms
step:2893/3325 train_time:1921.959s step_avg:664.35ms
step:2894/3325 train_time:1922.623s step_avg:664.35ms
step:2895/3325 train_time:1923.285s step_avg:664.35ms
step:2896/3325 train_time:1923.950s step_avg:664.35ms
step:2897/3325 train_time:1924.612s step_avg:664.35ms
step:2898/3325 train_time:1925.277s step_avg:664.35ms
step:2899/3325 train_time:1925.946s step_avg:664.35ms
step:2900/3325 train_time:1926.607s step_avg:664.35ms
step:2901/3325 train_time:1927.271s step_avg:664.35ms
step:2902/3325 train_time:1927.940s step_avg:664.35ms
step:2903/3325 train_time:1928.601s step_avg:664.35ms
step:2904/3325 train_time:1929.267s step_avg:664.35ms
step:2905/3325 train_time:1929.931s step_avg:664.35ms
step:2906/3325 train_time:1930.602s step_avg:664.35ms
step:2907/3325 train_time:1931.261s step_avg:664.35ms
step:2908/3325 train_time:1931.928s step_avg:664.35ms
step:2909/3325 train_time:1932.590s step_avg:664.35ms
step:2910/3325 train_time:1933.263s step_avg:664.35ms
step:2911/3325 train_time:1933.925s step_avg:664.35ms
step:2912/3325 train_time:1934.588s step_avg:664.35ms
step:2913/3325 train_time:1935.250s step_avg:664.35ms
step:2914/3325 train_time:1935.913s step_avg:664.35ms
step:2915/3325 train_time:1936.575s step_avg:664.35ms
step:2916/3325 train_time:1937.241s step_avg:664.35ms
step:2917/3325 train_time:1937.898s step_avg:664.35ms
step:2918/3325 train_time:1938.565s step_avg:664.35ms
step:2919/3325 train_time:1939.227s step_avg:664.35ms
step:2920/3325 train_time:1939.888s step_avg:664.35ms
step:2921/3325 train_time:1940.552s step_avg:664.35ms
step:2922/3325 train_time:1941.214s step_avg:664.34ms
step:2923/3325 train_time:1941.874s step_avg:664.34ms
step:2924/3325 train_time:1942.542s step_avg:664.34ms
step:2925/3325 train_time:1943.202s step_avg:664.34ms
step:2926/3325 train_time:1943.865s step_avg:664.34ms
step:2927/3325 train_time:1944.529s step_avg:664.34ms
step:2928/3325 train_time:1945.189s step_avg:664.34ms
step:2929/3325 train_time:1945.853s step_avg:664.34ms
step:2930/3325 train_time:1946.515s step_avg:664.34ms
step:2931/3325 train_time:1947.177s step_avg:664.34ms
step:2932/3325 train_time:1947.845s step_avg:664.34ms
step:2933/3325 train_time:1948.505s step_avg:664.34ms
step:2934/3325 train_time:1949.169s step_avg:664.34ms
step:2935/3325 train_time:1949.833s step_avg:664.34ms
step:2936/3325 train_time:1950.495s step_avg:664.34ms
step:2937/3325 train_time:1951.162s step_avg:664.34ms
step:2938/3325 train_time:1951.824s step_avg:664.34ms
step:2939/3325 train_time:1952.485s step_avg:664.34ms
step:2940/3325 train_time:1953.148s step_avg:664.34ms
step:2941/3325 train_time:1953.811s step_avg:664.34ms
step:2942/3325 train_time:1954.472s step_avg:664.33ms
step:2943/3325 train_time:1955.136s step_avg:664.33ms
step:2944/3325 train_time:1955.802s step_avg:664.33ms
step:2945/3325 train_time:1956.462s step_avg:664.33ms
step:2946/3325 train_time:1957.126s step_avg:664.33ms
step:2947/3325 train_time:1957.787s step_avg:664.33ms
step:2948/3325 train_time:1958.449s step_avg:664.33ms
step:2949/3325 train_time:1959.111s step_avg:664.33ms
step:2950/3325 train_time:1959.771s step_avg:664.33ms
step:2951/3325 train_time:1960.434s step_avg:664.33ms
step:2952/3325 train_time:1961.096s step_avg:664.33ms
step:2953/3325 train_time:1961.761s step_avg:664.33ms
step:2954/3325 train_time:1962.424s step_avg:664.33ms
step:2955/3325 train_time:1963.086s step_avg:664.33ms
step:2956/3325 train_time:1963.748s step_avg:664.33ms
step:2957/3325 train_time:1964.410s step_avg:664.33ms
step:2958/3325 train_time:1965.071s step_avg:664.32ms
step:2959/3325 train_time:1965.734s step_avg:664.32ms
step:2960/3325 train_time:1966.396s step_avg:664.32ms
step:2961/3325 train_time:1967.064s step_avg:664.32ms
step:2962/3325 train_time:1967.726s step_avg:664.32ms
step:2963/3325 train_time:1968.388s step_avg:664.32ms
step:2964/3325 train_time:1969.050s step_avg:664.32ms
step:2965/3325 train_time:1969.713s step_avg:664.32ms
step:2966/3325 train_time:1970.373s step_avg:664.32ms
step:2967/3325 train_time:1971.037s step_avg:664.32ms
step:2968/3325 train_time:1971.699s step_avg:664.32ms
step:2969/3325 train_time:1972.362s step_avg:664.32ms
step:2970/3325 train_time:1973.026s step_avg:664.32ms
step:2971/3325 train_time:1973.688s step_avg:664.32ms
step:2972/3325 train_time:1974.349s step_avg:664.32ms
step:2973/3325 train_time:1975.013s step_avg:664.32ms
step:2974/3325 train_time:1975.675s step_avg:664.32ms
step:2975/3325 train_time:1976.344s step_avg:664.32ms
step:2976/3325 train_time:1977.006s step_avg:664.32ms
step:2977/3325 train_time:1977.670s step_avg:664.32ms
step:2978/3325 train_time:1978.337s step_avg:664.32ms
step:2979/3325 train_time:1979.001s step_avg:664.32ms
step:2980/3325 train_time:1979.665s step_avg:664.32ms
step:2981/3325 train_time:1980.330s step_avg:664.32ms
step:2982/3325 train_time:1980.996s step_avg:664.32ms
step:2983/3325 train_time:1981.662s step_avg:664.32ms
step:2984/3325 train_time:1982.325s step_avg:664.32ms
step:2985/3325 train_time:1982.987s step_avg:664.32ms
step:2986/3325 train_time:1983.652s step_avg:664.32ms
step:2987/3325 train_time:1984.313s step_avg:664.32ms
step:2988/3325 train_time:1984.974s step_avg:664.32ms
step:2989/3325 train_time:1985.641s step_avg:664.32ms
step:2990/3325 train_time:1986.305s step_avg:664.32ms
step:2991/3325 train_time:1986.969s step_avg:664.32ms
step:2992/3325 train_time:1987.633s step_avg:664.32ms
step:2993/3325 train_time:1988.303s step_avg:664.32ms
step:2994/3325 train_time:1988.967s step_avg:664.32ms
step:2995/3325 train_time:1989.630s step_avg:664.32ms
step:2996/3325 train_time:1990.292s step_avg:664.32ms
step:2997/3325 train_time:1990.965s step_avg:664.32ms
step:2998/3325 train_time:1991.627s step_avg:664.32ms
step:2999/3325 train_time:1992.288s step_avg:664.32ms
step:3000/3325 train_time:1992.953s step_avg:664.32ms
step:3000/3325 val_loss:3.31553 train_time:1992.964s step_avg:663.59ms
step:3001/3325 train_time:1993.631s step_avg:664.32ms
step:3002/3325 train_time:1994.293s step_avg:664.32ms
step:3003/3325 train_time:1994.957s step_avg:664.32ms
step:3004/3325 train_time:1995.621s step_avg:664.32ms
step:3005/3325 train_time:1996.287s step_avg:664.32ms
step:3006/3325 train_time:1996.950s step_avg:664.32ms
step:3007/3325 train_time:1997.616s step_avg:664.32ms
step:3008/3325 train_time:1998.286s step_avg:664.32ms
step:3009/3325 train_time:1998.950s step_avg:664.32ms
step:3010/3325 train_time:1999.616s step_avg:664.32ms
step:3011/3325 train_time:2000.277s step_avg:664.32ms
step:3012/3325 train_time:2000.947s step_avg:664.33ms
step:3013/3325 train_time:2001.609s step_avg:664.32ms
step:3014/3325 train_time:2002.272s step_avg:664.32ms
step:3015/3325 train_time:2002.936s step_avg:664.32ms
step:3016/3325 train_time:2003.604s step_avg:664.32ms
step:3017/3325 train_time:2004.263s step_avg:664.32ms
step:3018/3325 train_time:2004.935s step_avg:664.33ms
step:3019/3325 train_time:2005.596s step_avg:664.32ms
step:3020/3325 train_time:2006.266s step_avg:664.33ms
step:3021/3325 train_time:2006.930s step_avg:664.33ms
step:3022/3325 train_time:2007.595s step_avg:664.33ms
step:3023/3325 train_time:2008.256s step_avg:664.33ms
step:3024/3325 train_time:2008.931s step_avg:664.33ms
step:3025/3325 train_time:2009.592s step_avg:664.33ms
step:3026/3325 train_time:2010.254s step_avg:664.33ms
step:3027/3325 train_time:2010.918s step_avg:664.33ms
step:3028/3325 train_time:2011.580s step_avg:664.33ms
step:3029/3325 train_time:2012.249s step_avg:664.33ms
step:3030/3325 train_time:2012.913s step_avg:664.33ms
step:3031/3325 train_time:2013.574s step_avg:664.33ms
step:3032/3325 train_time:2014.244s step_avg:664.33ms
step:3033/3325 train_time:2014.906s step_avg:664.33ms
step:3034/3325 train_time:2015.569s step_avg:664.33ms
step:3035/3325 train_time:2016.235s step_avg:664.33ms
step:3036/3325 train_time:2016.903s step_avg:664.33ms
step:3037/3325 train_time:2017.564s step_avg:664.33ms
step:3038/3325 train_time:2018.234s step_avg:664.33ms
step:3039/3325 train_time:2018.897s step_avg:664.33ms
step:3040/3325 train_time:2019.564s step_avg:664.33ms
step:3041/3325 train_time:2020.247s step_avg:664.34ms
step:3042/3325 train_time:2020.910s step_avg:664.34ms
step:3043/3325 train_time:2021.572s step_avg:664.34ms
step:3044/3325 train_time:2022.236s step_avg:664.34ms
step:3045/3325 train_time:2022.901s step_avg:664.34ms
step:3046/3325 train_time:2023.563s step_avg:664.33ms
step:3047/3325 train_time:2024.231s step_avg:664.34ms
step:3048/3325 train_time:2024.891s step_avg:664.33ms
step:3049/3325 train_time:2025.558s step_avg:664.34ms
step:3050/3325 train_time:2026.219s step_avg:664.33ms
step:3051/3325 train_time:2026.889s step_avg:664.34ms
step:3052/3325 train_time:2027.554s step_avg:664.34ms
step:3053/3325 train_time:2028.220s step_avg:664.34ms
step:3054/3325 train_time:2028.881s step_avg:664.34ms
step:3055/3325 train_time:2029.547s step_avg:664.34ms
step:3056/3325 train_time:2030.211s step_avg:664.34ms
step:3057/3325 train_time:2030.875s step_avg:664.34ms
step:3058/3325 train_time:2031.538s step_avg:664.34ms
step:3059/3325 train_time:2032.201s step_avg:664.33ms
step:3060/3325 train_time:2032.862s step_avg:664.33ms
step:3061/3325 train_time:2033.530s step_avg:664.34ms
step:3062/3325 train_time:2034.191s step_avg:664.33ms
step:3063/3325 train_time:2034.855s step_avg:664.33ms
step:3064/3325 train_time:2035.518s step_avg:664.33ms
step:3065/3325 train_time:2036.180s step_avg:664.33ms
step:3066/3325 train_time:2036.843s step_avg:664.33ms
step:3067/3325 train_time:2037.512s step_avg:664.33ms
step:3068/3325 train_time:2038.176s step_avg:664.33ms
step:3069/3325 train_time:2038.840s step_avg:664.33ms
step:3070/3325 train_time:2039.502s step_avg:664.33ms
step:3071/3325 train_time:2040.163s step_avg:664.33ms
step:3072/3325 train_time:2040.834s step_avg:664.33ms
step:3073/3325 train_time:2041.495s step_avg:664.33ms
step:3074/3325 train_time:2042.159s step_avg:664.33ms
step:3075/3325 train_time:2042.824s step_avg:664.33ms
step:3076/3325 train_time:2043.494s step_avg:664.33ms
step:3077/3325 train_time:2044.155s step_avg:664.33ms
step:3078/3325 train_time:2044.822s step_avg:664.33ms
step:3079/3325 train_time:2045.486s step_avg:664.33ms
step:3080/3325 train_time:2046.154s step_avg:664.34ms
step:3081/3325 train_time:2046.817s step_avg:664.34ms
step:3082/3325 train_time:2047.486s step_avg:664.34ms
step:3083/3325 train_time:2048.145s step_avg:664.33ms
step:3084/3325 train_time:2048.814s step_avg:664.34ms
step:3085/3325 train_time:2049.474s step_avg:664.34ms
step:3086/3325 train_time:2050.138s step_avg:664.34ms
step:3087/3325 train_time:2050.801s step_avg:664.33ms
step:3088/3325 train_time:2051.464s step_avg:664.33ms
step:3089/3325 train_time:2052.133s step_avg:664.34ms
step:3090/3325 train_time:2052.796s step_avg:664.34ms
step:3091/3325 train_time:2053.457s step_avg:664.33ms
step:3092/3325 train_time:2054.124s step_avg:664.33ms
step:3093/3325 train_time:2054.786s step_avg:664.33ms
step:3094/3325 train_time:2055.451s step_avg:664.33ms
step:3095/3325 train_time:2056.115s step_avg:664.33ms
step:3096/3325 train_time:2056.783s step_avg:664.34ms
step:3097/3325 train_time:2057.447s step_avg:664.34ms
step:3098/3325 train_time:2058.114s step_avg:664.34ms
step:3099/3325 train_time:2058.776s step_avg:664.34ms
step:3100/3325 train_time:2059.445s step_avg:664.34ms
step:3101/3325 train_time:2060.104s step_avg:664.34ms
step:3102/3325 train_time:2060.771s step_avg:664.34ms
step:3103/3325 train_time:2061.435s step_avg:664.34ms
step:3104/3325 train_time:2062.101s step_avg:664.34ms
step:3105/3325 train_time:2062.763s step_avg:664.34ms
step:3106/3325 train_time:2063.431s step_avg:664.34ms
step:3107/3325 train_time:2064.093s step_avg:664.34ms
step:3108/3325 train_time:2064.759s step_avg:664.34ms
step:3109/3325 train_time:2065.423s step_avg:664.34ms
step:3110/3325 train_time:2066.089s step_avg:664.34ms
step:3111/3325 train_time:2066.751s step_avg:664.34ms
step:3112/3325 train_time:2067.417s step_avg:664.34ms
step:3113/3325 train_time:2068.079s step_avg:664.34ms
step:3114/3325 train_time:2068.743s step_avg:664.34ms
step:3115/3325 train_time:2069.407s step_avg:664.34ms
step:3116/3325 train_time:2070.067s step_avg:664.33ms
step:3117/3325 train_time:2070.732s step_avg:664.34ms
step:3118/3325 train_time:2071.395s step_avg:664.33ms
step:3119/3325 train_time:2072.061s step_avg:664.34ms
step:3120/3325 train_time:2072.728s step_avg:664.34ms
step:3121/3325 train_time:2073.396s step_avg:664.34ms
step:3122/3325 train_time:2074.057s step_avg:664.34ms
step:3123/3325 train_time:2074.731s step_avg:664.34ms
step:3124/3325 train_time:2075.390s step_avg:664.34ms
step:3125/3325 train_time:2076.055s step_avg:664.34ms
step:3125/3325 val_loss:3.30127 train_time:2076.065s step_avg:664.81ms
step:3126/3325 train_time:2076.726s step_avg:664.34ms
step:3127/3325 train_time:2077.385s step_avg:664.34ms
step:3128/3325 train_time:2078.048s step_avg:664.34ms
step:3129/3325 train_time:2078.718s step_avg:664.34ms
step:3130/3325 train_time:2079.383s step_avg:664.34ms
step:3131/3325 train_time:2080.044s step_avg:664.34ms
step:3132/3325 train_time:2080.707s step_avg:664.34ms
step:3133/3325 train_time:2081.372s step_avg:664.34ms
step:3134/3325 train_time:2082.040s step_avg:664.34ms
step:3135/3325 train_time:2082.701s step_avg:664.34ms
step:3136/3325 train_time:2083.374s step_avg:664.34ms
step:3137/3325 train_time:2084.034s step_avg:664.34ms
step:3138/3325 train_time:2084.704s step_avg:664.34ms
step:3139/3325 train_time:2085.364s step_avg:664.34ms
step:3140/3325 train_time:2086.033s step_avg:664.34ms
step:3141/3325 train_time:2086.696s step_avg:664.34ms
step:3142/3325 train_time:2087.362s step_avg:664.34ms
step:3143/3325 train_time:2088.028s step_avg:664.34ms
step:3144/3325 train_time:2088.694s step_avg:664.34ms
step:3145/3325 train_time:2089.355s step_avg:664.34ms
step:3146/3325 train_time:2090.023s step_avg:664.34ms
step:3147/3325 train_time:2090.683s step_avg:664.34ms
step:3148/3325 train_time:2091.346s step_avg:664.34ms
step:3149/3325 train_time:2092.012s step_avg:664.34ms
step:3150/3325 train_time:2092.681s step_avg:664.34ms
step:3151/3325 train_time:2093.341s step_avg:664.34ms
step:3152/3325 train_time:2094.004s step_avg:664.34ms
step:3153/3325 train_time:2094.668s step_avg:664.34ms
step:3154/3325 train_time:2095.339s step_avg:664.34ms
step:3155/3325 train_time:2096.000s step_avg:664.34ms
step:3156/3325 train_time:2096.665s step_avg:664.34ms
step:3157/3325 train_time:2097.328s step_avg:664.34ms
step:3158/3325 train_time:2097.996s step_avg:664.34ms
step:3159/3325 train_time:2098.655s step_avg:664.34ms
step:3160/3325 train_time:2099.320s step_avg:664.34ms
step:3161/3325 train_time:2099.983s step_avg:664.34ms
step:3162/3325 train_time:2100.646s step_avg:664.34ms
step:3163/3325 train_time:2101.311s step_avg:664.34ms
step:3164/3325 train_time:2101.976s step_avg:664.34ms
step:3165/3325 train_time:2102.638s step_avg:664.34ms
step:3166/3325 train_time:2103.301s step_avg:664.34ms
step:3167/3325 train_time:2103.964s step_avg:664.34ms
step:3168/3325 train_time:2104.626s step_avg:664.34ms
step:3169/3325 train_time:2105.289s step_avg:664.34ms
step:3170/3325 train_time:2105.951s step_avg:664.34ms
step:3171/3325 train_time:2106.619s step_avg:664.34ms
step:3172/3325 train_time:2107.281s step_avg:664.34ms
step:3173/3325 train_time:2107.942s step_avg:664.34ms
step:3174/3325 train_time:2108.605s step_avg:664.34ms
step:3175/3325 train_time:2109.266s step_avg:664.34ms
step:3176/3325 train_time:2109.929s step_avg:664.34ms
step:3177/3325 train_time:2110.589s step_avg:664.33ms
step:3178/3325 train_time:2111.254s step_avg:664.33ms
step:3179/3325 train_time:2111.917s step_avg:664.33ms
step:3180/3325 train_time:2112.579s step_avg:664.33ms
step:3181/3325 train_time:2113.246s step_avg:664.33ms
step:3182/3325 train_time:2113.916s step_avg:664.34ms
step:3183/3325 train_time:2114.576s step_avg:664.33ms
step:3184/3325 train_time:2115.241s step_avg:664.33ms
step:3185/3325 train_time:2115.903s step_avg:664.33ms
step:3186/3325 train_time:2116.565s step_avg:664.33ms
step:3187/3325 train_time:2117.228s step_avg:664.33ms
step:3188/3325 train_time:2117.892s step_avg:664.33ms
step:3189/3325 train_time:2118.551s step_avg:664.33ms
step:3190/3325 train_time:2119.220s step_avg:664.33ms
step:3191/3325 train_time:2119.881s step_avg:664.33ms
step:3192/3325 train_time:2120.544s step_avg:664.33ms
step:3193/3325 train_time:2121.206s step_avg:664.33ms
step:3194/3325 train_time:2121.866s step_avg:664.33ms
step:3195/3325 train_time:2122.533s step_avg:664.33ms
step:3196/3325 train_time:2123.194s step_avg:664.33ms
step:3197/3325 train_time:2123.857s step_avg:664.33ms
step:3198/3325 train_time:2124.520s step_avg:664.33ms
step:3199/3325 train_time:2125.184s step_avg:664.33ms
step:3200/3325 train_time:2125.844s step_avg:664.33ms
step:3201/3325 train_time:2126.507s step_avg:664.33ms
step:3202/3325 train_time:2127.171s step_avg:664.33ms
step:3203/3325 train_time:2127.838s step_avg:664.33ms
step:3204/3325 train_time:2128.501s step_avg:664.33ms
step:3205/3325 train_time:2129.163s step_avg:664.33ms
step:3206/3325 train_time:2129.826s step_avg:664.33ms
step:3207/3325 train_time:2130.489s step_avg:664.32ms
step:3208/3325 train_time:2131.153s step_avg:664.32ms
step:3209/3325 train_time:2131.818s step_avg:664.32ms
step:3210/3325 train_time:2132.480s step_avg:664.32ms
step:3211/3325 train_time:2133.143s step_avg:664.32ms
step:3212/3325 train_time:2133.805s step_avg:664.32ms
step:3213/3325 train_time:2134.467s step_avg:664.32ms
step:3214/3325 train_time:2135.133s step_avg:664.32ms
step:3215/3325 train_time:2135.796s step_avg:664.32ms
step:3216/3325 train_time:2136.456s step_avg:664.32ms
step:3217/3325 train_time:2137.120s step_avg:664.32ms
step:3218/3325 train_time:2137.782s step_avg:664.32ms
step:3219/3325 train_time:2138.444s step_avg:664.32ms
step:3220/3325 train_time:2139.108s step_avg:664.32ms
step:3221/3325 train_time:2139.773s step_avg:664.32ms
step:3222/3325 train_time:2140.434s step_avg:664.32ms
step:3223/3325 train_time:2141.098s step_avg:664.32ms
step:3224/3325 train_time:2141.759s step_avg:664.32ms
step:3225/3325 train_time:2142.422s step_avg:664.32ms
step:3226/3325 train_time:2143.086s step_avg:664.32ms
step:3227/3325 train_time:2143.747s step_avg:664.32ms
step:3228/3325 train_time:2144.414s step_avg:664.32ms
step:3229/3325 train_time:2145.077s step_avg:664.32ms
step:3230/3325 train_time:2145.740s step_avg:664.32ms
step:3231/3325 train_time:2146.438s step_avg:664.33ms
step:3232/3325 train_time:2147.101s step_avg:664.33ms
step:3233/3325 train_time:2147.761s step_avg:664.32ms
step:3234/3325 train_time:2148.428s step_avg:664.33ms
step:3235/3325 train_time:2149.090s step_avg:664.32ms
step:3236/3325 train_time:2149.752s step_avg:664.32ms
step:3237/3325 train_time:2150.418s step_avg:664.32ms
step:3238/3325 train_time:2151.080s step_avg:664.32ms
step:3239/3325 train_time:2151.743s step_avg:664.32ms
step:3240/3325 train_time:2152.406s step_avg:664.32ms
step:3241/3325 train_time:2153.067s step_avg:664.32ms
step:3242/3325 train_time:2153.731s step_avg:664.32ms
step:3243/3325 train_time:2154.396s step_avg:664.32ms
step:3244/3325 train_time:2155.053s step_avg:664.32ms
step:3245/3325 train_time:2155.721s step_avg:664.32ms
step:3246/3325 train_time:2156.383s step_avg:664.32ms
step:3247/3325 train_time:2157.043s step_avg:664.32ms
step:3248/3325 train_time:2157.708s step_avg:664.32ms
step:3249/3325 train_time:2158.370s step_avg:664.32ms
step:3250/3325 train_time:2159.037s step_avg:664.32ms
step:3250/3325 val_loss:3.29056 train_time:2159.048s step_avg:663.86ms
step:3251/3325 train_time:2159.711s step_avg:664.32ms
step:3252/3325 train_time:2160.370s step_avg:664.32ms
step:3253/3325 train_time:2161.034s step_avg:664.32ms
step:3254/3325 train_time:2161.696s step_avg:664.32ms
step:3255/3325 train_time:2162.362s step_avg:664.32ms
step:3256/3325 train_time:2163.022s step_avg:664.32ms
step:3257/3325 train_time:2163.686s step_avg:664.32ms
step:3258/3325 train_time:2164.348s step_avg:664.32ms
step:3259/3325 train_time:2165.012s step_avg:664.32ms
step:3260/3325 train_time:2165.674s step_avg:664.32ms
step:3261/3325 train_time:2166.334s step_avg:664.32ms
step:3262/3325 train_time:2167.004s step_avg:664.32ms
step:3263/3325 train_time:2167.666s step_avg:664.32ms
step:3264/3325 train_time:2168.327s step_avg:664.32ms
step:3265/3325 train_time:2168.993s step_avg:664.32ms
step:3266/3325 train_time:2169.654s step_avg:664.32ms
step:3267/3325 train_time:2170.322s step_avg:664.32ms
step:3268/3325 train_time:2170.985s step_avg:664.32ms
step:3269/3325 train_time:2171.646s step_avg:664.32ms
step:3270/3325 train_time:2172.309s step_avg:664.31ms
step:3271/3325 train_time:2172.970s step_avg:664.31ms
step:3272/3325 train_time:2173.632s step_avg:664.31ms
step:3273/3325 train_time:2174.296s step_avg:664.31ms
step:3274/3325 train_time:2174.962s step_avg:664.31ms
step:3275/3325 train_time:2175.622s step_avg:664.31ms
step:3276/3325 train_time:2176.286s step_avg:664.31ms
step:3277/3325 train_time:2176.948s step_avg:664.31ms
step:3278/3325 train_time:2177.612s step_avg:664.31ms
step:3279/3325 train_time:2178.274s step_avg:664.31ms
step:3280/3325 train_time:2178.936s step_avg:664.31ms
step:3281/3325 train_time:2179.603s step_avg:664.31ms
step:3282/3325 train_time:2180.265s step_avg:664.31ms
step:3283/3325 train_time:2180.928s step_avg:664.31ms
step:3284/3325 train_time:2181.591s step_avg:664.31ms
step:3285/3325 train_time:2182.253s step_avg:664.31ms
step:3286/3325 train_time:2182.918s step_avg:664.31ms
step:3287/3325 train_time:2183.580s step_avg:664.31ms
step:3288/3325 train_time:2184.240s step_avg:664.31ms
step:3289/3325 train_time:2184.906s step_avg:664.31ms
step:3290/3325 train_time:2185.568s step_avg:664.31ms
step:3291/3325 train_time:2186.230s step_avg:664.31ms
step:3292/3325 train_time:2186.895s step_avg:664.31ms
step:3293/3325 train_time:2187.558s step_avg:664.31ms
step:3294/3325 train_time:2188.223s step_avg:664.31ms
step:3295/3325 train_time:2188.886s step_avg:664.31ms
step:3296/3325 train_time:2189.549s step_avg:664.30ms
step:3297/3325 train_time:2190.212s step_avg:664.30ms
step:3298/3325 train_time:2190.875s step_avg:664.30ms
step:3299/3325 train_time:2191.537s step_avg:664.30ms
step:3300/3325 train_time:2192.204s step_avg:664.30ms
step:3301/3325 train_time:2192.865s step_avg:664.30ms
step:3302/3325 train_time:2193.528s step_avg:664.30ms
step:3303/3325 train_time:2194.191s step_avg:664.30ms
step:3304/3325 train_time:2194.855s step_avg:664.30ms
step:3305/3325 train_time:2195.520s step_avg:664.30ms
step:3306/3325 train_time:2196.182s step_avg:664.30ms
step:3307/3325 train_time:2196.842s step_avg:664.30ms
step:3308/3325 train_time:2197.507s step_avg:664.30ms
step:3309/3325 train_time:2198.169s step_avg:664.30ms
step:3310/3325 train_time:2198.830s step_avg:664.30ms
step:3311/3325 train_time:2199.493s step_avg:664.30ms
step:3312/3325 train_time:2200.158s step_avg:664.30ms
step:3313/3325 train_time:2200.819s step_avg:664.30ms
step:3314/3325 train_time:2201.486s step_avg:664.30ms
step:3315/3325 train_time:2202.147s step_avg:664.30ms
step:3316/3325 train_time:2202.811s step_avg:664.30ms
step:3317/3325 train_time:2203.472s step_avg:664.30ms
step:3318/3325 train_time:2204.131s step_avg:664.30ms
step:3319/3325 train_time:2204.796s step_avg:664.30ms
step:3320/3325 train_time:2205.462s step_avg:664.30ms
step:3321/3325 train_time:2206.123s step_avg:664.29ms
step:3322/3325 train_time:2206.786s step_avg:664.29ms
step:3323/3325 train_time:2207.448s step_avg:664.29ms
step:3324/3325 train_time:2208.112s step_avg:664.29ms
step:3325/3325 train_time:2208.774s step_avg:664.29ms
step:3325/3325 val_loss:3.28750 train_time:2208.785s step_avg:663.16ms
