Running: torchrun --standalone --nproc_per_node=4 records/track_3_optimization/train_gpt_simple_leonh.py --trials 1 --out-dir records/track_3_optimization/runs/leonh/20260514-precond-side/input_3325_lr025_4gpu --set train_steps=3325 --set leon_lr=0.025 --set leon_beta2=0.6 --set leon_mu=0.95 --set leon_ns_iters=12 --set leon_orthogonalize_dtype=float32 --set leon_eps=1e-12 --set leon_cooldown_frac=1.0 --set leon_precondition_side=input
W0514 13:43:13.439000 1042141 /ssd1/rj23424/venvs/modded-nanogpt/lib/python3.12/site-packages/torch/distributed/run.py:851] 
W0514 13:43:13.439000 1042141 /ssd1/rj23424/venvs/modded-nanogpt/lib/python3.12/site-packages/torch/distributed/run.py:851] *****************************************
W0514 13:43:13.439000 1042141 /ssd1/rj23424/venvs/modded-nanogpt/lib/python3.12/site-packages/torch/distributed/run.py:851] Setting OMP_NUM_THREADS environment variable for each process to be 1 in default, to avoid your system being overloaded, please further tune the variable for optimal performance in your application as needed. 
W0514 13:43:13.439000 1042141 /ssd1/rj23424/venvs/modded-nanogpt/lib/python3.12/site-packages/torch/distributed/run.py:851] *****************************************
records/track_3_optimization/runs/leonh/20260514-precond-side/input_3325_lr025_4gpu/train.log
step:0/3325 val_loss:10.98433 train_time:0.000s step_avg:nanms
step:1/3325 train_time:2.771s step_avg:2771.05ms
step:2/3325 train_time:3.432s step_avg:1716.18ms
step:3/3325 train_time:4.092s step_avg:1363.84ms
step:4/3325 train_time:4.752s step_avg:1188.02ms
step:5/3325 train_time:5.409s step_avg:1081.81ms
step:6/3325 train_time:6.068s step_avg:1011.35ms
step:7/3325 train_time:6.732s step_avg:961.68ms
step:8/3325 train_time:7.391s step_avg:923.86ms
step:9/3325 train_time:8.053s step_avg:894.78ms
step:10/3325 train_time:8.712s step_avg:871.25ms
step:11/3325 train_time:9.375s step_avg:852.24ms
step:12/3325 train_time:10.037s step_avg:836.41ms
step:13/3325 train_time:10.696s step_avg:822.77ms
step:14/3325 train_time:11.356s step_avg:811.16ms
step:15/3325 train_time:12.017s step_avg:801.12ms
step:16/3325 train_time:12.676s step_avg:792.27ms
step:17/3325 train_time:13.341s step_avg:784.74ms
step:18/3325 train_time:14.001s step_avg:777.83ms
step:19/3325 train_time:14.674s step_avg:772.32ms
step:20/3325 train_time:15.335s step_avg:766.73ms
step:21/3325 train_time:15.996s step_avg:761.70ms
step:22/3325 train_time:16.657s step_avg:757.14ms
step:23/3325 train_time:17.317s step_avg:752.93ms
step:24/3325 train_time:17.977s step_avg:749.04ms
step:25/3325 train_time:18.640s step_avg:745.58ms
step:26/3325 train_time:19.302s step_avg:742.39ms
step:27/3325 train_time:19.966s step_avg:739.47ms
step:28/3325 train_time:20.633s step_avg:736.88ms
step:29/3325 train_time:21.295s step_avg:734.29ms
step:30/3325 train_time:21.957s step_avg:731.91ms
step:31/3325 train_time:22.619s step_avg:729.65ms
step:32/3325 train_time:23.281s step_avg:727.52ms
step:33/3325 train_time:23.948s step_avg:725.70ms
step:34/3325 train_time:24.606s step_avg:723.70ms
step:35/3325 train_time:25.274s step_avg:722.11ms
step:36/3325 train_time:25.935s step_avg:720.42ms
step:37/3325 train_time:26.599s step_avg:718.89ms
step:38/3325 train_time:27.263s step_avg:717.45ms
step:39/3325 train_time:27.927s step_avg:716.09ms
step:40/3325 train_time:28.588s step_avg:714.69ms
step:41/3325 train_time:29.256s step_avg:713.56ms
step:42/3325 train_time:29.916s step_avg:712.29ms
step:43/3325 train_time:30.578s step_avg:711.11ms
step:44/3325 train_time:31.244s step_avg:710.09ms
step:45/3325 train_time:31.908s step_avg:709.07ms
step:46/3325 train_time:32.572s step_avg:708.09ms
step:47/3325 train_time:33.234s step_avg:707.12ms
step:48/3325 train_time:33.897s step_avg:706.18ms
step:49/3325 train_time:34.562s step_avg:705.35ms
step:50/3325 train_time:35.227s step_avg:704.53ms
step:51/3325 train_time:35.887s step_avg:703.67ms
step:52/3325 train_time:36.555s step_avg:702.98ms
step:53/3325 train_time:37.217s step_avg:702.21ms
step:54/3325 train_time:37.880s step_avg:701.48ms
step:55/3325 train_time:38.545s step_avg:700.81ms
step:56/3325 train_time:39.208s step_avg:700.15ms
step:57/3325 train_time:39.873s step_avg:699.52ms
step:58/3325 train_time:40.537s step_avg:698.92ms
step:59/3325 train_time:41.201s step_avg:698.31ms
step:60/3325 train_time:41.865s step_avg:697.74ms
step:61/3325 train_time:42.533s step_avg:697.27ms
step:62/3325 train_time:43.194s step_avg:696.68ms
step:63/3325 train_time:43.859s step_avg:696.18ms
step:64/3325 train_time:44.522s step_avg:695.65ms
step:65/3325 train_time:45.191s step_avg:695.25ms
step:66/3325 train_time:45.855s step_avg:694.78ms
step:67/3325 train_time:46.525s step_avg:694.41ms
step:68/3325 train_time:47.185s step_avg:693.90ms
step:69/3325 train_time:47.857s step_avg:693.58ms
step:70/3325 train_time:48.521s step_avg:693.16ms
step:71/3325 train_time:49.182s step_avg:692.71ms
step:72/3325 train_time:49.851s step_avg:692.38ms
step:73/3325 train_time:50.514s step_avg:691.97ms
step:74/3325 train_time:51.181s step_avg:691.64ms
step:75/3325 train_time:51.846s step_avg:691.28ms
step:76/3325 train_time:52.514s step_avg:690.98ms
step:77/3325 train_time:53.179s step_avg:690.64ms
step:78/3325 train_time:53.849s step_avg:690.37ms
step:79/3325 train_time:54.512s step_avg:690.02ms
step:80/3325 train_time:55.176s step_avg:689.70ms
step:81/3325 train_time:55.843s step_avg:689.42ms
step:82/3325 train_time:56.511s step_avg:689.16ms
step:83/3325 train_time:57.176s step_avg:688.87ms
step:84/3325 train_time:57.840s step_avg:688.57ms
step:85/3325 train_time:58.503s step_avg:688.27ms
step:86/3325 train_time:59.175s step_avg:688.08ms
step:87/3325 train_time:59.837s step_avg:687.78ms
step:88/3325 train_time:60.512s step_avg:687.64ms
step:89/3325 train_time:61.176s step_avg:687.38ms
step:90/3325 train_time:61.852s step_avg:687.24ms
step:91/3325 train_time:62.511s step_avg:686.93ms
step:92/3325 train_time:63.176s step_avg:686.70ms
step:93/3325 train_time:63.842s step_avg:686.47ms
step:94/3325 train_time:64.514s step_avg:686.32ms
step:95/3325 train_time:65.180s step_avg:686.10ms
step:96/3325 train_time:65.846s step_avg:685.89ms
step:97/3325 train_time:66.513s step_avg:685.71ms
step:98/3325 train_time:67.178s step_avg:685.49ms
step:99/3325 train_time:67.847s step_avg:685.32ms
step:100/3325 train_time:68.510s step_avg:685.10ms
step:101/3325 train_time:69.176s step_avg:684.91ms
step:102/3325 train_time:69.841s step_avg:684.71ms
step:103/3325 train_time:70.511s step_avg:684.58ms
step:104/3325 train_time:71.175s step_avg:684.37ms
step:105/3325 train_time:71.840s step_avg:684.19ms
step:106/3325 train_time:72.502s step_avg:683.98ms
step:107/3325 train_time:73.177s step_avg:683.89ms
step:108/3325 train_time:73.840s step_avg:683.71ms
step:109/3325 train_time:74.514s step_avg:683.61ms
step:110/3325 train_time:75.178s step_avg:683.43ms
step:111/3325 train_time:75.854s step_avg:683.37ms
step:112/3325 train_time:76.515s step_avg:683.17ms
step:113/3325 train_time:77.179s step_avg:683.00ms
step:114/3325 train_time:77.841s step_avg:682.81ms
step:115/3325 train_time:78.507s step_avg:682.67ms
step:116/3325 train_time:79.172s step_avg:682.51ms
step:117/3325 train_time:79.835s step_avg:682.35ms
step:118/3325 train_time:80.496s step_avg:682.17ms
step:119/3325 train_time:81.159s step_avg:682.01ms
step:120/3325 train_time:81.821s step_avg:681.84ms
step:121/3325 train_time:82.484s step_avg:681.69ms
step:122/3325 train_time:83.155s step_avg:681.60ms
step:123/3325 train_time:83.817s step_avg:681.44ms
step:124/3325 train_time:84.479s step_avg:681.28ms
step:125/3325 train_time:85.142s step_avg:681.13ms
step:125/3325 val_loss:4.76723 train_time:85.152s step_avg:681.21ms
step:126/3325 train_time:85.812s step_avg:681.05ms
step:127/3325 train_time:86.473s step_avg:680.89ms
step:128/3325 train_time:87.141s step_avg:680.79ms
step:129/3325 train_time:87.805s step_avg:680.66ms
step:130/3325 train_time:88.466s step_avg:680.51ms
step:131/3325 train_time:89.131s step_avg:680.39ms
step:132/3325 train_time:89.792s step_avg:680.24ms
step:133/3325 train_time:90.454s step_avg:680.11ms
step:134/3325 train_time:91.125s step_avg:680.04ms
step:135/3325 train_time:91.786s step_avg:679.90ms
step:136/3325 train_time:92.449s step_avg:679.77ms
step:137/3325 train_time:93.112s step_avg:679.65ms
step:138/3325 train_time:93.778s step_avg:679.55ms
step:139/3325 train_time:94.441s step_avg:679.44ms
step:140/3325 train_time:95.106s step_avg:679.33ms
step:141/3325 train_time:95.769s step_avg:679.22ms
step:142/3325 train_time:96.442s step_avg:679.17ms
step:143/3325 train_time:97.105s step_avg:679.06ms
step:144/3325 train_time:97.773s step_avg:678.98ms
step:145/3325 train_time:98.441s step_avg:678.90ms
step:146/3325 train_time:99.107s step_avg:678.82ms
step:147/3325 train_time:99.768s step_avg:678.69ms
step:148/3325 train_time:100.435s step_avg:678.61ms
step:149/3325 train_time:101.102s step_avg:678.54ms
step:150/3325 train_time:101.766s step_avg:678.44ms
step:151/3325 train_time:102.433s step_avg:678.36ms
step:152/3325 train_time:103.095s step_avg:678.25ms
step:153/3325 train_time:103.761s step_avg:678.18ms
step:154/3325 train_time:104.428s step_avg:678.10ms
step:155/3325 train_time:105.089s step_avg:677.99ms
step:156/3325 train_time:105.752s step_avg:677.90ms
step:157/3325 train_time:106.423s step_avg:677.85ms
step:158/3325 train_time:107.087s step_avg:677.77ms
step:159/3325 train_time:107.749s step_avg:677.67ms
step:160/3325 train_time:108.415s step_avg:677.59ms
step:161/3325 train_time:109.081s step_avg:677.52ms
step:162/3325 train_time:109.747s step_avg:677.45ms
step:163/3325 train_time:110.410s step_avg:677.36ms
step:164/3325 train_time:111.081s step_avg:677.33ms
step:165/3325 train_time:111.745s step_avg:677.24ms
step:166/3325 train_time:112.414s step_avg:677.19ms
step:167/3325 train_time:113.075s step_avg:677.10ms
step:168/3325 train_time:113.742s step_avg:677.04ms
step:169/3325 train_time:114.407s step_avg:676.97ms
step:170/3325 train_time:115.078s step_avg:676.93ms
step:171/3325 train_time:115.743s step_avg:676.86ms
step:172/3325 train_time:116.408s step_avg:676.79ms
step:173/3325 train_time:117.069s step_avg:676.70ms
step:174/3325 train_time:117.745s step_avg:676.69ms
step:175/3325 train_time:118.407s step_avg:676.61ms
step:176/3325 train_time:119.068s step_avg:676.52ms
step:177/3325 train_time:119.741s step_avg:676.50ms
step:178/3325 train_time:120.408s step_avg:676.45ms
step:179/3325 train_time:121.068s step_avg:676.36ms
step:180/3325 train_time:121.734s step_avg:676.30ms
step:181/3325 train_time:122.397s step_avg:676.23ms
step:182/3325 train_time:123.061s step_avg:676.16ms
step:183/3325 train_time:123.725s step_avg:676.09ms
step:184/3325 train_time:124.386s step_avg:676.01ms
step:185/3325 train_time:125.048s step_avg:675.93ms
step:186/3325 train_time:125.711s step_avg:675.87ms
step:187/3325 train_time:126.372s step_avg:675.79ms
step:188/3325 train_time:127.037s step_avg:675.73ms
step:189/3325 train_time:127.700s step_avg:675.66ms
step:190/3325 train_time:128.360s step_avg:675.58ms
step:191/3325 train_time:129.292s step_avg:676.92ms
step:192/3325 train_time:129.956s step_avg:676.85ms
step:193/3325 train_time:130.623s step_avg:676.80ms
step:194/3325 train_time:131.285s step_avg:676.72ms
step:195/3325 train_time:131.947s step_avg:676.65ms
step:196/3325 train_time:132.610s step_avg:676.58ms
step:197/3325 train_time:133.270s step_avg:676.50ms
step:198/3325 train_time:133.936s step_avg:676.45ms
step:199/3325 train_time:134.599s step_avg:676.38ms
step:200/3325 train_time:135.261s step_avg:676.30ms
step:201/3325 train_time:135.924s step_avg:676.24ms
step:202/3325 train_time:136.586s step_avg:676.17ms
step:203/3325 train_time:137.248s step_avg:676.10ms
step:204/3325 train_time:137.910s step_avg:676.03ms
step:205/3325 train_time:138.570s step_avg:675.95ms
step:206/3325 train_time:139.236s step_avg:675.90ms
step:207/3325 train_time:139.902s step_avg:675.86ms
step:208/3325 train_time:140.565s step_avg:675.79ms
step:209/3325 train_time:141.229s step_avg:675.74ms
step:210/3325 train_time:141.889s step_avg:675.66ms
step:211/3325 train_time:142.555s step_avg:675.62ms
step:212/3325 train_time:143.227s step_avg:675.60ms
step:213/3325 train_time:143.888s step_avg:675.53ms
step:214/3325 train_time:144.551s step_avg:675.47ms
step:215/3325 train_time:145.214s step_avg:675.41ms
step:216/3325 train_time:145.878s step_avg:675.36ms
step:217/3325 train_time:146.542s step_avg:675.31ms
step:218/3325 train_time:147.205s step_avg:675.25ms
step:219/3325 train_time:147.865s step_avg:675.18ms
step:220/3325 train_time:148.529s step_avg:675.13ms
step:221/3325 train_time:149.191s step_avg:675.07ms
step:222/3325 train_time:149.853s step_avg:675.01ms
step:223/3325 train_time:150.521s step_avg:674.98ms
step:224/3325 train_time:151.187s step_avg:674.94ms
step:225/3325 train_time:151.848s step_avg:674.88ms
step:226/3325 train_time:152.514s step_avg:674.84ms
step:227/3325 train_time:153.175s step_avg:674.78ms
step:228/3325 train_time:153.845s step_avg:674.76ms
step:229/3325 train_time:154.503s step_avg:674.68ms
step:230/3325 train_time:155.167s step_avg:674.64ms
step:231/3325 train_time:155.828s step_avg:674.58ms
step:232/3325 train_time:156.496s step_avg:674.55ms
step:233/3325 train_time:157.155s step_avg:674.48ms
step:234/3325 train_time:157.826s step_avg:674.47ms
step:235/3325 train_time:158.490s step_avg:674.42ms
step:236/3325 train_time:159.155s step_avg:674.39ms
step:237/3325 train_time:159.824s step_avg:674.36ms
step:238/3325 train_time:160.486s step_avg:674.31ms
step:239/3325 train_time:161.151s step_avg:674.27ms
step:240/3325 train_time:161.817s step_avg:674.24ms
step:241/3325 train_time:162.482s step_avg:674.20ms
step:242/3325 train_time:163.144s step_avg:674.15ms
step:243/3325 train_time:163.810s step_avg:674.12ms
step:244/3325 train_time:164.477s step_avg:674.09ms
step:245/3325 train_time:165.141s step_avg:674.04ms
step:246/3325 train_time:165.805s step_avg:674.00ms
step:247/3325 train_time:166.467s step_avg:673.95ms
step:248/3325 train_time:167.133s step_avg:673.92ms
step:249/3325 train_time:167.796s step_avg:673.88ms
step:250/3325 train_time:168.458s step_avg:673.83ms
step:250/3325 val_loss:4.19253 train_time:168.469s step_avg:666.53ms
step:251/3325 train_time:169.132s step_avg:673.83ms
step:252/3325 train_time:169.791s step_avg:673.77ms
step:253/3325 train_time:170.456s step_avg:673.74ms
step:254/3325 train_time:171.123s step_avg:673.71ms
step:255/3325 train_time:171.784s step_avg:673.66ms
step:256/3325 train_time:172.447s step_avg:673.62ms
step:257/3325 train_time:173.108s step_avg:673.57ms
step:258/3325 train_time:173.770s step_avg:673.53ms
step:259/3325 train_time:174.431s step_avg:673.48ms
step:260/3325 train_time:175.092s step_avg:673.43ms
step:261/3325 train_time:175.756s step_avg:673.39ms
step:262/3325 train_time:176.424s step_avg:673.37ms
step:263/3325 train_time:177.086s step_avg:673.33ms
step:264/3325 train_time:177.750s step_avg:673.30ms
step:265/3325 train_time:178.412s step_avg:673.25ms
step:266/3325 train_time:179.077s step_avg:673.22ms
step:267/3325 train_time:179.741s step_avg:673.19ms
step:268/3325 train_time:180.408s step_avg:673.16ms
step:269/3325 train_time:181.070s step_avg:673.12ms
step:270/3325 train_time:181.735s step_avg:673.09ms
step:271/3325 train_time:182.401s step_avg:673.07ms
step:272/3325 train_time:183.066s step_avg:673.04ms
step:273/3325 train_time:183.729s step_avg:673.00ms
step:274/3325 train_time:184.393s step_avg:672.97ms
step:275/3325 train_time:185.055s step_avg:672.93ms
step:276/3325 train_time:185.725s step_avg:672.92ms
step:277/3325 train_time:186.391s step_avg:672.89ms
step:278/3325 train_time:187.057s step_avg:672.87ms
step:279/3325 train_time:187.724s step_avg:672.84ms
step:280/3325 train_time:188.386s step_avg:672.81ms
step:281/3325 train_time:189.048s step_avg:672.77ms
step:282/3325 train_time:189.712s step_avg:672.74ms
step:283/3325 train_time:190.372s step_avg:672.69ms
step:284/3325 train_time:191.034s step_avg:672.65ms
step:285/3325 train_time:191.701s step_avg:672.63ms
step:286/3325 train_time:192.364s step_avg:672.60ms
step:287/3325 train_time:193.029s step_avg:672.57ms
step:288/3325 train_time:193.694s step_avg:672.55ms
step:289/3325 train_time:194.365s step_avg:672.54ms
step:290/3325 train_time:195.028s step_avg:672.51ms
step:291/3325 train_time:195.694s step_avg:672.49ms
step:292/3325 train_time:196.355s step_avg:672.45ms
step:293/3325 train_time:197.029s step_avg:672.45ms
step:294/3325 train_time:197.692s step_avg:672.42ms
step:295/3325 train_time:198.355s step_avg:672.39ms
step:296/3325 train_time:199.017s step_avg:672.36ms
step:297/3325 train_time:199.682s step_avg:672.33ms
step:298/3325 train_time:200.344s step_avg:672.29ms
step:299/3325 train_time:201.009s step_avg:672.27ms
step:300/3325 train_time:201.670s step_avg:672.23ms
step:301/3325 train_time:202.336s step_avg:672.21ms
step:302/3325 train_time:203.002s step_avg:672.19ms
step:303/3325 train_time:203.668s step_avg:672.17ms
step:304/3325 train_time:204.330s step_avg:672.14ms
step:305/3325 train_time:205.003s step_avg:672.14ms
step:306/3325 train_time:205.661s step_avg:672.09ms
step:307/3325 train_time:206.328s step_avg:672.08ms
step:308/3325 train_time:206.990s step_avg:672.05ms
step:309/3325 train_time:207.661s step_avg:672.04ms
step:310/3325 train_time:208.323s step_avg:672.01ms
step:311/3325 train_time:208.989s step_avg:671.99ms
step:312/3325 train_time:209.649s step_avg:671.95ms
step:313/3325 train_time:210.319s step_avg:671.94ms
step:314/3325 train_time:210.978s step_avg:671.91ms
step:315/3325 train_time:211.643s step_avg:671.88ms
step:316/3325 train_time:212.307s step_avg:671.86ms
step:317/3325 train_time:212.972s step_avg:671.84ms
step:318/3325 train_time:213.631s step_avg:671.80ms
step:319/3325 train_time:214.294s step_avg:671.77ms
step:320/3325 train_time:214.956s step_avg:671.74ms
step:321/3325 train_time:215.625s step_avg:671.73ms
step:322/3325 train_time:216.285s step_avg:671.69ms
step:323/3325 train_time:216.948s step_avg:671.67ms
step:324/3325 train_time:217.611s step_avg:671.64ms
step:325/3325 train_time:218.275s step_avg:671.62ms
step:326/3325 train_time:218.936s step_avg:671.58ms
step:327/3325 train_time:219.603s step_avg:671.57ms
step:328/3325 train_time:220.264s step_avg:671.54ms
step:329/3325 train_time:220.931s step_avg:671.52ms
step:330/3325 train_time:221.594s step_avg:671.50ms
step:331/3325 train_time:222.257s step_avg:671.47ms
step:332/3325 train_time:222.925s step_avg:671.46ms
step:333/3325 train_time:223.585s step_avg:671.43ms
step:334/3325 train_time:224.247s step_avg:671.40ms
step:335/3325 train_time:224.911s step_avg:671.38ms
step:336/3325 train_time:225.582s step_avg:671.38ms
step:337/3325 train_time:226.241s step_avg:671.34ms
step:338/3325 train_time:226.908s step_avg:671.33ms
step:339/3325 train_time:227.570s step_avg:671.30ms
step:340/3325 train_time:228.238s step_avg:671.29ms
step:341/3325 train_time:228.904s step_avg:671.27ms
step:342/3325 train_time:229.570s step_avg:671.26ms
step:343/3325 train_time:230.232s step_avg:671.23ms
step:344/3325 train_time:230.905s step_avg:671.23ms
step:345/3325 train_time:231.562s step_avg:671.19ms
step:346/3325 train_time:232.229s step_avg:671.18ms
step:347/3325 train_time:232.892s step_avg:671.16ms
step:348/3325 train_time:233.562s step_avg:671.16ms
step:349/3325 train_time:234.227s step_avg:671.14ms
step:350/3325 train_time:234.890s step_avg:671.11ms
step:351/3325 train_time:235.552s step_avg:671.09ms
step:352/3325 train_time:236.225s step_avg:671.09ms
step:353/3325 train_time:236.888s step_avg:671.07ms
step:354/3325 train_time:237.549s step_avg:671.04ms
step:355/3325 train_time:238.213s step_avg:671.02ms
step:356/3325 train_time:238.879s step_avg:671.01ms
step:357/3325 train_time:239.539s step_avg:670.98ms
step:358/3325 train_time:240.208s step_avg:670.97ms
step:359/3325 train_time:240.870s step_avg:670.95ms
step:360/3325 train_time:241.535s step_avg:670.93ms
step:361/3325 train_time:242.201s step_avg:670.92ms
step:362/3325 train_time:242.869s step_avg:670.91ms
step:363/3325 train_time:243.530s step_avg:670.88ms
step:364/3325 train_time:244.203s step_avg:670.89ms
step:365/3325 train_time:244.859s step_avg:670.85ms
step:366/3325 train_time:245.528s step_avg:670.84ms
step:367/3325 train_time:246.189s step_avg:670.81ms
step:368/3325 train_time:246.861s step_avg:670.82ms
step:369/3325 train_time:247.522s step_avg:670.79ms
step:370/3325 train_time:248.189s step_avg:670.78ms
step:371/3325 train_time:248.849s step_avg:670.75ms
step:372/3325 train_time:249.518s step_avg:670.75ms
step:373/3325 train_time:250.181s step_avg:670.73ms
step:374/3325 train_time:250.844s step_avg:670.71ms
step:375/3325 train_time:251.508s step_avg:670.69ms
step:375/3325 val_loss:4.02578 train_time:251.518s step_avg:664.40ms
step:376/3325 train_time:252.178s step_avg:670.69ms
step:377/3325 train_time:252.838s step_avg:670.66ms
step:378/3325 train_time:253.505s step_avg:670.65ms
step:379/3325 train_time:254.170s step_avg:670.63ms
step:380/3325 train_time:254.828s step_avg:670.60ms
step:381/3325 train_time:255.507s step_avg:670.62ms
step:382/3325 train_time:256.172s step_avg:670.61ms
step:383/3325 train_time:256.835s step_avg:670.59ms
step:384/3325 train_time:257.499s step_avg:670.57ms
step:385/3325 train_time:258.160s step_avg:670.55ms
step:386/3325 train_time:258.823s step_avg:670.53ms
step:387/3325 train_time:259.492s step_avg:670.52ms
step:388/3325 train_time:260.152s step_avg:670.50ms
step:389/3325 train_time:260.814s step_avg:670.47ms
step:390/3325 train_time:261.478s step_avg:670.46ms
step:391/3325 train_time:262.147s step_avg:670.45ms
step:392/3325 train_time:262.805s step_avg:670.42ms
step:393/3325 train_time:263.472s step_avg:670.41ms
step:394/3325 train_time:264.134s step_avg:670.39ms
step:395/3325 train_time:264.808s step_avg:670.40ms
step:396/3325 train_time:265.463s step_avg:670.36ms
step:397/3325 train_time:266.130s step_avg:670.35ms
step:398/3325 train_time:266.791s step_avg:670.33ms
step:399/3325 train_time:267.457s step_avg:670.32ms
step:400/3325 train_time:268.116s step_avg:670.29ms
step:401/3325 train_time:268.780s step_avg:670.27ms
step:402/3325 train_time:269.445s step_avg:670.26ms
step:403/3325 train_time:270.112s step_avg:670.25ms
step:404/3325 train_time:270.773s step_avg:670.23ms
step:405/3325 train_time:271.435s step_avg:670.21ms
step:406/3325 train_time:272.107s step_avg:670.22ms
step:407/3325 train_time:272.768s step_avg:670.19ms
step:408/3325 train_time:273.430s step_avg:670.17ms
step:409/3325 train_time:274.094s step_avg:670.16ms
step:410/3325 train_time:274.764s step_avg:670.16ms
step:411/3325 train_time:275.423s step_avg:670.13ms
step:412/3325 train_time:276.092s step_avg:670.13ms
step:413/3325 train_time:276.753s step_avg:670.10ms
step:414/3325 train_time:277.422s step_avg:670.10ms
step:415/3325 train_time:278.082s step_avg:670.08ms
step:416/3325 train_time:278.750s step_avg:670.07ms
step:417/3325 train_time:279.412s step_avg:670.05ms
step:418/3325 train_time:280.079s step_avg:670.05ms
step:419/3325 train_time:280.742s step_avg:670.03ms
step:420/3325 train_time:281.407s step_avg:670.02ms
step:421/3325 train_time:282.072s step_avg:670.00ms
step:422/3325 train_time:282.735s step_avg:669.99ms
step:423/3325 train_time:283.396s step_avg:669.97ms
step:424/3325 train_time:284.063s step_avg:669.96ms
step:425/3325 train_time:284.724s step_avg:669.94ms
step:426/3325 train_time:285.393s step_avg:669.94ms
step:427/3325 train_time:286.052s step_avg:669.91ms
step:428/3325 train_time:286.716s step_avg:669.90ms
step:429/3325 train_time:287.379s step_avg:669.88ms
step:430/3325 train_time:288.048s step_avg:669.88ms
step:431/3325 train_time:288.708s step_avg:669.86ms
step:432/3325 train_time:289.374s step_avg:669.85ms
step:433/3325 train_time:290.034s step_avg:669.82ms
step:434/3325 train_time:290.705s step_avg:669.83ms
step:435/3325 train_time:291.361s step_avg:669.80ms
step:436/3325 train_time:292.029s step_avg:669.79ms
step:437/3325 train_time:292.689s step_avg:669.77ms
step:438/3325 train_time:293.354s step_avg:669.76ms
step:439/3325 train_time:294.014s step_avg:669.74ms
step:440/3325 train_time:294.676s step_avg:669.72ms
step:441/3325 train_time:295.337s step_avg:669.70ms
step:442/3325 train_time:296.006s step_avg:669.70ms
step:443/3325 train_time:296.666s step_avg:669.68ms
step:444/3325 train_time:297.325s step_avg:669.65ms
step:445/3325 train_time:297.991s step_avg:669.64ms
step:446/3325 train_time:298.653s step_avg:669.63ms
step:447/3325 train_time:299.314s step_avg:669.61ms
step:448/3325 train_time:299.976s step_avg:669.59ms
step:449/3325 train_time:300.639s step_avg:669.58ms
step:450/3325 train_time:301.306s step_avg:669.57ms
step:451/3325 train_time:301.968s step_avg:669.55ms
step:452/3325 train_time:302.628s step_avg:669.53ms
step:453/3325 train_time:303.292s step_avg:669.52ms
step:454/3325 train_time:303.958s step_avg:669.51ms
step:455/3325 train_time:304.618s step_avg:669.49ms
step:456/3325 train_time:305.286s step_avg:669.49ms
step:457/3325 train_time:305.948s step_avg:669.47ms
step:458/3325 train_time:306.610s step_avg:669.46ms
step:459/3325 train_time:307.275s step_avg:669.44ms
step:460/3325 train_time:307.943s step_avg:669.44ms
step:461/3325 train_time:308.610s step_avg:669.44ms
step:462/3325 train_time:309.272s step_avg:669.42ms
step:463/3325 train_time:309.935s step_avg:669.41ms
step:464/3325 train_time:310.605s step_avg:669.41ms
step:465/3325 train_time:311.265s step_avg:669.39ms
step:466/3325 train_time:311.929s step_avg:669.38ms
step:467/3325 train_time:312.594s step_avg:669.37ms
step:468/3325 train_time:313.259s step_avg:669.36ms
step:469/3325 train_time:313.921s step_avg:669.34ms
step:470/3325 train_time:314.592s step_avg:669.34ms
step:471/3325 train_time:315.252s step_avg:669.32ms
step:472/3325 train_time:315.917s step_avg:669.32ms
step:473/3325 train_time:316.578s step_avg:669.30ms
step:474/3325 train_time:317.247s step_avg:669.30ms
step:475/3325 train_time:317.906s step_avg:669.28ms
step:476/3325 train_time:318.575s step_avg:669.27ms
step:477/3325 train_time:319.232s step_avg:669.25ms
step:478/3325 train_time:319.897s step_avg:669.24ms
step:479/3325 train_time:320.558s step_avg:669.22ms
step:480/3325 train_time:321.222s step_avg:669.21ms
step:481/3325 train_time:321.891s step_avg:669.21ms
step:482/3325 train_time:322.551s step_avg:669.19ms
step:483/3325 train_time:323.215s step_avg:669.18ms
step:484/3325 train_time:323.879s step_avg:669.17ms
step:485/3325 train_time:324.544s step_avg:669.16ms
step:486/3325 train_time:325.208s step_avg:669.15ms
step:487/3325 train_time:325.871s step_avg:669.14ms
step:488/3325 train_time:326.532s step_avg:669.12ms
step:489/3325 train_time:327.194s step_avg:669.11ms
step:490/3325 train_time:327.857s step_avg:669.10ms
step:491/3325 train_time:328.522s step_avg:669.09ms
step:492/3325 train_time:329.190s step_avg:669.09ms
step:493/3325 train_time:329.853s step_avg:669.07ms
step:494/3325 train_time:330.514s step_avg:669.06ms
step:495/3325 train_time:331.183s step_avg:669.06ms
step:496/3325 train_time:331.843s step_avg:669.04ms
step:497/3325 train_time:332.512s step_avg:669.04ms
step:498/3325 train_time:333.174s step_avg:669.02ms
step:499/3325 train_time:333.845s step_avg:669.03ms
step:500/3325 train_time:334.509s step_avg:669.02ms
step:500/3325 val_loss:3.92121 train_time:334.520s step_avg:664.01ms
step:501/3325 train_time:335.187s step_avg:669.04ms
step:502/3325 train_time:335.844s step_avg:669.01ms
step:503/3325 train_time:336.510s step_avg:669.01ms
step:504/3325 train_time:337.176s step_avg:669.00ms
step:505/3325 train_time:337.833s step_avg:668.98ms
step:506/3325 train_time:338.502s step_avg:668.98ms
step:507/3325 train_time:339.161s step_avg:668.96ms
step:508/3325 train_time:339.826s step_avg:668.95ms
step:509/3325 train_time:340.487s step_avg:668.93ms
step:510/3325 train_time:341.152s step_avg:668.93ms
step:511/3325 train_time:341.809s step_avg:668.90ms
step:512/3325 train_time:342.481s step_avg:668.91ms
step:513/3325 train_time:343.141s step_avg:668.89ms
step:514/3325 train_time:343.806s step_avg:668.88ms
step:515/3325 train_time:344.472s step_avg:668.88ms
step:516/3325 train_time:345.134s step_avg:668.87ms
step:517/3325 train_time:345.798s step_avg:668.85ms
step:518/3325 train_time:346.460s step_avg:668.84ms
step:519/3325 train_time:347.120s step_avg:668.82ms
step:520/3325 train_time:347.781s step_avg:668.81ms
step:521/3325 train_time:348.442s step_avg:668.79ms
step:522/3325 train_time:349.102s step_avg:668.78ms
step:523/3325 train_time:349.764s step_avg:668.77ms
step:524/3325 train_time:350.425s step_avg:668.75ms
step:525/3325 train_time:351.095s step_avg:668.75ms
step:526/3325 train_time:351.754s step_avg:668.73ms
step:527/3325 train_time:352.419s step_avg:668.73ms
step:528/3325 train_time:353.080s step_avg:668.71ms
step:529/3325 train_time:353.741s step_avg:668.70ms
step:530/3325 train_time:354.404s step_avg:668.69ms
step:531/3325 train_time:355.066s step_avg:668.68ms
step:532/3325 train_time:355.725s step_avg:668.66ms
step:533/3325 train_time:356.389s step_avg:668.65ms
step:534/3325 train_time:357.051s step_avg:668.63ms
step:535/3325 train_time:357.713s step_avg:668.62ms
step:536/3325 train_time:358.382s step_avg:668.62ms
step:537/3325 train_time:359.045s step_avg:668.61ms
step:538/3325 train_time:359.706s step_avg:668.60ms
step:539/3325 train_time:360.369s step_avg:668.59ms
step:540/3325 train_time:361.037s step_avg:668.59ms
step:541/3325 train_time:361.697s step_avg:668.57ms
step:542/3325 train_time:362.362s step_avg:668.56ms
step:543/3325 train_time:363.023s step_avg:668.55ms
step:544/3325 train_time:363.693s step_avg:668.55ms
step:545/3325 train_time:364.350s step_avg:668.53ms
step:546/3325 train_time:365.014s step_avg:668.52ms
step:547/3325 train_time:365.678s step_avg:668.52ms
step:548/3325 train_time:366.342s step_avg:668.51ms
step:549/3325 train_time:367.003s step_avg:668.49ms
step:550/3325 train_time:367.668s step_avg:668.49ms
step:551/3325 train_time:368.337s step_avg:668.49ms
step:552/3325 train_time:368.999s step_avg:668.48ms
step:553/3325 train_time:369.662s step_avg:668.47ms
step:554/3325 train_time:370.323s step_avg:668.45ms
step:555/3325 train_time:370.997s step_avg:668.46ms
step:556/3325 train_time:371.654s step_avg:668.44ms
step:557/3325 train_time:372.317s step_avg:668.43ms
step:558/3325 train_time:372.979s step_avg:668.42ms
step:559/3325 train_time:373.640s step_avg:668.41ms
step:560/3325 train_time:374.302s step_avg:668.40ms
step:561/3325 train_time:374.964s step_avg:668.39ms
step:562/3325 train_time:375.624s step_avg:668.37ms
step:563/3325 train_time:376.293s step_avg:668.37ms
step:564/3325 train_time:376.953s step_avg:668.36ms
step:565/3325 train_time:377.618s step_avg:668.35ms
step:566/3325 train_time:378.280s step_avg:668.34ms
step:567/3325 train_time:378.943s step_avg:668.33ms
step:568/3325 train_time:379.602s step_avg:668.31ms
step:569/3325 train_time:380.265s step_avg:668.30ms
step:570/3325 train_time:380.923s step_avg:668.29ms
step:571/3325 train_time:381.603s step_avg:668.31ms
step:572/3325 train_time:382.266s step_avg:668.30ms
step:573/3325 train_time:382.924s step_avg:668.28ms
step:574/3325 train_time:383.586s step_avg:668.27ms
step:575/3325 train_time:384.245s step_avg:668.25ms
step:576/3325 train_time:384.907s step_avg:668.24ms
step:577/3325 train_time:385.570s step_avg:668.23ms
step:578/3325 train_time:386.237s step_avg:668.23ms
step:579/3325 train_time:386.895s step_avg:668.21ms
step:580/3325 train_time:387.560s step_avg:668.21ms
step:581/3325 train_time:388.222s step_avg:668.20ms
step:582/3325 train_time:388.888s step_avg:668.19ms
step:583/3325 train_time:389.548s step_avg:668.18ms
step:584/3325 train_time:390.210s step_avg:668.17ms
step:585/3325 train_time:390.879s step_avg:668.17ms
step:586/3325 train_time:391.541s step_avg:668.16ms
step:587/3325 train_time:392.202s step_avg:668.15ms
step:588/3325 train_time:392.867s step_avg:668.14ms
step:589/3325 train_time:393.535s step_avg:668.14ms
step:590/3325 train_time:394.202s step_avg:668.14ms
step:591/3325 train_time:394.866s step_avg:668.13ms
step:592/3325 train_time:395.526s step_avg:668.12ms
step:593/3325 train_time:396.198s step_avg:668.13ms
step:594/3325 train_time:396.857s step_avg:668.11ms
step:595/3325 train_time:397.519s step_avg:668.10ms
step:596/3325 train_time:398.181s step_avg:668.09ms
step:597/3325 train_time:398.842s step_avg:668.08ms
step:598/3325 train_time:399.503s step_avg:668.07ms
step:599/3325 train_time:400.166s step_avg:668.06ms
step:600/3325 train_time:400.829s step_avg:668.05ms
step:601/3325 train_time:401.498s step_avg:668.05ms
step:602/3325 train_time:402.159s step_avg:668.04ms
step:603/3325 train_time:402.822s step_avg:668.03ms
step:604/3325 train_time:403.484s step_avg:668.02ms
step:605/3325 train_time:404.148s step_avg:668.01ms
step:606/3325 train_time:404.808s step_avg:668.00ms
step:607/3325 train_time:405.472s step_avg:667.99ms
step:608/3325 train_time:406.135s step_avg:667.99ms
step:609/3325 train_time:406.799s step_avg:667.98ms
step:610/3325 train_time:407.461s step_avg:667.97ms
step:611/3325 train_time:408.121s step_avg:667.96ms
step:612/3325 train_time:408.788s step_avg:667.96ms
step:613/3325 train_time:409.448s step_avg:667.94ms
step:614/3325 train_time:410.111s step_avg:667.93ms
step:615/3325 train_time:410.778s step_avg:667.93ms
step:616/3325 train_time:411.442s step_avg:667.93ms
step:617/3325 train_time:412.103s step_avg:667.91ms
step:618/3325 train_time:412.766s step_avg:667.91ms
step:619/3325 train_time:413.428s step_avg:667.90ms
step:620/3325 train_time:414.097s step_avg:667.90ms
step:621/3325 train_time:414.755s step_avg:667.88ms
step:622/3325 train_time:415.419s step_avg:667.88ms
step:623/3325 train_time:416.081s step_avg:667.87ms
step:624/3325 train_time:416.745s step_avg:667.86ms
step:625/3325 train_time:417.404s step_avg:667.85ms
step:625/3325 val_loss:3.86637 train_time:417.414s step_avg:663.16ms
step:626/3325 train_time:418.076s step_avg:667.85ms
step:627/3325 train_time:418.732s step_avg:667.83ms
step:628/3325 train_time:419.395s step_avg:667.83ms
step:629/3325 train_time:420.060s step_avg:667.82ms
step:630/3325 train_time:420.721s step_avg:667.81ms
step:631/3325 train_time:421.384s step_avg:667.80ms
step:632/3325 train_time:422.047s step_avg:667.80ms
step:633/3325 train_time:422.708s step_avg:667.78ms
step:634/3325 train_time:423.374s step_avg:667.78ms
step:635/3325 train_time:424.035s step_avg:667.77ms
step:636/3325 train_time:424.698s step_avg:667.76ms
step:637/3325 train_time:425.363s step_avg:667.76ms
step:638/3325 train_time:426.027s step_avg:667.75ms
step:639/3325 train_time:426.687s step_avg:667.74ms
step:640/3325 train_time:427.352s step_avg:667.74ms
step:641/3325 train_time:428.020s step_avg:667.74ms
step:642/3325 train_time:428.687s step_avg:667.74ms
step:643/3325 train_time:429.349s step_avg:667.73ms
step:644/3325 train_time:430.010s step_avg:667.72ms
step:645/3325 train_time:430.680s step_avg:667.72ms
step:646/3325 train_time:431.339s step_avg:667.71ms
step:647/3325 train_time:432.004s step_avg:667.70ms
step:648/3325 train_time:432.667s step_avg:667.70ms
step:649/3325 train_time:433.333s step_avg:667.69ms
step:650/3325 train_time:433.991s step_avg:667.68ms
step:651/3325 train_time:434.655s step_avg:667.67ms
step:652/3325 train_time:435.319s step_avg:667.67ms
step:653/3325 train_time:435.984s step_avg:667.66ms
step:654/3325 train_time:436.646s step_avg:667.65ms
step:655/3325 train_time:437.308s step_avg:667.65ms
step:656/3325 train_time:437.969s step_avg:667.64ms
step:657/3325 train_time:438.635s step_avg:667.63ms
step:658/3325 train_time:439.296s step_avg:667.62ms
step:659/3325 train_time:439.963s step_avg:667.62ms
step:660/3325 train_time:440.625s step_avg:667.61ms
step:661/3325 train_time:441.290s step_avg:667.61ms
step:662/3325 train_time:441.953s step_avg:667.60ms
step:663/3325 train_time:442.615s step_avg:667.59ms
step:664/3325 train_time:443.285s step_avg:667.60ms
step:665/3325 train_time:443.946s step_avg:667.59ms
step:666/3325 train_time:444.607s step_avg:667.58ms
step:667/3325 train_time:445.268s step_avg:667.57ms
step:668/3325 train_time:445.928s step_avg:667.56ms
step:669/3325 train_time:446.589s step_avg:667.55ms
step:670/3325 train_time:447.250s step_avg:667.54ms
step:671/3325 train_time:447.909s step_avg:667.53ms
step:672/3325 train_time:448.579s step_avg:667.53ms
step:673/3325 train_time:449.238s step_avg:667.52ms
step:674/3325 train_time:449.901s step_avg:667.51ms
step:675/3325 train_time:450.563s step_avg:667.50ms
step:676/3325 train_time:451.227s step_avg:667.50ms
step:677/3325 train_time:451.888s step_avg:667.49ms
step:678/3325 train_time:452.554s step_avg:667.48ms
step:679/3325 train_time:453.219s step_avg:667.48ms
step:680/3325 train_time:453.886s step_avg:667.48ms
step:681/3325 train_time:454.549s step_avg:667.47ms
step:682/3325 train_time:455.211s step_avg:667.46ms
step:683/3325 train_time:455.881s step_avg:667.47ms
step:684/3325 train_time:456.541s step_avg:667.46ms
step:685/3325 train_time:457.204s step_avg:667.45ms
step:686/3325 train_time:457.870s step_avg:667.45ms
step:687/3325 train_time:458.541s step_avg:667.45ms
step:688/3325 train_time:459.200s step_avg:667.44ms
step:689/3325 train_time:459.868s step_avg:667.44ms
step:690/3325 train_time:460.528s step_avg:667.43ms
step:691/3325 train_time:461.189s step_avg:667.42ms
step:692/3325 train_time:461.852s step_avg:667.42ms
step:693/3325 train_time:462.515s step_avg:667.41ms
step:694/3325 train_time:463.181s step_avg:667.41ms
step:695/3325 train_time:463.846s step_avg:667.40ms
step:696/3325 train_time:464.505s step_avg:667.39ms
step:697/3325 train_time:465.169s step_avg:667.39ms
step:698/3325 train_time:465.830s step_avg:667.38ms
step:699/3325 train_time:466.492s step_avg:667.37ms
step:700/3325 train_time:467.154s step_avg:667.36ms
step:701/3325 train_time:467.814s step_avg:667.35ms
step:702/3325 train_time:468.478s step_avg:667.35ms
step:703/3325 train_time:469.140s step_avg:667.34ms
step:704/3325 train_time:469.800s step_avg:667.33ms
step:705/3325 train_time:470.466s step_avg:667.33ms
step:706/3325 train_time:471.131s step_avg:667.32ms
step:707/3325 train_time:471.789s step_avg:667.31ms
step:708/3325 train_time:472.452s step_avg:667.30ms
step:709/3325 train_time:473.114s step_avg:667.30ms
step:710/3325 train_time:473.783s step_avg:667.30ms
step:711/3325 train_time:474.443s step_avg:667.29ms
step:712/3325 train_time:475.106s step_avg:667.28ms
step:713/3325 train_time:475.769s step_avg:667.28ms
step:714/3325 train_time:476.432s step_avg:667.27ms
step:715/3325 train_time:477.092s step_avg:667.26ms
step:716/3325 train_time:477.754s step_avg:667.25ms
step:717/3325 train_time:478.420s step_avg:667.25ms
step:718/3325 train_time:479.089s step_avg:667.26ms
step:719/3325 train_time:479.751s step_avg:667.25ms
step:720/3325 train_time:480.412s step_avg:667.24ms
step:721/3325 train_time:481.083s step_avg:667.24ms
step:722/3325 train_time:481.743s step_avg:667.23ms
step:723/3325 train_time:482.405s step_avg:667.23ms
step:724/3325 train_time:483.068s step_avg:667.22ms
step:725/3325 train_time:483.732s step_avg:667.22ms
step:726/3325 train_time:484.391s step_avg:667.21ms
step:727/3325 train_time:485.055s step_avg:667.20ms
step:728/3325 train_time:485.719s step_avg:667.20ms
step:729/3325 train_time:486.385s step_avg:667.20ms
step:730/3325 train_time:487.045s step_avg:667.19ms
step:731/3325 train_time:487.709s step_avg:667.18ms
step:732/3325 train_time:488.370s step_avg:667.17ms
step:733/3325 train_time:489.034s step_avg:667.17ms
step:734/3325 train_time:489.694s step_avg:667.16ms
step:735/3325 train_time:490.358s step_avg:667.15ms
step:736/3325 train_time:491.022s step_avg:667.15ms
step:737/3325 train_time:491.689s step_avg:667.15ms
step:738/3325 train_time:492.351s step_avg:667.14ms
step:739/3325 train_time:493.012s step_avg:667.13ms
step:740/3325 train_time:493.683s step_avg:667.14ms
step:741/3325 train_time:494.341s step_avg:667.13ms
step:742/3325 train_time:495.004s step_avg:667.12ms
step:743/3325 train_time:495.668s step_avg:667.12ms
step:744/3325 train_time:496.332s step_avg:667.11ms
step:745/3325 train_time:496.991s step_avg:667.10ms
step:746/3325 train_time:497.653s step_avg:667.09ms
step:747/3325 train_time:498.314s step_avg:667.09ms
step:748/3325 train_time:498.984s step_avg:667.09ms
step:749/3325 train_time:499.645s step_avg:667.08ms
step:750/3325 train_time:500.309s step_avg:667.08ms
step:750/3325 val_loss:3.83243 train_time:500.320s step_avg:663.24ms
step:751/3325 train_time:500.981s step_avg:667.09ms
step:752/3325 train_time:501.640s step_avg:667.07ms
step:753/3325 train_time:502.307s step_avg:667.07ms
step:754/3325 train_time:502.971s step_avg:667.07ms
step:755/3325 train_time:503.633s step_avg:667.06ms
step:756/3325 train_time:504.291s step_avg:667.05ms
step:757/3325 train_time:504.953s step_avg:667.04ms
step:758/3325 train_time:505.612s step_avg:667.03ms
step:759/3325 train_time:506.271s step_avg:667.02ms
step:760/3325 train_time:506.934s step_avg:667.02ms
step:761/3325 train_time:507.614s step_avg:667.04ms
step:762/3325 train_time:508.274s step_avg:667.03ms
step:763/3325 train_time:508.935s step_avg:667.02ms
step:764/3325 train_time:509.595s step_avg:667.01ms
step:765/3325 train_time:510.258s step_avg:667.00ms
step:766/3325 train_time:510.922s step_avg:667.00ms
step:767/3325 train_time:511.579s step_avg:666.99ms
step:768/3325 train_time:512.248s step_avg:666.99ms
step:769/3325 train_time:512.909s step_avg:666.98ms
step:770/3325 train_time:513.574s step_avg:666.98ms
step:771/3325 train_time:514.237s step_avg:666.97ms
step:772/3325 train_time:514.902s step_avg:666.97ms
step:773/3325 train_time:515.571s step_avg:666.97ms
step:774/3325 train_time:516.235s step_avg:666.97ms
step:775/3325 train_time:516.893s step_avg:666.96ms
step:776/3325 train_time:517.556s step_avg:666.95ms
step:777/3325 train_time:518.217s step_avg:666.95ms
step:778/3325 train_time:518.876s step_avg:666.94ms
step:779/3325 train_time:519.539s step_avg:666.93ms
step:780/3325 train_time:520.202s step_avg:666.93ms
step:781/3325 train_time:520.864s step_avg:666.92ms
step:782/3325 train_time:521.526s step_avg:666.91ms
step:783/3325 train_time:522.188s step_avg:666.91ms
step:784/3325 train_time:522.851s step_avg:666.90ms
step:785/3325 train_time:523.517s step_avg:666.90ms
step:786/3325 train_time:524.176s step_avg:666.89ms
step:787/3325 train_time:524.838s step_avg:666.88ms
step:788/3325 train_time:525.503s step_avg:666.88ms
step:789/3325 train_time:526.164s step_avg:666.87ms
step:790/3325 train_time:526.828s step_avg:666.87ms
step:791/3325 train_time:527.486s step_avg:666.86ms
step:792/3325 train_time:528.150s step_avg:666.86ms
step:793/3325 train_time:528.811s step_avg:666.85ms
step:794/3325 train_time:529.472s step_avg:666.84ms
step:795/3325 train_time:530.136s step_avg:666.84ms
step:796/3325 train_time:530.802s step_avg:666.84ms
step:797/3325 train_time:531.462s step_avg:666.83ms
step:798/3325 train_time:532.128s step_avg:666.83ms
step:799/3325 train_time:532.788s step_avg:666.82ms
step:800/3325 train_time:533.453s step_avg:666.82ms
step:801/3325 train_time:534.112s step_avg:666.81ms
step:802/3325 train_time:534.773s step_avg:666.80ms
step:803/3325 train_time:535.433s step_avg:666.79ms
step:804/3325 train_time:536.093s step_avg:666.78ms
step:805/3325 train_time:536.753s step_avg:666.77ms
step:806/3325 train_time:537.414s step_avg:666.77ms
step:807/3325 train_time:538.075s step_avg:666.76ms
step:808/3325 train_time:538.736s step_avg:666.75ms
step:809/3325 train_time:539.395s step_avg:666.74ms
step:810/3325 train_time:540.056s step_avg:666.74ms
step:811/3325 train_time:540.716s step_avg:666.73ms
step:812/3325 train_time:541.377s step_avg:666.72ms
step:813/3325 train_time:542.039s step_avg:666.71ms
step:814/3325 train_time:542.708s step_avg:666.72ms
step:815/3325 train_time:543.368s step_avg:666.71ms
step:816/3325 train_time:544.031s step_avg:666.70ms
step:817/3325 train_time:544.692s step_avg:666.70ms
step:818/3325 train_time:545.355s step_avg:666.69ms
step:819/3325 train_time:546.014s step_avg:666.68ms
step:820/3325 train_time:546.678s step_avg:666.68ms
step:821/3325 train_time:547.346s step_avg:666.68ms
step:822/3325 train_time:548.007s step_avg:666.68ms
step:823/3325 train_time:548.670s step_avg:666.67ms
step:824/3325 train_time:549.333s step_avg:666.67ms
step:825/3325 train_time:550.003s step_avg:666.67ms
step:826/3325 train_time:550.664s step_avg:666.66ms
step:827/3325 train_time:551.328s step_avg:666.66ms
step:828/3325 train_time:551.987s step_avg:666.65ms
step:829/3325 train_time:552.654s step_avg:666.65ms
step:830/3325 train_time:553.314s step_avg:666.64ms
step:831/3325 train_time:553.975s step_avg:666.64ms
step:832/3325 train_time:554.641s step_avg:666.64ms
step:833/3325 train_time:555.307s step_avg:666.64ms
step:834/3325 train_time:555.967s step_avg:666.63ms
step:835/3325 train_time:556.631s step_avg:666.62ms
step:836/3325 train_time:557.292s step_avg:666.62ms
step:837/3325 train_time:557.957s step_avg:666.61ms
step:838/3325 train_time:558.617s step_avg:666.61ms
step:839/3325 train_time:559.277s step_avg:666.60ms
step:840/3325 train_time:559.948s step_avg:666.61ms
step:841/3325 train_time:560.609s step_avg:666.60ms
step:842/3325 train_time:561.270s step_avg:666.59ms
step:843/3325 train_time:561.934s step_avg:666.59ms
step:844/3325 train_time:562.603s step_avg:666.59ms
step:845/3325 train_time:563.268s step_avg:666.59ms
step:846/3325 train_time:563.929s step_avg:666.58ms
step:847/3325 train_time:564.590s step_avg:666.58ms
step:848/3325 train_time:565.255s step_avg:666.57ms
step:849/3325 train_time:565.916s step_avg:666.57ms
step:850/3325 train_time:566.578s step_avg:666.56ms
step:851/3325 train_time:567.243s step_avg:666.56ms
step:852/3325 train_time:567.908s step_avg:666.56ms
step:853/3325 train_time:568.569s step_avg:666.55ms
step:854/3325 train_time:569.233s step_avg:666.55ms
step:855/3325 train_time:569.893s step_avg:666.54ms
step:856/3325 train_time:570.564s step_avg:666.55ms
step:857/3325 train_time:571.221s step_avg:666.54ms
step:858/3325 train_time:571.884s step_avg:666.53ms
step:859/3325 train_time:572.547s step_avg:666.53ms
step:860/3325 train_time:573.211s step_avg:666.52ms
step:861/3325 train_time:573.871s step_avg:666.52ms
step:862/3325 train_time:574.538s step_avg:666.52ms
step:863/3325 train_time:575.197s step_avg:666.51ms
step:864/3325 train_time:575.863s step_avg:666.51ms
step:865/3325 train_time:576.527s step_avg:666.50ms
step:866/3325 train_time:577.187s step_avg:666.50ms
step:867/3325 train_time:577.855s step_avg:666.50ms
step:868/3325 train_time:578.512s step_avg:666.49ms
step:869/3325 train_time:579.174s step_avg:666.48ms
step:870/3325 train_time:579.836s step_avg:666.48ms
step:871/3325 train_time:580.502s step_avg:666.48ms
step:872/3325 train_time:581.162s step_avg:666.47ms
step:873/3325 train_time:581.829s step_avg:666.47ms
step:874/3325 train_time:582.489s step_avg:666.46ms
step:875/3325 train_time:583.153s step_avg:666.46ms
step:875/3325 val_loss:3.78575 train_time:583.164s step_avg:662.75ms
step:876/3325 train_time:583.821s step_avg:666.46ms
step:877/3325 train_time:584.477s step_avg:666.45ms
step:878/3325 train_time:585.141s step_avg:666.45ms
step:879/3325 train_time:585.801s step_avg:666.44ms
step:880/3325 train_time:586.461s step_avg:666.43ms
step:881/3325 train_time:587.129s step_avg:666.43ms
step:882/3325 train_time:587.787s step_avg:666.43ms
step:883/3325 train_time:588.453s step_avg:666.43ms
step:884/3325 train_time:589.114s step_avg:666.42ms
step:885/3325 train_time:589.776s step_avg:666.41ms
step:886/3325 train_time:590.435s step_avg:666.40ms
step:887/3325 train_time:591.099s step_avg:666.40ms
step:888/3325 train_time:591.759s step_avg:666.40ms
step:889/3325 train_time:592.421s step_avg:666.39ms
step:890/3325 train_time:593.089s step_avg:666.39ms
step:891/3325 train_time:593.749s step_avg:666.38ms
step:892/3325 train_time:594.418s step_avg:666.39ms
step:893/3325 train_time:595.075s step_avg:666.38ms
step:894/3325 train_time:595.740s step_avg:666.38ms
step:895/3325 train_time:596.400s step_avg:666.37ms
step:896/3325 train_time:597.063s step_avg:666.36ms
step:897/3325 train_time:597.723s step_avg:666.36ms
step:898/3325 train_time:598.384s step_avg:666.35ms
step:899/3325 train_time:599.046s step_avg:666.35ms
step:900/3325 train_time:599.707s step_avg:666.34ms
step:901/3325 train_time:600.367s step_avg:666.33ms
step:902/3325 train_time:601.033s step_avg:666.33ms
step:903/3325 train_time:601.692s step_avg:666.33ms
step:904/3325 train_time:602.353s step_avg:666.32ms
step:905/3325 train_time:603.017s step_avg:666.32ms
step:906/3325 train_time:603.674s step_avg:666.31ms
step:907/3325 train_time:604.338s step_avg:666.30ms
step:908/3325 train_time:604.999s step_avg:666.30ms
step:909/3325 train_time:605.659s step_avg:666.29ms
step:910/3325 train_time:606.321s step_avg:666.29ms
step:911/3325 train_time:606.979s step_avg:666.28ms
step:912/3325 train_time:607.640s step_avg:666.27ms
step:913/3325 train_time:608.300s step_avg:666.27ms
step:914/3325 train_time:608.962s step_avg:666.26ms
step:915/3325 train_time:609.626s step_avg:666.26ms
step:916/3325 train_time:610.287s step_avg:666.25ms
step:917/3325 train_time:610.951s step_avg:666.25ms
step:918/3325 train_time:611.611s step_avg:666.24ms
step:919/3325 train_time:612.269s step_avg:666.23ms
step:920/3325 train_time:612.936s step_avg:666.23ms
step:921/3325 train_time:613.596s step_avg:666.23ms
step:922/3325 train_time:614.258s step_avg:666.22ms
step:923/3325 train_time:614.919s step_avg:666.22ms
step:924/3325 train_time:615.579s step_avg:666.21ms
step:925/3325 train_time:616.241s step_avg:666.21ms
step:926/3325 train_time:616.900s step_avg:666.20ms
step:927/3325 train_time:617.559s step_avg:666.19ms
step:928/3325 train_time:618.222s step_avg:666.19ms
step:929/3325 train_time:618.880s step_avg:666.18ms
step:930/3325 train_time:619.543s step_avg:666.17ms
step:931/3325 train_time:620.204s step_avg:666.17ms
step:932/3325 train_time:620.867s step_avg:666.17ms
step:933/3325 train_time:621.532s step_avg:666.17ms
step:934/3325 train_time:622.194s step_avg:666.16ms
step:935/3325 train_time:622.860s step_avg:666.16ms
step:936/3325 train_time:623.522s step_avg:666.16ms
step:937/3325 train_time:624.185s step_avg:666.15ms
step:938/3325 train_time:624.849s step_avg:666.15ms
step:939/3325 train_time:625.509s step_avg:666.14ms
step:940/3325 train_time:626.173s step_avg:666.14ms
step:941/3325 train_time:626.835s step_avg:666.14ms
step:942/3325 train_time:627.497s step_avg:666.13ms
step:943/3325 train_time:628.159s step_avg:666.13ms
step:944/3325 train_time:628.820s step_avg:666.12ms
step:945/3325 train_time:629.486s step_avg:666.12ms
step:946/3325 train_time:630.148s step_avg:666.12ms
step:947/3325 train_time:630.816s step_avg:666.12ms
step:948/3325 train_time:631.472s step_avg:666.11ms
step:949/3325 train_time:632.137s step_avg:666.11ms
step:950/3325 train_time:632.799s step_avg:666.10ms
step:951/3325 train_time:633.479s step_avg:666.12ms
step:952/3325 train_time:634.145s step_avg:666.12ms
step:953/3325 train_time:634.805s step_avg:666.11ms
step:954/3325 train_time:635.466s step_avg:666.11ms
step:955/3325 train_time:636.134s step_avg:666.11ms
step:956/3325 train_time:636.793s step_avg:666.10ms
step:957/3325 train_time:637.456s step_avg:666.10ms
step:958/3325 train_time:638.120s step_avg:666.10ms
step:959/3325 train_time:638.783s step_avg:666.09ms
step:960/3325 train_time:639.445s step_avg:666.09ms
step:961/3325 train_time:640.105s step_avg:666.08ms
step:962/3325 train_time:640.765s step_avg:666.08ms
step:963/3325 train_time:641.427s step_avg:666.07ms
step:964/3325 train_time:642.090s step_avg:666.07ms
step:965/3325 train_time:642.753s step_avg:666.07ms
step:966/3325 train_time:643.419s step_avg:666.06ms
step:967/3325 train_time:644.077s step_avg:666.06ms
step:968/3325 train_time:644.739s step_avg:666.05ms
step:969/3325 train_time:645.401s step_avg:666.05ms
step:970/3325 train_time:646.063s step_avg:666.04ms
step:971/3325 train_time:646.726s step_avg:666.04ms
step:972/3325 train_time:647.388s step_avg:666.04ms
step:973/3325 train_time:648.056s step_avg:666.04ms
step:974/3325 train_time:648.716s step_avg:666.03ms
step:975/3325 train_time:649.375s step_avg:666.03ms
step:976/3325 train_time:650.040s step_avg:666.02ms
step:977/3325 train_time:650.702s step_avg:666.02ms
step:978/3325 train_time:651.362s step_avg:666.01ms
step:979/3325 train_time:652.026s step_avg:666.01ms
step:980/3325 train_time:652.688s step_avg:666.01ms
step:981/3325 train_time:653.354s step_avg:666.01ms
step:982/3325 train_time:654.013s step_avg:666.00ms
step:983/3325 train_time:654.676s step_avg:666.00ms
step:984/3325 train_time:655.339s step_avg:666.00ms
step:985/3325 train_time:656.003s step_avg:665.99ms
step:986/3325 train_time:656.660s step_avg:665.98ms
step:987/3325 train_time:657.322s step_avg:665.98ms
step:988/3325 train_time:657.980s step_avg:665.97ms
step:989/3325 train_time:658.644s step_avg:665.97ms
step:990/3325 train_time:659.303s step_avg:665.96ms
step:991/3325 train_time:659.963s step_avg:665.96ms
step:992/3325 train_time:660.628s step_avg:665.96ms
step:993/3325 train_time:661.290s step_avg:665.95ms
step:994/3325 train_time:661.956s step_avg:665.95ms
step:995/3325 train_time:662.618s step_avg:665.95ms
step:996/3325 train_time:663.278s step_avg:665.94ms
step:997/3325 train_time:663.940s step_avg:665.94ms
step:998/3325 train_time:664.603s step_avg:665.93ms
step:999/3325 train_time:665.266s step_avg:665.93ms
step:1000/3325 train_time:665.932s step_avg:665.93ms
step:1000/3325 val_loss:3.74883 train_time:665.942s step_avg:662.23ms
step:1001/3325 train_time:666.607s step_avg:665.94ms
step:1002/3325 train_time:667.263s step_avg:665.93ms
step:1003/3325 train_time:667.931s step_avg:665.93ms
step:1004/3325 train_time:668.589s step_avg:665.93ms
step:1005/3325 train_time:669.257s step_avg:665.93ms
step:1006/3325 train_time:669.919s step_avg:665.92ms
step:1007/3325 train_time:670.580s step_avg:665.92ms
step:1008/3325 train_time:671.240s step_avg:665.91ms
step:1009/3325 train_time:671.900s step_avg:665.91ms
step:1010/3325 train_time:672.559s step_avg:665.90ms
step:1011/3325 train_time:673.222s step_avg:665.90ms
step:1012/3325 train_time:673.883s step_avg:665.89ms
step:1013/3325 train_time:674.546s step_avg:665.89ms
step:1014/3325 train_time:675.209s step_avg:665.89ms
step:1015/3325 train_time:675.869s step_avg:665.88ms
step:1016/3325 train_time:676.531s step_avg:665.88ms
step:1017/3325 train_time:677.192s step_avg:665.87ms
step:1018/3325 train_time:677.853s step_avg:665.87ms
step:1019/3325 train_time:678.514s step_avg:665.86ms
step:1020/3325 train_time:679.173s step_avg:665.86ms
step:1021/3325 train_time:679.834s step_avg:665.85ms
step:1022/3325 train_time:680.494s step_avg:665.85ms
step:1023/3325 train_time:681.155s step_avg:665.84ms
step:1024/3325 train_time:681.819s step_avg:665.84ms
step:1025/3325 train_time:682.476s step_avg:665.83ms
step:1026/3325 train_time:683.140s step_avg:665.83ms
step:1027/3325 train_time:683.802s step_avg:665.83ms
step:1028/3325 train_time:684.462s step_avg:665.82ms
step:1029/3325 train_time:685.134s step_avg:665.83ms
step:1030/3325 train_time:685.795s step_avg:665.82ms
step:1031/3325 train_time:686.460s step_avg:665.82ms
step:1032/3325 train_time:687.122s step_avg:665.82ms
step:1033/3325 train_time:687.792s step_avg:665.82ms
step:1034/3325 train_time:688.451s step_avg:665.81ms
step:1035/3325 train_time:689.119s step_avg:665.82ms
step:1036/3325 train_time:689.778s step_avg:665.81ms
step:1037/3325 train_time:690.443s step_avg:665.81ms
step:1038/3325 train_time:691.106s step_avg:665.81ms
step:1039/3325 train_time:691.771s step_avg:665.80ms
step:1040/3325 train_time:692.432s step_avg:665.80ms
step:1041/3325 train_time:693.094s step_avg:665.80ms
step:1042/3325 train_time:693.759s step_avg:665.80ms
step:1043/3325 train_time:694.421s step_avg:665.79ms
step:1044/3325 train_time:695.083s step_avg:665.79ms
step:1045/3325 train_time:695.753s step_avg:665.79ms
step:1046/3325 train_time:696.416s step_avg:665.79ms
step:1047/3325 train_time:697.079s step_avg:665.79ms
step:1048/3325 train_time:697.738s step_avg:665.78ms
step:1049/3325 train_time:698.399s step_avg:665.78ms
step:1050/3325 train_time:699.057s step_avg:665.77ms
step:1051/3325 train_time:699.720s step_avg:665.77ms
step:1052/3325 train_time:700.382s step_avg:665.76ms
step:1053/3325 train_time:701.045s step_avg:665.76ms
step:1054/3325 train_time:701.711s step_avg:665.76ms
step:1055/3325 train_time:702.366s step_avg:665.75ms
step:1056/3325 train_time:703.035s step_avg:665.75ms
step:1057/3325 train_time:703.697s step_avg:665.75ms
step:1058/3325 train_time:704.360s step_avg:665.75ms
step:1059/3325 train_time:705.024s step_avg:665.74ms
step:1060/3325 train_time:705.687s step_avg:665.74ms
step:1061/3325 train_time:706.354s step_avg:665.74ms
step:1062/3325 train_time:707.015s step_avg:665.74ms
step:1063/3325 train_time:707.674s step_avg:665.73ms
step:1064/3325 train_time:708.337s step_avg:665.73ms
step:1065/3325 train_time:709.005s step_avg:665.73ms
step:1066/3325 train_time:709.662s step_avg:665.72ms
step:1067/3325 train_time:710.329s step_avg:665.73ms
step:1068/3325 train_time:710.985s step_avg:665.72ms
step:1069/3325 train_time:711.655s step_avg:665.72ms
step:1070/3325 train_time:712.312s step_avg:665.71ms
step:1071/3325 train_time:712.977s step_avg:665.71ms
step:1072/3325 train_time:713.639s step_avg:665.71ms
step:1073/3325 train_time:714.304s step_avg:665.71ms
step:1074/3325 train_time:714.963s step_avg:665.70ms
step:1075/3325 train_time:715.630s step_avg:665.70ms
step:1076/3325 train_time:716.286s step_avg:665.69ms
step:1077/3325 train_time:716.950s step_avg:665.69ms
step:1078/3325 train_time:717.609s step_avg:665.69ms
step:1079/3325 train_time:718.268s step_avg:665.68ms
step:1080/3325 train_time:718.937s step_avg:665.68ms
step:1081/3325 train_time:719.596s step_avg:665.68ms
step:1082/3325 train_time:720.259s step_avg:665.67ms
step:1083/3325 train_time:720.924s step_avg:665.67ms
step:1084/3325 train_time:721.592s step_avg:665.68ms
step:1085/3325 train_time:722.250s step_avg:665.67ms
step:1086/3325 train_time:722.914s step_avg:665.67ms
step:1087/3325 train_time:723.574s step_avg:665.66ms
step:1088/3325 train_time:724.239s step_avg:665.66ms
step:1089/3325 train_time:724.901s step_avg:665.66ms
step:1090/3325 train_time:725.560s step_avg:665.65ms
step:1091/3325 train_time:726.230s step_avg:665.66ms
step:1092/3325 train_time:726.886s step_avg:665.65ms
step:1093/3325 train_time:727.553s step_avg:665.65ms
step:1094/3325 train_time:728.215s step_avg:665.64ms
step:1095/3325 train_time:728.878s step_avg:665.64ms
step:1096/3325 train_time:729.539s step_avg:665.64ms
step:1097/3325 train_time:730.201s step_avg:665.63ms
step:1098/3325 train_time:730.860s step_avg:665.63ms
step:1099/3325 train_time:731.524s step_avg:665.63ms
step:1100/3325 train_time:732.183s step_avg:665.62ms
step:1101/3325 train_time:732.849s step_avg:665.62ms
step:1102/3325 train_time:733.509s step_avg:665.62ms
step:1103/3325 train_time:734.172s step_avg:665.61ms
step:1104/3325 train_time:734.832s step_avg:665.61ms
step:1105/3325 train_time:735.495s step_avg:665.61ms
step:1106/3325 train_time:736.157s step_avg:665.60ms
step:1107/3325 train_time:736.819s step_avg:665.60ms
step:1108/3325 train_time:737.484s step_avg:665.60ms
step:1109/3325 train_time:738.143s step_avg:665.59ms
step:1110/3325 train_time:738.811s step_avg:665.60ms
step:1111/3325 train_time:739.465s step_avg:665.59ms
step:1112/3325 train_time:740.135s step_avg:665.59ms
step:1113/3325 train_time:740.793s step_avg:665.58ms
step:1114/3325 train_time:741.455s step_avg:665.58ms
step:1115/3325 train_time:742.115s step_avg:665.57ms
step:1116/3325 train_time:742.773s step_avg:665.57ms
step:1117/3325 train_time:743.436s step_avg:665.57ms
step:1118/3325 train_time:744.097s step_avg:665.56ms
step:1119/3325 train_time:744.756s step_avg:665.55ms
step:1120/3325 train_time:745.420s step_avg:665.55ms
step:1121/3325 train_time:746.086s step_avg:665.55ms
step:1122/3325 train_time:746.746s step_avg:665.55ms
step:1123/3325 train_time:747.407s step_avg:665.54ms
step:1124/3325 train_time:748.064s step_avg:665.54ms
step:1125/3325 train_time:748.731s step_avg:665.54ms
step:1125/3325 val_loss:3.71876 train_time:748.741s step_avg:662.39ms
step:1126/3325 train_time:749.407s step_avg:665.55ms
step:1127/3325 train_time:750.059s step_avg:665.54ms
step:1128/3325 train_time:750.727s step_avg:665.54ms
step:1129/3325 train_time:751.382s step_avg:665.53ms
step:1130/3325 train_time:752.046s step_avg:665.53ms
step:1131/3325 train_time:752.705s step_avg:665.52ms
step:1132/3325 train_time:753.366s step_avg:665.52ms
step:1133/3325 train_time:754.027s step_avg:665.51ms
step:1134/3325 train_time:754.687s step_avg:665.51ms
step:1135/3325 train_time:755.348s step_avg:665.51ms
step:1136/3325 train_time:756.010s step_avg:665.50ms
step:1137/3325 train_time:756.668s step_avg:665.50ms
step:1138/3325 train_time:757.331s step_avg:665.49ms
step:1139/3325 train_time:757.990s step_avg:665.49ms
step:1140/3325 train_time:758.651s step_avg:665.48ms
step:1141/3325 train_time:759.330s step_avg:665.50ms
step:1142/3325 train_time:759.992s step_avg:665.49ms
step:1143/3325 train_time:760.651s step_avg:665.49ms
step:1144/3325 train_time:761.312s step_avg:665.48ms
step:1145/3325 train_time:761.970s step_avg:665.48ms
step:1146/3325 train_time:762.631s step_avg:665.47ms
step:1147/3325 train_time:763.291s step_avg:665.47ms
step:1148/3325 train_time:763.952s step_avg:665.46ms
step:1149/3325 train_time:764.614s step_avg:665.46ms
step:1150/3325 train_time:765.271s step_avg:665.45ms
step:1151/3325 train_time:765.931s step_avg:665.45ms
step:1152/3325 train_time:766.590s step_avg:665.44ms
step:1153/3325 train_time:767.251s step_avg:665.44ms
step:1154/3325 train_time:767.912s step_avg:665.44ms
step:1155/3325 train_time:768.572s step_avg:665.43ms
step:1156/3325 train_time:769.233s step_avg:665.43ms
step:1157/3325 train_time:769.894s step_avg:665.42ms
step:1158/3325 train_time:770.552s step_avg:665.42ms
step:1159/3325 train_time:771.214s step_avg:665.41ms
step:1160/3325 train_time:771.872s step_avg:665.41ms
step:1161/3325 train_time:772.532s step_avg:665.40ms
step:1162/3325 train_time:773.192s step_avg:665.40ms
step:1163/3325 train_time:773.851s step_avg:665.39ms
step:1164/3325 train_time:774.512s step_avg:665.39ms
step:1165/3325 train_time:775.171s step_avg:665.38ms
step:1166/3325 train_time:775.832s step_avg:665.38ms
step:1167/3325 train_time:776.493s step_avg:665.38ms
step:1168/3325 train_time:777.152s step_avg:665.37ms
step:1169/3325 train_time:777.814s step_avg:665.37ms
step:1170/3325 train_time:778.471s step_avg:665.36ms
step:1171/3325 train_time:779.133s step_avg:665.36ms
step:1172/3325 train_time:779.792s step_avg:665.35ms
step:1173/3325 train_time:780.451s step_avg:665.35ms
step:1174/3325 train_time:781.113s step_avg:665.34ms
step:1175/3325 train_time:781.770s step_avg:665.34ms
step:1176/3325 train_time:782.431s step_avg:665.33ms
step:1177/3325 train_time:783.091s step_avg:665.33ms
step:1178/3325 train_time:783.751s step_avg:665.32ms
step:1179/3325 train_time:784.412s step_avg:665.32ms
step:1180/3325 train_time:785.072s step_avg:665.32ms
step:1181/3325 train_time:785.732s step_avg:665.31ms
step:1182/3325 train_time:786.391s step_avg:665.31ms
step:1183/3325 train_time:787.051s step_avg:665.30ms
step:1184/3325 train_time:787.714s step_avg:665.30ms
step:1185/3325 train_time:788.371s step_avg:665.29ms
step:1186/3325 train_time:789.032s step_avg:665.29ms
step:1187/3325 train_time:789.691s step_avg:665.28ms
step:1188/3325 train_time:790.351s step_avg:665.28ms
step:1189/3325 train_time:791.013s step_avg:665.28ms
step:1190/3325 train_time:791.670s step_avg:665.27ms
step:1191/3325 train_time:792.331s step_avg:665.27ms
step:1192/3325 train_time:792.992s step_avg:665.26ms
step:1193/3325 train_time:793.652s step_avg:665.26ms
step:1194/3325 train_time:794.314s step_avg:665.25ms
step:1195/3325 train_time:794.971s step_avg:665.25ms
step:1196/3325 train_time:795.633s step_avg:665.24ms
step:1197/3325 train_time:796.292s step_avg:665.24ms
step:1198/3325 train_time:796.953s step_avg:665.24ms
step:1199/3325 train_time:797.615s step_avg:665.23ms
step:1200/3325 train_time:798.273s step_avg:665.23ms
step:1201/3325 train_time:798.934s step_avg:665.22ms
step:1202/3325 train_time:799.592s step_avg:665.22ms
step:1203/3325 train_time:800.252s step_avg:665.21ms
step:1204/3325 train_time:800.913s step_avg:665.21ms
step:1205/3325 train_time:801.571s step_avg:665.20ms
step:1206/3325 train_time:802.232s step_avg:665.20ms
step:1207/3325 train_time:802.893s step_avg:665.20ms
step:1208/3325 train_time:803.552s step_avg:665.19ms
step:1209/3325 train_time:804.214s step_avg:665.19ms
step:1210/3325 train_time:804.872s step_avg:665.18ms
step:1211/3325 train_time:805.533s step_avg:665.18ms
step:1212/3325 train_time:806.193s step_avg:665.18ms
step:1213/3325 train_time:806.852s step_avg:665.17ms
step:1214/3325 train_time:807.514s step_avg:665.17ms
step:1215/3325 train_time:808.171s step_avg:665.16ms
step:1216/3325 train_time:808.831s step_avg:665.16ms
step:1217/3325 train_time:809.492s step_avg:665.15ms
step:1218/3325 train_time:810.151s step_avg:665.15ms
step:1219/3325 train_time:810.813s step_avg:665.15ms
step:1220/3325 train_time:811.472s step_avg:665.14ms
step:1221/3325 train_time:812.133s step_avg:665.14ms
step:1222/3325 train_time:812.792s step_avg:665.13ms
step:1223/3325 train_time:813.452s step_avg:665.13ms
step:1224/3325 train_time:814.114s step_avg:665.13ms
step:1225/3325 train_time:814.772s step_avg:665.12ms
step:1226/3325 train_time:815.433s step_avg:665.12ms
step:1227/3325 train_time:816.093s step_avg:665.11ms
step:1228/3325 train_time:816.753s step_avg:665.11ms
step:1229/3325 train_time:817.413s step_avg:665.10ms
step:1230/3325 train_time:818.073s step_avg:665.10ms
step:1231/3325 train_time:818.732s step_avg:665.10ms
step:1232/3325 train_time:819.394s step_avg:665.09ms
step:1233/3325 train_time:820.052s step_avg:665.09ms
step:1234/3325 train_time:820.715s step_avg:665.09ms
step:1235/3325 train_time:821.371s step_avg:665.08ms
step:1236/3325 train_time:822.031s step_avg:665.07ms
step:1237/3325 train_time:822.692s step_avg:665.07ms
step:1238/3325 train_time:823.352s step_avg:665.07ms
step:1239/3325 train_time:824.014s step_avg:665.06ms
step:1240/3325 train_time:824.672s step_avg:665.06ms
step:1241/3325 train_time:825.332s step_avg:665.05ms
step:1242/3325 train_time:825.993s step_avg:665.05ms
step:1243/3325 train_time:826.652s step_avg:665.05ms
step:1244/3325 train_time:827.314s step_avg:665.04ms
step:1245/3325 train_time:827.972s step_avg:665.04ms
step:1246/3325 train_time:828.633s step_avg:665.03ms
step:1247/3325 train_time:829.292s step_avg:665.03ms
step:1248/3325 train_time:829.952s step_avg:665.03ms
step:1249/3325 train_time:830.614s step_avg:665.02ms
step:1250/3325 train_time:831.270s step_avg:665.02ms
step:1250/3325 val_loss:3.68732 train_time:831.281s step_avg:660.32ms
step:1251/3325 train_time:831.944s step_avg:665.02ms
step:1252/3325 train_time:832.602s step_avg:665.02ms
step:1253/3325 train_time:833.260s step_avg:665.01ms
step:1254/3325 train_time:833.924s step_avg:665.01ms
step:1255/3325 train_time:834.583s step_avg:665.01ms
step:1256/3325 train_time:835.243s step_avg:665.00ms
step:1257/3325 train_time:835.905s step_avg:665.00ms
step:1258/3325 train_time:836.563s step_avg:664.99ms
step:1259/3325 train_time:837.224s step_avg:664.99ms
step:1260/3325 train_time:837.885s step_avg:664.99ms
step:1261/3325 train_time:838.544s step_avg:664.98ms
step:1262/3325 train_time:839.207s step_avg:664.98ms
step:1263/3325 train_time:839.865s step_avg:664.98ms
step:1264/3325 train_time:840.527s step_avg:664.97ms
step:1265/3325 train_time:841.185s step_avg:664.97ms
step:1266/3325 train_time:841.844s step_avg:664.96ms
step:1267/3325 train_time:842.506s step_avg:664.96ms
step:1268/3325 train_time:843.163s step_avg:664.96ms
step:1269/3325 train_time:843.824s step_avg:664.95ms
step:1270/3325 train_time:844.485s step_avg:664.95ms
step:1271/3325 train_time:845.144s step_avg:664.94ms
step:1272/3325 train_time:845.805s step_avg:664.94ms
step:1273/3325 train_time:846.463s step_avg:664.94ms
step:1274/3325 train_time:847.123s step_avg:664.93ms
step:1275/3325 train_time:847.785s step_avg:664.93ms
step:1276/3325 train_time:848.443s step_avg:664.92ms
step:1277/3325 train_time:849.105s step_avg:664.92ms
step:1278/3325 train_time:849.763s step_avg:664.92ms
step:1279/3325 train_time:850.424s step_avg:664.91ms
step:1280/3325 train_time:851.085s step_avg:664.91ms
step:1281/3325 train_time:851.745s step_avg:664.91ms
step:1282/3325 train_time:852.409s step_avg:664.91ms
step:1283/3325 train_time:853.068s step_avg:664.90ms
step:1284/3325 train_time:853.729s step_avg:664.90ms
step:1285/3325 train_time:854.388s step_avg:664.89ms
step:1286/3325 train_time:855.048s step_avg:664.89ms
step:1287/3325 train_time:855.711s step_avg:664.89ms
step:1288/3325 train_time:856.375s step_avg:664.89ms
step:1289/3325 train_time:857.035s step_avg:664.88ms
step:1290/3325 train_time:857.698s step_avg:664.88ms
step:1291/3325 train_time:858.356s step_avg:664.88ms
step:1292/3325 train_time:859.022s step_avg:664.88ms
step:1293/3325 train_time:859.682s step_avg:664.87ms
step:1294/3325 train_time:860.343s step_avg:664.87ms
step:1295/3325 train_time:861.005s step_avg:664.87ms
step:1296/3325 train_time:861.662s step_avg:664.86ms
step:1297/3325 train_time:862.322s step_avg:664.86ms
step:1298/3325 train_time:862.982s step_avg:664.86ms
step:1299/3325 train_time:863.642s step_avg:664.85ms
step:1300/3325 train_time:864.304s step_avg:664.85ms
step:1301/3325 train_time:864.963s step_avg:664.84ms
step:1302/3325 train_time:865.624s step_avg:664.84ms
step:1303/3325 train_time:866.285s step_avg:664.84ms
step:1304/3325 train_time:866.945s step_avg:664.83ms
step:1305/3325 train_time:867.606s step_avg:664.83ms
step:1306/3325 train_time:868.263s step_avg:664.83ms
step:1307/3325 train_time:868.925s step_avg:664.82ms
step:1308/3325 train_time:869.584s step_avg:664.82ms
step:1309/3325 train_time:870.244s step_avg:664.82ms
step:1310/3325 train_time:870.905s step_avg:664.81ms
step:1311/3325 train_time:871.565s step_avg:664.81ms
step:1312/3325 train_time:872.225s step_avg:664.81ms
step:1313/3325 train_time:872.885s step_avg:664.80ms
step:1314/3325 train_time:873.545s step_avg:664.80ms
step:1315/3325 train_time:874.206s step_avg:664.80ms
step:1316/3325 train_time:874.865s step_avg:664.79ms
step:1317/3325 train_time:875.525s step_avg:664.79ms
step:1318/3325 train_time:876.184s step_avg:664.78ms
step:1319/3325 train_time:876.845s step_avg:664.78ms
step:1320/3325 train_time:877.507s step_avg:664.78ms
step:1321/3325 train_time:878.165s step_avg:664.77ms
step:1322/3325 train_time:878.825s step_avg:664.77ms
step:1323/3325 train_time:879.487s step_avg:664.77ms
step:1324/3325 train_time:880.144s step_avg:664.76ms
step:1325/3325 train_time:880.807s step_avg:664.76ms
step:1326/3325 train_time:881.464s step_avg:664.75ms
step:1327/3325 train_time:882.125s step_avg:664.75ms
step:1328/3325 train_time:882.784s step_avg:664.75ms
step:1329/3325 train_time:883.444s step_avg:664.74ms
step:1330/3325 train_time:884.105s step_avg:664.74ms
step:1331/3325 train_time:884.788s step_avg:664.75ms
step:1332/3325 train_time:885.449s step_avg:664.75ms
step:1333/3325 train_time:886.110s step_avg:664.75ms
step:1334/3325 train_time:886.770s step_avg:664.75ms
step:1335/3325 train_time:887.434s step_avg:664.74ms
step:1336/3325 train_time:888.096s step_avg:664.74ms
step:1337/3325 train_time:888.755s step_avg:664.74ms
step:1338/3325 train_time:889.420s step_avg:664.74ms
step:1339/3325 train_time:890.077s step_avg:664.73ms
step:1340/3325 train_time:890.740s step_avg:664.73ms
step:1341/3325 train_time:891.402s step_avg:664.73ms
step:1342/3325 train_time:892.061s step_avg:664.73ms
step:1343/3325 train_time:892.723s step_avg:664.72ms
step:1344/3325 train_time:893.384s step_avg:664.72ms
step:1345/3325 train_time:894.044s step_avg:664.72ms
step:1346/3325 train_time:894.707s step_avg:664.72ms
step:1347/3325 train_time:895.364s step_avg:664.71ms
step:1348/3325 train_time:896.025s step_avg:664.71ms
step:1349/3325 train_time:896.683s step_avg:664.70ms
step:1350/3325 train_time:897.344s step_avg:664.70ms
step:1351/3325 train_time:898.006s step_avg:664.70ms
step:1352/3325 train_time:898.664s step_avg:664.69ms
step:1353/3325 train_time:899.325s step_avg:664.69ms
step:1354/3325 train_time:899.984s step_avg:664.69ms
step:1355/3325 train_time:900.644s step_avg:664.68ms
step:1356/3325 train_time:901.306s step_avg:664.68ms
step:1357/3325 train_time:901.965s step_avg:664.68ms
step:1358/3325 train_time:902.624s step_avg:664.67ms
step:1359/3325 train_time:903.285s step_avg:664.67ms
step:1360/3325 train_time:903.944s step_avg:664.66ms
step:1361/3325 train_time:904.605s step_avg:664.66ms
step:1362/3325 train_time:905.263s step_avg:664.66ms
step:1363/3325 train_time:905.924s step_avg:664.65ms
step:1364/3325 train_time:906.584s step_avg:664.65ms
step:1365/3325 train_time:907.244s step_avg:664.65ms
step:1366/3325 train_time:907.908s step_avg:664.65ms
step:1367/3325 train_time:908.567s step_avg:664.64ms
step:1368/3325 train_time:909.229s step_avg:664.64ms
step:1369/3325 train_time:909.888s step_avg:664.64ms
step:1370/3325 train_time:910.548s step_avg:664.63ms
step:1371/3325 train_time:911.211s step_avg:664.63ms
step:1372/3325 train_time:911.871s step_avg:664.63ms
step:1373/3325 train_time:912.532s step_avg:664.63ms
step:1374/3325 train_time:913.192s step_avg:664.62ms
step:1375/3325 train_time:913.852s step_avg:664.62ms
step:1375/3325 val_loss:3.65616 train_time:913.863s step_avg:660.66ms
step:1376/3325 train_time:914.523s step_avg:664.62ms
step:1377/3325 train_time:915.178s step_avg:664.62ms
step:1378/3325 train_time:915.840s step_avg:664.62ms
step:1379/3325 train_time:916.501s step_avg:664.61ms
step:1380/3325 train_time:917.164s step_avg:664.61ms
step:1381/3325 train_time:917.824s step_avg:664.61ms
step:1382/3325 train_time:918.488s step_avg:664.61ms
step:1383/3325 train_time:919.143s step_avg:664.60ms
step:1384/3325 train_time:919.810s step_avg:664.60ms
step:1385/3325 train_time:920.469s step_avg:664.60ms
step:1386/3325 train_time:921.129s step_avg:664.60ms
step:1387/3325 train_time:921.791s step_avg:664.59ms
step:1388/3325 train_time:922.450s step_avg:664.59ms
step:1389/3325 train_time:923.112s step_avg:664.59ms
step:1390/3325 train_time:923.771s step_avg:664.58ms
step:1391/3325 train_time:924.432s step_avg:664.58ms
step:1392/3325 train_time:925.094s step_avg:664.58ms
step:1393/3325 train_time:925.753s step_avg:664.57ms
step:1394/3325 train_time:926.414s step_avg:664.57ms
step:1395/3325 train_time:927.074s step_avg:664.57ms
step:1396/3325 train_time:927.735s step_avg:664.57ms
step:1397/3325 train_time:928.397s step_avg:664.56ms
step:1398/3325 train_time:929.056s step_avg:664.56ms
step:1399/3325 train_time:929.716s step_avg:664.56ms
step:1400/3325 train_time:930.375s step_avg:664.55ms
step:1401/3325 train_time:931.035s step_avg:664.55ms
step:1402/3325 train_time:931.697s step_avg:664.55ms
step:1403/3325 train_time:932.357s step_avg:664.55ms
step:1404/3325 train_time:933.019s step_avg:664.54ms
step:1405/3325 train_time:933.678s step_avg:664.54ms
step:1406/3325 train_time:934.336s step_avg:664.54ms
step:1407/3325 train_time:934.997s step_avg:664.53ms
step:1408/3325 train_time:935.655s step_avg:664.53ms
step:1409/3325 train_time:936.316s step_avg:664.53ms
step:1410/3325 train_time:936.974s step_avg:664.52ms
step:1411/3325 train_time:937.635s step_avg:664.52ms
step:1412/3325 train_time:938.295s step_avg:664.52ms
step:1413/3325 train_time:938.955s step_avg:664.51ms
step:1414/3325 train_time:939.616s step_avg:664.51ms
step:1415/3325 train_time:940.276s step_avg:664.51ms
step:1416/3325 train_time:940.935s step_avg:664.50ms
step:1417/3325 train_time:941.598s step_avg:664.50ms
step:1418/3325 train_time:942.256s step_avg:664.50ms
step:1419/3325 train_time:942.918s step_avg:664.49ms
step:1420/3325 train_time:943.577s step_avg:664.49ms
step:1421/3325 train_time:944.236s step_avg:664.49ms
step:1422/3325 train_time:944.898s step_avg:664.49ms
step:1423/3325 train_time:945.557s step_avg:664.48ms
step:1424/3325 train_time:946.219s step_avg:664.48ms
step:1425/3325 train_time:946.878s step_avg:664.48ms
step:1426/3325 train_time:947.538s step_avg:664.47ms
step:1427/3325 train_time:948.198s step_avg:664.47ms
step:1428/3325 train_time:948.857s step_avg:664.47ms
step:1429/3325 train_time:949.518s step_avg:664.46ms
step:1430/3325 train_time:950.176s step_avg:664.46ms
step:1431/3325 train_time:950.835s step_avg:664.46ms
step:1432/3325 train_time:951.495s step_avg:664.45ms
step:1433/3325 train_time:952.154s step_avg:664.45ms
step:1434/3325 train_time:952.813s step_avg:664.44ms
step:1435/3325 train_time:953.474s step_avg:664.44ms
step:1436/3325 train_time:954.134s step_avg:664.44ms
step:1437/3325 train_time:954.795s step_avg:664.44ms
step:1438/3325 train_time:955.454s step_avg:664.43ms
step:1439/3325 train_time:956.116s step_avg:664.43ms
step:1440/3325 train_time:956.776s step_avg:664.43ms
step:1441/3325 train_time:957.435s step_avg:664.42ms
step:1442/3325 train_time:958.095s step_avg:664.42ms
step:1443/3325 train_time:958.755s step_avg:664.42ms
step:1444/3325 train_time:959.414s step_avg:664.41ms
step:1445/3325 train_time:960.074s step_avg:664.41ms
step:1446/3325 train_time:960.734s step_avg:664.41ms
step:1447/3325 train_time:961.395s step_avg:664.41ms
step:1448/3325 train_time:962.052s step_avg:664.40ms
step:1449/3325 train_time:962.713s step_avg:664.40ms
step:1450/3325 train_time:963.373s step_avg:664.40ms
step:1451/3325 train_time:964.035s step_avg:664.39ms
step:1452/3325 train_time:964.696s step_avg:664.39ms
step:1453/3325 train_time:965.354s step_avg:664.39ms
step:1454/3325 train_time:966.014s step_avg:664.38ms
step:1455/3325 train_time:966.674s step_avg:664.38ms
step:1456/3325 train_time:967.334s step_avg:664.38ms
step:1457/3325 train_time:967.995s step_avg:664.38ms
step:1458/3325 train_time:968.655s step_avg:664.37ms
step:1459/3325 train_time:969.315s step_avg:664.37ms
step:1460/3325 train_time:969.975s step_avg:664.37ms
step:1461/3325 train_time:970.635s step_avg:664.36ms
step:1462/3325 train_time:971.296s step_avg:664.36ms
step:1463/3325 train_time:971.954s step_avg:664.36ms
step:1464/3325 train_time:972.615s step_avg:664.35ms
step:1465/3325 train_time:973.275s step_avg:664.35ms
step:1466/3325 train_time:973.935s step_avg:664.35ms
step:1467/3325 train_time:974.597s step_avg:664.35ms
step:1468/3325 train_time:975.255s step_avg:664.34ms
step:1469/3325 train_time:975.915s step_avg:664.34ms
step:1470/3325 train_time:976.575s step_avg:664.34ms
step:1471/3325 train_time:977.233s step_avg:664.33ms
step:1472/3325 train_time:977.895s step_avg:664.33ms
step:1473/3325 train_time:978.552s step_avg:664.33ms
step:1474/3325 train_time:979.214s step_avg:664.32ms
step:1475/3325 train_time:979.873s step_avg:664.32ms
step:1476/3325 train_time:980.535s step_avg:664.32ms
step:1477/3325 train_time:981.197s step_avg:664.32ms
step:1478/3325 train_time:981.854s step_avg:664.31ms
step:1479/3325 train_time:982.515s step_avg:664.31ms
step:1480/3325 train_time:983.175s step_avg:664.31ms
step:1481/3325 train_time:983.834s step_avg:664.30ms
step:1482/3325 train_time:984.494s step_avg:664.30ms
step:1483/3325 train_time:985.153s step_avg:664.30ms
step:1484/3325 train_time:985.815s step_avg:664.30ms
step:1485/3325 train_time:986.475s step_avg:664.29ms
step:1486/3325 train_time:987.134s step_avg:664.29ms
step:1487/3325 train_time:987.797s step_avg:664.29ms
step:1488/3325 train_time:988.454s step_avg:664.28ms
step:1489/3325 train_time:989.115s step_avg:664.28ms
step:1490/3325 train_time:989.776s step_avg:664.28ms
step:1491/3325 train_time:990.435s step_avg:664.28ms
step:1492/3325 train_time:991.097s step_avg:664.27ms
step:1493/3325 train_time:991.755s step_avg:664.27ms
step:1494/3325 train_time:992.415s step_avg:664.27ms
step:1495/3325 train_time:993.075s step_avg:664.26ms
step:1496/3325 train_time:993.734s step_avg:664.26ms
step:1497/3325 train_time:994.396s step_avg:664.26ms
step:1498/3325 train_time:995.053s step_avg:664.25ms
step:1499/3325 train_time:995.713s step_avg:664.25ms
step:1500/3325 train_time:996.372s step_avg:664.25ms
step:1500/3325 val_loss:3.62567 train_time:996.382s step_avg:660.16ms
step:1501/3325 train_time:997.043s step_avg:664.25ms
step:1502/3325 train_time:997.696s step_avg:664.25ms
step:1503/3325 train_time:998.364s step_avg:664.25ms
step:1504/3325 train_time:999.019s step_avg:664.24ms
step:1505/3325 train_time:999.684s step_avg:664.24ms
step:1506/3325 train_time:1000.338s step_avg:664.24ms
step:1507/3325 train_time:1001.005s step_avg:664.24ms
step:1508/3325 train_time:1001.662s step_avg:664.23ms
step:1509/3325 train_time:1002.324s step_avg:664.23ms
step:1510/3325 train_time:1002.984s step_avg:664.23ms
step:1511/3325 train_time:1003.639s step_avg:664.22ms
step:1512/3325 train_time:1004.306s step_avg:664.22ms
step:1513/3325 train_time:1004.964s step_avg:664.22ms
step:1514/3325 train_time:1005.625s step_avg:664.22ms
step:1515/3325 train_time:1006.286s step_avg:664.22ms
step:1516/3325 train_time:1006.941s step_avg:664.21ms
step:1517/3325 train_time:1007.607s step_avg:664.21ms
step:1518/3325 train_time:1008.266s step_avg:664.21ms
step:1519/3325 train_time:1008.929s step_avg:664.21ms
step:1520/3325 train_time:1009.589s step_avg:664.20ms
step:1521/3325 train_time:1010.274s step_avg:664.22ms
step:1522/3325 train_time:1010.933s step_avg:664.21ms
step:1523/3325 train_time:1011.593s step_avg:664.21ms
step:1524/3325 train_time:1012.250s step_avg:664.21ms
step:1525/3325 train_time:1012.910s step_avg:664.20ms
step:1526/3325 train_time:1013.572s step_avg:664.20ms
step:1527/3325 train_time:1014.231s step_avg:664.20ms
step:1528/3325 train_time:1014.892s step_avg:664.20ms
step:1529/3325 train_time:1015.551s step_avg:664.19ms
step:1530/3325 train_time:1016.212s step_avg:664.19ms
step:1531/3325 train_time:1016.871s step_avg:664.19ms
step:1532/3325 train_time:1017.531s step_avg:664.18ms
step:1533/3325 train_time:1018.192s step_avg:664.18ms
step:1534/3325 train_time:1018.850s step_avg:664.18ms
step:1535/3325 train_time:1019.509s step_avg:664.18ms
step:1536/3325 train_time:1020.170s step_avg:664.17ms
step:1537/3325 train_time:1020.830s step_avg:664.17ms
step:1538/3325 train_time:1021.491s step_avg:664.17ms
step:1539/3325 train_time:1022.150s step_avg:664.16ms
step:1540/3325 train_time:1022.811s step_avg:664.16ms
step:1541/3325 train_time:1023.472s step_avg:664.16ms
step:1542/3325 train_time:1024.131s step_avg:664.16ms
step:1543/3325 train_time:1024.792s step_avg:664.16ms
step:1544/3325 train_time:1025.456s step_avg:664.16ms
step:1545/3325 train_time:1026.117s step_avg:664.15ms
step:1546/3325 train_time:1026.779s step_avg:664.15ms
step:1547/3325 train_time:1027.439s step_avg:664.15ms
step:1548/3325 train_time:1028.109s step_avg:664.15ms
step:1549/3325 train_time:1028.769s step_avg:664.15ms
step:1550/3325 train_time:1029.430s step_avg:664.15ms
step:1551/3325 train_time:1030.095s step_avg:664.15ms
step:1552/3325 train_time:1030.752s step_avg:664.14ms
step:1553/3325 train_time:1031.413s step_avg:664.14ms
step:1554/3325 train_time:1032.072s step_avg:664.14ms
step:1555/3325 train_time:1032.735s step_avg:664.14ms
step:1556/3325 train_time:1033.395s step_avg:664.14ms
step:1557/3325 train_time:1034.054s step_avg:664.13ms
step:1558/3325 train_time:1034.713s step_avg:664.13ms
step:1559/3325 train_time:1035.373s step_avg:664.13ms
step:1560/3325 train_time:1036.031s step_avg:664.12ms
step:1561/3325 train_time:1036.693s step_avg:664.12ms
step:1562/3325 train_time:1037.356s step_avg:664.12ms
step:1563/3325 train_time:1038.017s step_avg:664.12ms
step:1564/3325 train_time:1038.675s step_avg:664.11ms
step:1565/3325 train_time:1039.333s step_avg:664.11ms
step:1566/3325 train_time:1039.993s step_avg:664.11ms
step:1567/3325 train_time:1040.652s step_avg:664.10ms
step:1568/3325 train_time:1041.313s step_avg:664.10ms
step:1569/3325 train_time:1041.975s step_avg:664.10ms
step:1570/3325 train_time:1042.634s step_avg:664.10ms
step:1571/3325 train_time:1043.295s step_avg:664.10ms
step:1572/3325 train_time:1043.954s step_avg:664.09ms
step:1573/3325 train_time:1044.616s step_avg:664.09ms
step:1574/3325 train_time:1045.277s step_avg:664.09ms
step:1575/3325 train_time:1045.935s step_avg:664.09ms
step:1576/3325 train_time:1046.604s step_avg:664.09ms
step:1577/3325 train_time:1047.259s step_avg:664.08ms
step:1578/3325 train_time:1047.924s step_avg:664.08ms
step:1579/3325 train_time:1048.581s step_avg:664.08ms
step:1580/3325 train_time:1049.243s step_avg:664.08ms
step:1581/3325 train_time:1049.907s step_avg:664.08ms
step:1582/3325 train_time:1050.567s step_avg:664.07ms
step:1583/3325 train_time:1051.231s step_avg:664.08ms
step:1584/3325 train_time:1051.892s step_avg:664.07ms
step:1585/3325 train_time:1052.557s step_avg:664.07ms
step:1586/3325 train_time:1053.217s step_avg:664.07ms
step:1587/3325 train_time:1053.882s step_avg:664.07ms
step:1588/3325 train_time:1054.537s step_avg:664.07ms
step:1589/3325 train_time:1055.208s step_avg:664.07ms
step:1590/3325 train_time:1055.868s step_avg:664.07ms
step:1591/3325 train_time:1056.534s step_avg:664.07ms
step:1592/3325 train_time:1057.193s step_avg:664.07ms
step:1593/3325 train_time:1057.854s step_avg:664.06ms
step:1594/3325 train_time:1058.524s step_avg:664.07ms
step:1595/3325 train_time:1059.183s step_avg:664.06ms
step:1596/3325 train_time:1059.844s step_avg:664.06ms
step:1597/3325 train_time:1060.509s step_avg:664.06ms
step:1598/3325 train_time:1061.172s step_avg:664.06ms
step:1599/3325 train_time:1061.832s step_avg:664.06ms
step:1600/3325 train_time:1062.494s step_avg:664.06ms
step:1601/3325 train_time:1063.154s step_avg:664.06ms
step:1602/3325 train_time:1063.818s step_avg:664.06ms
step:1603/3325 train_time:1064.478s step_avg:664.05ms
step:1604/3325 train_time:1065.140s step_avg:664.05ms
step:1605/3325 train_time:1065.809s step_avg:664.06ms
step:1606/3325 train_time:1066.470s step_avg:664.05ms
step:1607/3325 train_time:1067.129s step_avg:664.05ms
step:1608/3325 train_time:1067.789s step_avg:664.05ms
step:1609/3325 train_time:1068.448s step_avg:664.04ms
step:1610/3325 train_time:1069.110s step_avg:664.04ms
step:1611/3325 train_time:1069.770s step_avg:664.04ms
step:1612/3325 train_time:1070.432s step_avg:664.04ms
step:1613/3325 train_time:1071.094s step_avg:664.04ms
step:1614/3325 train_time:1071.751s step_avg:664.03ms
step:1615/3325 train_time:1072.413s step_avg:664.03ms
step:1616/3325 train_time:1073.071s step_avg:664.03ms
step:1617/3325 train_time:1073.730s step_avg:664.03ms
step:1618/3325 train_time:1074.392s step_avg:664.02ms
step:1619/3325 train_time:1075.052s step_avg:664.02ms
step:1620/3325 train_time:1075.716s step_avg:664.02ms
step:1621/3325 train_time:1076.374s step_avg:664.02ms
step:1622/3325 train_time:1077.036s step_avg:664.02ms
step:1623/3325 train_time:1077.703s step_avg:664.02ms
step:1624/3325 train_time:1078.364s step_avg:664.02ms
step:1625/3325 train_time:1079.028s step_avg:664.02ms
step:1625/3325 val_loss:3.60819 train_time:1079.038s step_avg:661.25ms
step:1626/3325 train_time:1079.703s step_avg:664.02ms
step:1627/3325 train_time:1080.357s step_avg:664.02ms
step:1628/3325 train_time:1081.025s step_avg:664.02ms
step:1629/3325 train_time:1081.683s step_avg:664.02ms
step:1630/3325 train_time:1082.347s step_avg:664.02ms
step:1631/3325 train_time:1083.006s step_avg:664.01ms
step:1632/3325 train_time:1083.669s step_avg:664.01ms
step:1633/3325 train_time:1084.332s step_avg:664.01ms
step:1634/3325 train_time:1084.993s step_avg:664.01ms
step:1635/3325 train_time:1085.658s step_avg:664.01ms
step:1636/3325 train_time:1086.316s step_avg:664.01ms
step:1637/3325 train_time:1086.986s step_avg:664.01ms
step:1638/3325 train_time:1087.640s step_avg:664.00ms
step:1639/3325 train_time:1088.306s step_avg:664.01ms
step:1640/3325 train_time:1088.966s step_avg:664.00ms
step:1641/3325 train_time:1089.631s step_avg:664.00ms
step:1642/3325 train_time:1090.293s step_avg:664.00ms
step:1643/3325 train_time:1090.954s step_avg:664.00ms
step:1644/3325 train_time:1091.624s step_avg:664.00ms
step:1645/3325 train_time:1092.283s step_avg:664.00ms
step:1646/3325 train_time:1092.941s step_avg:664.00ms
step:1647/3325 train_time:1093.604s step_avg:664.00ms
step:1648/3325 train_time:1094.266s step_avg:664.00ms
step:1649/3325 train_time:1094.928s step_avg:664.00ms
step:1650/3325 train_time:1095.590s step_avg:663.99ms
step:1651/3325 train_time:1096.249s step_avg:663.99ms
step:1652/3325 train_time:1096.911s step_avg:663.99ms
step:1653/3325 train_time:1097.569s step_avg:663.99ms
step:1654/3325 train_time:1098.231s step_avg:663.99ms
step:1655/3325 train_time:1098.891s step_avg:663.98ms
step:1656/3325 train_time:1099.552s step_avg:663.98ms
step:1657/3325 train_time:1100.213s step_avg:663.98ms
step:1658/3325 train_time:1100.874s step_avg:663.98ms
step:1659/3325 train_time:1101.535s step_avg:663.98ms
step:1660/3325 train_time:1102.200s step_avg:663.98ms
step:1661/3325 train_time:1102.862s step_avg:663.97ms
step:1662/3325 train_time:1103.523s step_avg:663.97ms
step:1663/3325 train_time:1104.188s step_avg:663.97ms
step:1664/3325 train_time:1104.846s step_avg:663.97ms
step:1665/3325 train_time:1105.508s step_avg:663.97ms
step:1666/3325 train_time:1106.168s step_avg:663.97ms
step:1667/3325 train_time:1106.829s step_avg:663.96ms
step:1668/3325 train_time:1107.491s step_avg:663.96ms
step:1669/3325 train_time:1108.151s step_avg:663.96ms
step:1670/3325 train_time:1108.815s step_avg:663.96ms
step:1671/3325 train_time:1109.475s step_avg:663.96ms
step:1672/3325 train_time:1110.138s step_avg:663.96ms
step:1673/3325 train_time:1110.802s step_avg:663.96ms
step:1674/3325 train_time:1111.465s step_avg:663.96ms
step:1675/3325 train_time:1112.124s step_avg:663.95ms
step:1676/3325 train_time:1112.790s step_avg:663.96ms
step:1677/3325 train_time:1113.452s step_avg:663.95ms
step:1678/3325 train_time:1114.114s step_avg:663.95ms
step:1679/3325 train_time:1114.774s step_avg:663.95ms
step:1680/3325 train_time:1115.432s step_avg:663.95ms
step:1681/3325 train_time:1116.099s step_avg:663.95ms
step:1682/3325 train_time:1116.756s step_avg:663.95ms
step:1683/3325 train_time:1117.421s step_avg:663.95ms
step:1684/3325 train_time:1118.079s step_avg:663.94ms
step:1685/3325 train_time:1118.743s step_avg:663.94ms
step:1686/3325 train_time:1119.403s step_avg:663.94ms
step:1687/3325 train_time:1120.064s step_avg:663.94ms
step:1688/3325 train_time:1120.728s step_avg:663.94ms
step:1689/3325 train_time:1121.388s step_avg:663.94ms
step:1690/3325 train_time:1122.052s step_avg:663.94ms
step:1691/3325 train_time:1122.711s step_avg:663.93ms
step:1692/3325 train_time:1123.375s step_avg:663.93ms
step:1693/3325 train_time:1124.033s step_avg:663.93ms
step:1694/3325 train_time:1124.696s step_avg:663.93ms
step:1695/3325 train_time:1125.356s step_avg:663.93ms
step:1696/3325 train_time:1126.023s step_avg:663.93ms
step:1697/3325 train_time:1126.682s step_avg:663.93ms
step:1698/3325 train_time:1127.340s step_avg:663.92ms
step:1699/3325 train_time:1128.008s step_avg:663.92ms
step:1700/3325 train_time:1128.665s step_avg:663.92ms
step:1701/3325 train_time:1129.327s step_avg:663.92ms
step:1702/3325 train_time:1129.988s step_avg:663.92ms
step:1703/3325 train_time:1130.646s step_avg:663.91ms
step:1704/3325 train_time:1131.308s step_avg:663.91ms
step:1705/3325 train_time:1131.967s step_avg:663.91ms
step:1706/3325 train_time:1132.626s step_avg:663.91ms
step:1707/3325 train_time:1133.289s step_avg:663.91ms
step:1708/3325 train_time:1133.947s step_avg:663.90ms
step:1709/3325 train_time:1134.609s step_avg:663.90ms
step:1710/3325 train_time:1135.270s step_avg:663.90ms
step:1711/3325 train_time:1135.952s step_avg:663.91ms
step:1712/3325 train_time:1136.613s step_avg:663.91ms
step:1713/3325 train_time:1137.274s step_avg:663.91ms
step:1714/3325 train_time:1137.934s step_avg:663.91ms
step:1715/3325 train_time:1138.596s step_avg:663.90ms
step:1716/3325 train_time:1139.258s step_avg:663.90ms
step:1717/3325 train_time:1139.918s step_avg:663.90ms
step:1718/3325 train_time:1140.581s step_avg:663.90ms
step:1719/3325 train_time:1141.235s step_avg:663.89ms
step:1720/3325 train_time:1141.904s step_avg:663.90ms
step:1721/3325 train_time:1142.561s step_avg:663.89ms
step:1722/3325 train_time:1143.224s step_avg:663.89ms
step:1723/3325 train_time:1143.886s step_avg:663.89ms
step:1724/3325 train_time:1144.547s step_avg:663.89ms
step:1725/3325 train_time:1145.210s step_avg:663.89ms
step:1726/3325 train_time:1145.876s step_avg:663.89ms
step:1727/3325 train_time:1146.535s step_avg:663.89ms
step:1728/3325 train_time:1147.204s step_avg:663.89ms
step:1729/3325 train_time:1147.863s step_avg:663.89ms
step:1730/3325 train_time:1148.526s step_avg:663.89ms
step:1731/3325 train_time:1149.188s step_avg:663.89ms
step:1732/3325 train_time:1149.853s step_avg:663.89ms
step:1733/3325 train_time:1150.515s step_avg:663.89ms
step:1734/3325 train_time:1151.174s step_avg:663.88ms
step:1735/3325 train_time:1151.833s step_avg:663.88ms
step:1736/3325 train_time:1152.500s step_avg:663.88ms
step:1737/3325 train_time:1153.157s step_avg:663.88ms
step:1738/3325 train_time:1153.822s step_avg:663.88ms
step:1739/3325 train_time:1154.478s step_avg:663.87ms
step:1740/3325 train_time:1155.143s step_avg:663.88ms
step:1741/3325 train_time:1155.801s step_avg:663.87ms
step:1742/3325 train_time:1156.464s step_avg:663.87ms
step:1743/3325 train_time:1157.126s step_avg:663.87ms
step:1744/3325 train_time:1157.787s step_avg:663.87ms
step:1745/3325 train_time:1158.449s step_avg:663.87ms
step:1746/3325 train_time:1159.115s step_avg:663.87ms
step:1747/3325 train_time:1159.774s step_avg:663.87ms
step:1748/3325 train_time:1160.434s step_avg:663.86ms
step:1749/3325 train_time:1161.097s step_avg:663.86ms
step:1750/3325 train_time:1161.759s step_avg:663.86ms
step:1750/3325 val_loss:3.57533 train_time:1161.770s step_avg:661.85ms
step:1751/3325 train_time:1162.432s step_avg:663.87ms
step:1752/3325 train_time:1163.089s step_avg:663.86ms
step:1753/3325 train_time:1163.753s step_avg:663.86ms
step:1754/3325 train_time:1164.415s step_avg:663.86ms
step:1755/3325 train_time:1165.080s step_avg:663.86ms
step:1756/3325 train_time:1165.734s step_avg:663.86ms
step:1757/3325 train_time:1166.401s step_avg:663.86ms
step:1758/3325 train_time:1167.061s step_avg:663.86ms
step:1759/3325 train_time:1167.722s step_avg:663.86ms
step:1760/3325 train_time:1168.383s step_avg:663.85ms
step:1761/3325 train_time:1169.042s step_avg:663.85ms
step:1762/3325 train_time:1169.704s step_avg:663.85ms
step:1763/3325 train_time:1170.363s step_avg:663.85ms
step:1764/3325 train_time:1171.024s step_avg:663.85ms
step:1765/3325 train_time:1171.684s step_avg:663.84ms
step:1766/3325 train_time:1172.343s step_avg:663.84ms
step:1767/3325 train_time:1173.004s step_avg:663.84ms
step:1768/3325 train_time:1173.664s step_avg:663.84ms
step:1769/3325 train_time:1174.324s step_avg:663.84ms
step:1770/3325 train_time:1174.985s step_avg:663.83ms
step:1771/3325 train_time:1175.644s step_avg:663.83ms
step:1772/3325 train_time:1176.305s step_avg:663.83ms
step:1773/3325 train_time:1176.964s step_avg:663.83ms
step:1774/3325 train_time:1177.625s step_avg:663.82ms
step:1775/3325 train_time:1178.286s step_avg:663.82ms
step:1776/3325 train_time:1178.945s step_avg:663.82ms
step:1777/3325 train_time:1179.605s step_avg:663.82ms
step:1778/3325 train_time:1180.266s step_avg:663.82ms
step:1779/3325 train_time:1180.925s step_avg:663.81ms
step:1780/3325 train_time:1181.586s step_avg:663.81ms
step:1781/3325 train_time:1182.245s step_avg:663.81ms
step:1782/3325 train_time:1182.906s step_avg:663.81ms
step:1783/3325 train_time:1183.566s step_avg:663.81ms
step:1784/3325 train_time:1184.227s step_avg:663.80ms
step:1785/3325 train_time:1184.887s step_avg:663.80ms
step:1786/3325 train_time:1185.545s step_avg:663.80ms
step:1787/3325 train_time:1186.205s step_avg:663.80ms
step:1788/3325 train_time:1186.866s step_avg:663.80ms
step:1789/3325 train_time:1187.526s step_avg:663.79ms
step:1790/3325 train_time:1188.185s step_avg:663.79ms
step:1791/3325 train_time:1188.845s step_avg:663.79ms
step:1792/3325 train_time:1189.504s step_avg:663.79ms
step:1793/3325 train_time:1190.165s step_avg:663.78ms
step:1794/3325 train_time:1190.824s step_avg:663.78ms
step:1795/3325 train_time:1191.485s step_avg:663.78ms
step:1796/3325 train_time:1192.145s step_avg:663.78ms
step:1797/3325 train_time:1192.806s step_avg:663.78ms
step:1798/3325 train_time:1193.467s step_avg:663.77ms
step:1799/3325 train_time:1194.126s step_avg:663.77ms
step:1800/3325 train_time:1194.789s step_avg:663.77ms
step:1801/3325 train_time:1195.449s step_avg:663.77ms
step:1802/3325 train_time:1196.109s step_avg:663.77ms
step:1803/3325 train_time:1196.769s step_avg:663.77ms
step:1804/3325 train_time:1197.427s step_avg:663.76ms
step:1805/3325 train_time:1198.089s step_avg:663.76ms
step:1806/3325 train_time:1198.748s step_avg:663.76ms
step:1807/3325 train_time:1199.409s step_avg:663.76ms
step:1808/3325 train_time:1200.070s step_avg:663.76ms
step:1809/3325 train_time:1200.727s step_avg:663.75ms
step:1810/3325 train_time:1201.389s step_avg:663.75ms
step:1811/3325 train_time:1202.046s step_avg:663.75ms
step:1812/3325 train_time:1202.706s step_avg:663.75ms
step:1813/3325 train_time:1203.366s step_avg:663.74ms
step:1814/3325 train_time:1204.025s step_avg:663.74ms
step:1815/3325 train_time:1204.686s step_avg:663.74ms
step:1816/3325 train_time:1205.345s step_avg:663.74ms
step:1817/3325 train_time:1206.005s step_avg:663.73ms
step:1818/3325 train_time:1206.666s step_avg:663.73ms
step:1819/3325 train_time:1207.326s step_avg:663.73ms
step:1820/3325 train_time:1207.988s step_avg:663.73ms
step:1821/3325 train_time:1208.646s step_avg:663.73ms
step:1822/3325 train_time:1209.306s step_avg:663.72ms
step:1823/3325 train_time:1209.967s step_avg:663.72ms
step:1824/3325 train_time:1210.626s step_avg:663.72ms
step:1825/3325 train_time:1211.288s step_avg:663.72ms
step:1826/3325 train_time:1211.945s step_avg:663.72ms
step:1827/3325 train_time:1212.605s step_avg:663.71ms
step:1828/3325 train_time:1213.267s step_avg:663.71ms
step:1829/3325 train_time:1213.926s step_avg:663.71ms
step:1830/3325 train_time:1214.587s step_avg:663.71ms
step:1831/3325 train_time:1215.246s step_avg:663.71ms
step:1832/3325 train_time:1215.906s step_avg:663.70ms
step:1833/3325 train_time:1216.566s step_avg:663.70ms
step:1834/3325 train_time:1217.225s step_avg:663.70ms
step:1835/3325 train_time:1217.888s step_avg:663.70ms
step:1836/3325 train_time:1218.545s step_avg:663.70ms
step:1837/3325 train_time:1219.206s step_avg:663.69ms
step:1838/3325 train_time:1219.866s step_avg:663.69ms
step:1839/3325 train_time:1220.525s step_avg:663.69ms
step:1840/3325 train_time:1221.187s step_avg:663.69ms
step:1841/3325 train_time:1221.845s step_avg:663.69ms
step:1842/3325 train_time:1222.506s step_avg:663.68ms
step:1843/3325 train_time:1223.167s step_avg:663.68ms
step:1844/3325 train_time:1223.826s step_avg:663.68ms
step:1845/3325 train_time:1224.487s step_avg:663.68ms
step:1846/3325 train_time:1225.144s step_avg:663.68ms
step:1847/3325 train_time:1225.805s step_avg:663.67ms
step:1848/3325 train_time:1226.464s step_avg:663.67ms
step:1849/3325 train_time:1227.125s step_avg:663.67ms
step:1850/3325 train_time:1227.785s step_avg:663.67ms
step:1851/3325 train_time:1228.445s step_avg:663.67ms
step:1852/3325 train_time:1229.105s step_avg:663.66ms
step:1853/3325 train_time:1229.765s step_avg:663.66ms
step:1854/3325 train_time:1230.426s step_avg:663.66ms
step:1855/3325 train_time:1231.086s step_avg:663.66ms
step:1856/3325 train_time:1231.744s step_avg:663.66ms
step:1857/3325 train_time:1232.406s step_avg:663.65ms
step:1858/3325 train_time:1233.066s step_avg:663.65ms
step:1859/3325 train_time:1233.725s step_avg:663.65ms
step:1860/3325 train_time:1234.385s step_avg:663.65ms
step:1861/3325 train_time:1235.045s step_avg:663.65ms
step:1862/3325 train_time:1235.705s step_avg:663.64ms
step:1863/3325 train_time:1236.365s step_avg:663.64ms
step:1864/3325 train_time:1237.024s step_avg:663.64ms
step:1865/3325 train_time:1237.686s step_avg:663.64ms
step:1866/3325 train_time:1238.345s step_avg:663.64ms
step:1867/3325 train_time:1239.006s step_avg:663.63ms
step:1868/3325 train_time:1239.666s step_avg:663.63ms
step:1869/3325 train_time:1240.326s step_avg:663.63ms
step:1870/3325 train_time:1240.986s step_avg:663.63ms
step:1871/3325 train_time:1241.646s step_avg:663.63ms
step:1872/3325 train_time:1242.306s step_avg:663.63ms
step:1873/3325 train_time:1242.969s step_avg:663.62ms
step:1874/3325 train_time:1243.627s step_avg:663.62ms
step:1875/3325 train_time:1244.288s step_avg:663.62ms
step:1875/3325 val_loss:3.54655 train_time:1244.298s step_avg:660.23ms
step:1876/3325 train_time:1244.963s step_avg:663.63ms
step:1877/3325 train_time:1245.619s step_avg:663.62ms
step:1878/3325 train_time:1246.282s step_avg:663.62ms
step:1879/3325 train_time:1246.940s step_avg:663.62ms
step:1880/3325 train_time:1247.601s step_avg:663.62ms
step:1881/3325 train_time:1248.260s step_avg:663.62ms
step:1882/3325 train_time:1248.919s step_avg:663.61ms
step:1883/3325 train_time:1249.581s step_avg:663.61ms
step:1884/3325 train_time:1250.240s step_avg:663.61ms
step:1885/3325 train_time:1250.901s step_avg:663.61ms
step:1886/3325 train_time:1251.560s step_avg:663.61ms
step:1887/3325 train_time:1252.219s step_avg:663.60ms
step:1888/3325 train_time:1252.880s step_avg:663.60ms
step:1889/3325 train_time:1253.538s step_avg:663.60ms
step:1890/3325 train_time:1254.200s step_avg:663.60ms
step:1891/3325 train_time:1254.858s step_avg:663.59ms
step:1892/3325 train_time:1255.520s step_avg:663.59ms
step:1893/3325 train_time:1256.181s step_avg:663.59ms
step:1894/3325 train_time:1256.839s step_avg:663.59ms
step:1895/3325 train_time:1257.499s step_avg:663.59ms
step:1896/3325 train_time:1258.158s step_avg:663.59ms
step:1897/3325 train_time:1258.819s step_avg:663.58ms
step:1898/3325 train_time:1259.480s step_avg:663.58ms
step:1899/3325 train_time:1260.138s step_avg:663.58ms
step:1900/3325 train_time:1260.800s step_avg:663.58ms
step:1901/3325 train_time:1261.481s step_avg:663.59ms
step:1902/3325 train_time:1262.141s step_avg:663.59ms
step:1903/3325 train_time:1262.802s step_avg:663.58ms
step:1904/3325 train_time:1263.461s step_avg:663.58ms
step:1905/3325 train_time:1264.121s step_avg:663.58ms
step:1906/3325 train_time:1264.784s step_avg:663.58ms
step:1907/3325 train_time:1265.443s step_avg:663.58ms
step:1908/3325 train_time:1266.104s step_avg:663.58ms
step:1909/3325 train_time:1266.762s step_avg:663.57ms
step:1910/3325 train_time:1267.422s step_avg:663.57ms
step:1911/3325 train_time:1268.083s step_avg:663.57ms
step:1912/3325 train_time:1268.740s step_avg:663.57ms
step:1913/3325 train_time:1269.400s step_avg:663.57ms
step:1914/3325 train_time:1270.061s step_avg:663.56ms
step:1915/3325 train_time:1270.720s step_avg:663.56ms
step:1916/3325 train_time:1271.381s step_avg:663.56ms
step:1917/3325 train_time:1272.040s step_avg:663.56ms
step:1918/3325 train_time:1272.701s step_avg:663.56ms
step:1919/3325 train_time:1273.361s step_avg:663.55ms
step:1920/3325 train_time:1274.021s step_avg:663.55ms
step:1921/3325 train_time:1274.682s step_avg:663.55ms
step:1922/3325 train_time:1275.340s step_avg:663.55ms
step:1923/3325 train_time:1276.002s step_avg:663.55ms
step:1924/3325 train_time:1276.662s step_avg:663.55ms
step:1925/3325 train_time:1277.320s step_avg:663.54ms
step:1926/3325 train_time:1277.981s step_avg:663.54ms
step:1927/3325 train_time:1278.639s step_avg:663.54ms
step:1928/3325 train_time:1279.300s step_avg:663.54ms
step:1929/3325 train_time:1279.960s step_avg:663.54ms
step:1930/3325 train_time:1280.619s step_avg:663.53ms
step:1931/3325 train_time:1281.281s step_avg:663.53ms
step:1932/3325 train_time:1281.941s step_avg:663.53ms
step:1933/3325 train_time:1282.601s step_avg:663.53ms
step:1934/3325 train_time:1283.263s step_avg:663.53ms
step:1935/3325 train_time:1283.922s step_avg:663.53ms
step:1936/3325 train_time:1284.582s step_avg:663.52ms
step:1937/3325 train_time:1285.241s step_avg:663.52ms
step:1938/3325 train_time:1285.902s step_avg:663.52ms
step:1939/3325 train_time:1286.562s step_avg:663.52ms
step:1940/3325 train_time:1287.221s step_avg:663.52ms
step:1941/3325 train_time:1287.882s step_avg:663.51ms
step:1942/3325 train_time:1288.540s step_avg:663.51ms
step:1943/3325 train_time:1289.201s step_avg:663.51ms
step:1944/3325 train_time:1289.862s step_avg:663.51ms
step:1945/3325 train_time:1290.522s step_avg:663.51ms
step:1946/3325 train_time:1291.183s step_avg:663.51ms
step:1947/3325 train_time:1291.841s step_avg:663.50ms
step:1948/3325 train_time:1292.502s step_avg:663.50ms
step:1949/3325 train_time:1293.161s step_avg:663.50ms
step:1950/3325 train_time:1293.821s step_avg:663.50ms
step:1951/3325 train_time:1294.484s step_avg:663.50ms
step:1952/3325 train_time:1295.141s step_avg:663.49ms
step:1953/3325 train_time:1295.802s step_avg:663.49ms
step:1954/3325 train_time:1296.462s step_avg:663.49ms
step:1955/3325 train_time:1297.120s step_avg:663.49ms
step:1956/3325 train_time:1297.782s step_avg:663.49ms
step:1957/3325 train_time:1298.442s step_avg:663.49ms
step:1958/3325 train_time:1299.102s step_avg:663.48ms
step:1959/3325 train_time:1299.762s step_avg:663.48ms
step:1960/3325 train_time:1300.421s step_avg:663.48ms
step:1961/3325 train_time:1301.083s step_avg:663.48ms
step:1962/3325 train_time:1301.741s step_avg:663.48ms
step:1963/3325 train_time:1302.402s step_avg:663.48ms
step:1964/3325 train_time:1303.061s step_avg:663.47ms
step:1965/3325 train_time:1303.721s step_avg:663.47ms
step:1966/3325 train_time:1304.383s step_avg:663.47ms
step:1967/3325 train_time:1305.042s step_avg:663.47ms
step:1968/3325 train_time:1305.703s step_avg:663.47ms
step:1969/3325 train_time:1306.362s step_avg:663.46ms
step:1970/3325 train_time:1307.021s step_avg:663.46ms
step:1971/3325 train_time:1307.684s step_avg:663.46ms
step:1972/3325 train_time:1308.342s step_avg:663.46ms
step:1973/3325 train_time:1309.002s step_avg:663.46ms
step:1974/3325 train_time:1309.661s step_avg:663.46ms
step:1975/3325 train_time:1310.321s step_avg:663.45ms
step:1976/3325 train_time:1310.982s step_avg:663.45ms
step:1977/3325 train_time:1311.641s step_avg:663.45ms
step:1978/3325 train_time:1312.303s step_avg:663.45ms
step:1979/3325 train_time:1312.962s step_avg:663.45ms
step:1980/3325 train_time:1313.622s step_avg:663.45ms
step:1981/3325 train_time:1314.284s step_avg:663.44ms
step:1982/3325 train_time:1314.942s step_avg:663.44ms
step:1983/3325 train_time:1315.602s step_avg:663.44ms
step:1984/3325 train_time:1316.262s step_avg:663.44ms
step:1985/3325 train_time:1316.921s step_avg:663.44ms
step:1986/3325 train_time:1317.585s step_avg:663.44ms
step:1987/3325 train_time:1318.243s step_avg:663.43ms
step:1988/3325 train_time:1318.906s step_avg:663.43ms
step:1989/3325 train_time:1319.565s step_avg:663.43ms
step:1990/3325 train_time:1320.224s step_avg:663.43ms
step:1991/3325 train_time:1320.884s step_avg:663.43ms
step:1992/3325 train_time:1321.542s step_avg:663.42ms
step:1993/3325 train_time:1322.204s step_avg:663.42ms
step:1994/3325 train_time:1322.862s step_avg:663.42ms
step:1995/3325 train_time:1323.522s step_avg:663.42ms
step:1996/3325 train_time:1324.184s step_avg:663.42ms
step:1997/3325 train_time:1324.841s step_avg:663.42ms
step:1998/3325 train_time:1325.502s step_avg:663.41ms
step:1999/3325 train_time:1326.161s step_avg:663.41ms
step:2000/3325 train_time:1326.822s step_avg:663.41ms
step:2000/3325 val_loss:3.52256 train_time:1326.832s step_avg:660.27ms
step:2001/3325 train_time:1327.496s step_avg:663.42ms
step:2002/3325 train_time:1328.151s step_avg:663.41ms
step:2003/3325 train_time:1328.812s step_avg:663.41ms
step:2004/3325 train_time:1329.473s step_avg:663.41ms
step:2005/3325 train_time:1330.132s step_avg:663.41ms
step:2006/3325 train_time:1330.792s step_avg:663.41ms
step:2007/3325 train_time:1331.452s step_avg:663.40ms
step:2008/3325 train_time:1332.112s step_avg:663.40ms
step:2009/3325 train_time:1332.775s step_avg:663.40ms
step:2010/3325 train_time:1333.432s step_avg:663.40ms
step:2011/3325 train_time:1334.092s step_avg:663.40ms
step:2012/3325 train_time:1334.753s step_avg:663.40ms
step:2013/3325 train_time:1335.412s step_avg:663.39ms
step:2014/3325 train_time:1336.073s step_avg:663.39ms
step:2015/3325 train_time:1336.732s step_avg:663.39ms
step:2016/3325 train_time:1337.393s step_avg:663.39ms
step:2017/3325 train_time:1338.054s step_avg:663.39ms
step:2018/3325 train_time:1338.713s step_avg:663.39ms
step:2019/3325 train_time:1339.374s step_avg:663.38ms
step:2020/3325 train_time:1340.032s step_avg:663.38ms
step:2021/3325 train_time:1340.693s step_avg:663.38ms
step:2022/3325 train_time:1341.353s step_avg:663.38ms
step:2023/3325 train_time:1342.013s step_avg:663.38ms
step:2024/3325 train_time:1342.672s step_avg:663.38ms
step:2025/3325 train_time:1343.332s step_avg:663.37ms
step:2026/3325 train_time:1343.992s step_avg:663.37ms
step:2027/3325 train_time:1344.652s step_avg:663.37ms
step:2028/3325 train_time:1345.313s step_avg:663.37ms
step:2029/3325 train_time:1345.975s step_avg:663.37ms
step:2030/3325 train_time:1346.632s step_avg:663.37ms
step:2031/3325 train_time:1347.292s step_avg:663.36ms
step:2032/3325 train_time:1347.953s step_avg:663.36ms
step:2033/3325 train_time:1348.612s step_avg:663.36ms
step:2034/3325 train_time:1349.274s step_avg:663.36ms
step:2035/3325 train_time:1349.932s step_avg:663.36ms
step:2036/3325 train_time:1350.594s step_avg:663.36ms
step:2037/3325 train_time:1351.253s step_avg:663.35ms
step:2038/3325 train_time:1351.913s step_avg:663.35ms
step:2039/3325 train_time:1352.575s step_avg:663.35ms
step:2040/3325 train_time:1353.235s step_avg:663.35ms
step:2041/3325 train_time:1353.896s step_avg:663.35ms
step:2042/3325 train_time:1354.555s step_avg:663.35ms
step:2043/3325 train_time:1355.214s step_avg:663.34ms
step:2044/3325 train_time:1355.876s step_avg:663.34ms
step:2045/3325 train_time:1356.533s step_avg:663.34ms
step:2046/3325 train_time:1357.192s step_avg:663.34ms
step:2047/3325 train_time:1357.852s step_avg:663.34ms
step:2048/3325 train_time:1358.512s step_avg:663.34ms
step:2049/3325 train_time:1359.174s step_avg:663.34ms
step:2050/3325 train_time:1359.832s step_avg:663.33ms
step:2051/3325 train_time:1360.493s step_avg:663.33ms
step:2052/3325 train_time:1361.152s step_avg:663.33ms
step:2053/3325 train_time:1361.812s step_avg:663.33ms
step:2054/3325 train_time:1362.473s step_avg:663.33ms
step:2055/3325 train_time:1363.132s step_avg:663.32ms
step:2056/3325 train_time:1363.793s step_avg:663.32ms
step:2057/3325 train_time:1364.453s step_avg:663.32ms
step:2058/3325 train_time:1365.113s step_avg:663.32ms
step:2059/3325 train_time:1365.773s step_avg:663.32ms
step:2060/3325 train_time:1366.433s step_avg:663.32ms
step:2061/3325 train_time:1367.094s step_avg:663.32ms
step:2062/3325 train_time:1367.753s step_avg:663.31ms
step:2063/3325 train_time:1368.414s step_avg:663.31ms
step:2064/3325 train_time:1369.073s step_avg:663.31ms
step:2065/3325 train_time:1369.732s step_avg:663.31ms
step:2066/3325 train_time:1370.392s step_avg:663.31ms
step:2067/3325 train_time:1371.051s step_avg:663.30ms
step:2068/3325 train_time:1371.711s step_avg:663.30ms
step:2069/3325 train_time:1372.372s step_avg:663.30ms
step:2070/3325 train_time:1373.032s step_avg:663.30ms
step:2071/3325 train_time:1373.692s step_avg:663.30ms
step:2072/3325 train_time:1374.351s step_avg:663.30ms
step:2073/3325 train_time:1375.011s step_avg:663.30ms
step:2074/3325 train_time:1375.672s step_avg:663.29ms
step:2075/3325 train_time:1376.331s step_avg:663.29ms
step:2076/3325 train_time:1376.991s step_avg:663.29ms
step:2077/3325 train_time:1377.651s step_avg:663.29ms
step:2078/3325 train_time:1378.311s step_avg:663.29ms
step:2079/3325 train_time:1378.974s step_avg:663.29ms
step:2080/3325 train_time:1379.631s step_avg:663.28ms
step:2081/3325 train_time:1380.291s step_avg:663.28ms
step:2082/3325 train_time:1380.953s step_avg:663.28ms
step:2083/3325 train_time:1381.611s step_avg:663.28ms
step:2084/3325 train_time:1382.273s step_avg:663.28ms
step:2085/3325 train_time:1382.931s step_avg:663.28ms
step:2086/3325 train_time:1383.591s step_avg:663.27ms
step:2087/3325 train_time:1384.251s step_avg:663.27ms
step:2088/3325 train_time:1384.911s step_avg:663.27ms
step:2089/3325 train_time:1385.572s step_avg:663.27ms
step:2090/3325 train_time:1386.231s step_avg:663.27ms
step:2091/3325 train_time:1386.912s step_avg:663.28ms
step:2092/3325 train_time:1387.573s step_avg:663.28ms
step:2093/3325 train_time:1388.232s step_avg:663.27ms
step:2094/3325 train_time:1388.892s step_avg:663.27ms
step:2095/3325 train_time:1389.552s step_avg:663.27ms
step:2096/3325 train_time:1390.212s step_avg:663.27ms
step:2097/3325 train_time:1390.873s step_avg:663.27ms
step:2098/3325 train_time:1391.533s step_avg:663.27ms
step:2099/3325 train_time:1392.194s step_avg:663.27ms
step:2100/3325 train_time:1392.853s step_avg:663.26ms
step:2101/3325 train_time:1393.513s step_avg:663.26ms
step:2102/3325 train_time:1394.173s step_avg:663.26ms
step:2103/3325 train_time:1394.833s step_avg:663.26ms
step:2104/3325 train_time:1395.493s step_avg:663.26ms
step:2105/3325 train_time:1396.154s step_avg:663.26ms
step:2106/3325 train_time:1396.813s step_avg:663.25ms
step:2107/3325 train_time:1397.476s step_avg:663.25ms
step:2108/3325 train_time:1398.133s step_avg:663.25ms
step:2109/3325 train_time:1398.794s step_avg:663.25ms
step:2110/3325 train_time:1399.454s step_avg:663.25ms
step:2111/3325 train_time:1400.114s step_avg:663.25ms
step:2112/3325 train_time:1400.776s step_avg:663.25ms
step:2113/3325 train_time:1401.443s step_avg:663.25ms
step:2114/3325 train_time:1402.102s step_avg:663.25ms
step:2115/3325 train_time:1402.766s step_avg:663.25ms
step:2116/3325 train_time:1403.420s step_avg:663.24ms
step:2117/3325 train_time:1404.092s step_avg:663.25ms
step:2118/3325 train_time:1404.754s step_avg:663.25ms
step:2119/3325 train_time:1405.413s step_avg:663.24ms
step:2120/3325 train_time:1406.075s step_avg:663.24ms
step:2121/3325 train_time:1406.733s step_avg:663.24ms
step:2122/3325 train_time:1407.393s step_avg:663.24ms
step:2123/3325 train_time:1408.055s step_avg:663.24ms
step:2124/3325 train_time:1408.716s step_avg:663.24ms
step:2125/3325 train_time:1409.377s step_avg:663.24ms
step:2125/3325 val_loss:3.49986 train_time:1409.388s step_avg:660.44ms
step:2126/3325 train_time:1410.050s step_avg:663.24ms
step:2127/3325 train_time:1410.709s step_avg:663.24ms
step:2128/3325 train_time:1411.373s step_avg:663.24ms
step:2129/3325 train_time:1412.033s step_avg:663.24ms
step:2130/3325 train_time:1412.701s step_avg:663.24ms
step:2131/3325 train_time:1413.357s step_avg:663.24ms
step:2132/3325 train_time:1414.021s step_avg:663.24ms
step:2133/3325 train_time:1414.681s step_avg:663.24ms
step:2134/3325 train_time:1415.345s step_avg:663.24ms
step:2135/3325 train_time:1416.005s step_avg:663.23ms
step:2136/3325 train_time:1416.670s step_avg:663.24ms
step:2137/3325 train_time:1417.335s step_avg:663.24ms
step:2138/3325 train_time:1418.001s step_avg:663.24ms
step:2139/3325 train_time:1418.664s step_avg:663.24ms
step:2140/3325 train_time:1419.322s step_avg:663.23ms
step:2141/3325 train_time:1419.989s step_avg:663.24ms
step:2142/3325 train_time:1420.648s step_avg:663.23ms
step:2143/3325 train_time:1421.309s step_avg:663.23ms
step:2144/3325 train_time:1421.971s step_avg:663.23ms
step:2145/3325 train_time:1422.636s step_avg:663.23ms
step:2146/3325 train_time:1423.295s step_avg:663.23ms
step:2147/3325 train_time:1423.955s step_avg:663.23ms
step:2148/3325 train_time:1424.614s step_avg:663.23ms
step:2149/3325 train_time:1425.278s step_avg:663.23ms
step:2150/3325 train_time:1425.938s step_avg:663.23ms
step:2151/3325 train_time:1426.601s step_avg:663.23ms
step:2152/3325 train_time:1427.266s step_avg:663.23ms
step:2153/3325 train_time:1427.923s step_avg:663.22ms
step:2154/3325 train_time:1428.587s step_avg:663.23ms
step:2155/3325 train_time:1429.244s step_avg:663.22ms
step:2156/3325 train_time:1429.912s step_avg:663.22ms
step:2157/3325 train_time:1430.574s step_avg:663.22ms
step:2158/3325 train_time:1431.232s step_avg:663.22ms
step:2159/3325 train_time:1431.903s step_avg:663.23ms
step:2160/3325 train_time:1432.561s step_avg:663.22ms
step:2161/3325 train_time:1433.222s step_avg:663.22ms
step:2162/3325 train_time:1433.887s step_avg:663.22ms
step:2163/3325 train_time:1434.550s step_avg:663.22ms
step:2164/3325 train_time:1435.210s step_avg:663.22ms
step:2165/3325 train_time:1435.873s step_avg:663.22ms
step:2166/3325 train_time:1436.531s step_avg:663.22ms
step:2167/3325 train_time:1437.191s step_avg:663.22ms
step:2168/3325 train_time:1437.850s step_avg:663.21ms
step:2169/3325 train_time:1438.509s step_avg:663.21ms
step:2170/3325 train_time:1439.171s step_avg:663.21ms
step:2171/3325 train_time:1439.829s step_avg:663.21ms
step:2172/3325 train_time:1440.489s step_avg:663.21ms
step:2173/3325 train_time:1441.150s step_avg:663.21ms
step:2174/3325 train_time:1441.809s step_avg:663.21ms
step:2175/3325 train_time:1442.471s step_avg:663.20ms
step:2176/3325 train_time:1443.129s step_avg:663.20ms
step:2177/3325 train_time:1443.790s step_avg:663.20ms
step:2178/3325 train_time:1444.449s step_avg:663.20ms
step:2179/3325 train_time:1445.108s step_avg:663.20ms
step:2180/3325 train_time:1445.768s step_avg:663.20ms
step:2181/3325 train_time:1446.425s step_avg:663.19ms
step:2182/3325 train_time:1447.088s step_avg:663.19ms
step:2183/3325 train_time:1447.747s step_avg:663.19ms
step:2184/3325 train_time:1448.408s step_avg:663.19ms
step:2185/3325 train_time:1449.069s step_avg:663.19ms
step:2186/3325 train_time:1449.733s step_avg:663.19ms
step:2187/3325 train_time:1450.392s step_avg:663.19ms
step:2188/3325 train_time:1451.057s step_avg:663.19ms
step:2189/3325 train_time:1451.715s step_avg:663.19ms
step:2190/3325 train_time:1452.377s step_avg:663.19ms
step:2191/3325 train_time:1453.037s step_avg:663.18ms
step:2192/3325 train_time:1453.703s step_avg:663.19ms
step:2193/3325 train_time:1454.361s step_avg:663.18ms
step:2194/3325 train_time:1455.021s step_avg:663.18ms
step:2195/3325 train_time:1455.685s step_avg:663.18ms
step:2196/3325 train_time:1456.343s step_avg:663.18ms
step:2197/3325 train_time:1457.004s step_avg:663.18ms
step:2198/3325 train_time:1457.666s step_avg:663.18ms
step:2199/3325 train_time:1458.328s step_avg:663.18ms
step:2200/3325 train_time:1458.989s step_avg:663.18ms
step:2201/3325 train_time:1459.653s step_avg:663.18ms
step:2202/3325 train_time:1460.314s step_avg:663.18ms
step:2203/3325 train_time:1460.977s step_avg:663.18ms
step:2204/3325 train_time:1461.642s step_avg:663.18ms
step:2205/3325 train_time:1462.301s step_avg:663.18ms
step:2206/3325 train_time:1462.970s step_avg:663.18ms
step:2207/3325 train_time:1463.626s step_avg:663.17ms
step:2208/3325 train_time:1464.289s step_avg:663.17ms
step:2209/3325 train_time:1464.949s step_avg:663.17ms
step:2210/3325 train_time:1465.613s step_avg:663.17ms
step:2211/3325 train_time:1466.275s step_avg:663.17ms
step:2212/3325 train_time:1466.935s step_avg:663.17ms
step:2213/3325 train_time:1467.602s step_avg:663.17ms
step:2214/3325 train_time:1468.262s step_avg:663.17ms
step:2215/3325 train_time:1468.924s step_avg:663.17ms
step:2216/3325 train_time:1469.586s step_avg:663.17ms
step:2217/3325 train_time:1470.251s step_avg:663.17ms
step:2218/3325 train_time:1470.910s step_avg:663.17ms
step:2219/3325 train_time:1471.573s step_avg:663.17ms
step:2220/3325 train_time:1472.233s step_avg:663.17ms
step:2221/3325 train_time:1472.901s step_avg:663.17ms
step:2222/3325 train_time:1473.558s step_avg:663.17ms
step:2223/3325 train_time:1474.219s step_avg:663.17ms
step:2224/3325 train_time:1474.882s step_avg:663.17ms
step:2225/3325 train_time:1475.547s step_avg:663.17ms
step:2226/3325 train_time:1476.206s step_avg:663.17ms
step:2227/3325 train_time:1476.871s step_avg:663.17ms
step:2228/3325 train_time:1477.532s step_avg:663.17ms
step:2229/3325 train_time:1478.194s step_avg:663.16ms
step:2230/3325 train_time:1478.856s step_avg:663.16ms
step:2231/3325 train_time:1479.515s step_avg:663.16ms
step:2232/3325 train_time:1480.183s step_avg:663.16ms
step:2233/3325 train_time:1480.839s step_avg:663.16ms
step:2234/3325 train_time:1481.506s step_avg:663.16ms
step:2235/3325 train_time:1482.165s step_avg:663.16ms
step:2236/3325 train_time:1482.828s step_avg:663.16ms
step:2237/3325 train_time:1483.489s step_avg:663.16ms
step:2238/3325 train_time:1484.152s step_avg:663.16ms
step:2239/3325 train_time:1484.815s step_avg:663.16ms
step:2240/3325 train_time:1485.477s step_avg:663.16ms
step:2241/3325 train_time:1486.144s step_avg:663.16ms
step:2242/3325 train_time:1486.802s step_avg:663.16ms
step:2243/3325 train_time:1487.472s step_avg:663.16ms
step:2244/3325 train_time:1488.128s step_avg:663.16ms
step:2245/3325 train_time:1488.791s step_avg:663.16ms
step:2246/3325 train_time:1489.452s step_avg:663.16ms
step:2247/3325 train_time:1490.114s step_avg:663.16ms
step:2248/3325 train_time:1490.775s step_avg:663.16ms
step:2249/3325 train_time:1491.434s step_avg:663.15ms
step:2250/3325 train_time:1492.093s step_avg:663.15ms
step:2250/3325 val_loss:3.47323 train_time:1492.103s step_avg:661.73ms
step:2251/3325 train_time:1492.766s step_avg:663.16ms
step:2252/3325 train_time:1493.421s step_avg:663.15ms
step:2253/3325 train_time:1494.083s step_avg:663.15ms
step:2254/3325 train_time:1494.742s step_avg:663.15ms
step:2255/3325 train_time:1495.402s step_avg:663.15ms
step:2256/3325 train_time:1496.062s step_avg:663.15ms
step:2257/3325 train_time:1496.721s step_avg:663.15ms
step:2258/3325 train_time:1497.382s step_avg:663.15ms
step:2259/3325 train_time:1498.043s step_avg:663.14ms
step:2260/3325 train_time:1498.704s step_avg:663.14ms
step:2261/3325 train_time:1499.365s step_avg:663.14ms
step:2262/3325 train_time:1500.023s step_avg:663.14ms
step:2263/3325 train_time:1500.683s step_avg:663.14ms
step:2264/3325 train_time:1501.342s step_avg:663.14ms
step:2265/3325 train_time:1502.002s step_avg:663.14ms
step:2266/3325 train_time:1502.665s step_avg:663.14ms
step:2267/3325 train_time:1503.329s step_avg:663.14ms
step:2268/3325 train_time:1503.993s step_avg:663.14ms
step:2269/3325 train_time:1504.656s step_avg:663.14ms
step:2270/3325 train_time:1505.315s step_avg:663.13ms
step:2271/3325 train_time:1505.982s step_avg:663.14ms
step:2272/3325 train_time:1506.643s step_avg:663.14ms
step:2273/3325 train_time:1507.302s step_avg:663.13ms
step:2274/3325 train_time:1507.962s step_avg:663.13ms
step:2275/3325 train_time:1508.621s step_avg:663.13ms
step:2276/3325 train_time:1509.282s step_avg:663.13ms
step:2277/3325 train_time:1509.943s step_avg:663.13ms
step:2278/3325 train_time:1510.605s step_avg:663.13ms
step:2279/3325 train_time:1511.266s step_avg:663.13ms
step:2280/3325 train_time:1511.927s step_avg:663.13ms
step:2281/3325 train_time:1512.612s step_avg:663.14ms
step:2282/3325 train_time:1513.276s step_avg:663.14ms
step:2283/3325 train_time:1513.939s step_avg:663.14ms
step:2284/3325 train_time:1514.598s step_avg:663.13ms
step:2285/3325 train_time:1515.260s step_avg:663.13ms
step:2286/3325 train_time:1515.921s step_avg:663.13ms
step:2287/3325 train_time:1516.582s step_avg:663.13ms
step:2288/3325 train_time:1517.243s step_avg:663.13ms
step:2289/3325 train_time:1517.906s step_avg:663.13ms
step:2290/3325 train_time:1518.568s step_avg:663.13ms
step:2291/3325 train_time:1519.237s step_avg:663.13ms
step:2292/3325 train_time:1519.893s step_avg:663.13ms
step:2293/3325 train_time:1520.563s step_avg:663.13ms
step:2294/3325 train_time:1521.217s step_avg:663.13ms
step:2295/3325 train_time:1521.881s step_avg:663.13ms
step:2296/3325 train_time:1522.542s step_avg:663.13ms
step:2297/3325 train_time:1523.206s step_avg:663.13ms
step:2298/3325 train_time:1523.865s step_avg:663.13ms
step:2299/3325 train_time:1524.528s step_avg:663.13ms
step:2300/3325 train_time:1525.192s step_avg:663.13ms
step:2301/3325 train_time:1525.854s step_avg:663.13ms
step:2302/3325 train_time:1526.515s step_avg:663.13ms
step:2303/3325 train_time:1527.179s step_avg:663.13ms
step:2304/3325 train_time:1527.845s step_avg:663.13ms
step:2305/3325 train_time:1528.502s step_avg:663.12ms
step:2306/3325 train_time:1529.165s step_avg:663.12ms
step:2307/3325 train_time:1529.824s step_avg:663.12ms
step:2308/3325 train_time:1530.489s step_avg:663.12ms
step:2309/3325 train_time:1531.148s step_avg:663.12ms
step:2310/3325 train_time:1531.809s step_avg:663.12ms
step:2311/3325 train_time:1532.477s step_avg:663.12ms
step:2312/3325 train_time:1533.136s step_avg:663.12ms
step:2313/3325 train_time:1533.799s step_avg:663.12ms
step:2314/3325 train_time:1534.461s step_avg:663.12ms
step:2315/3325 train_time:1535.125s step_avg:663.12ms
step:2316/3325 train_time:1535.786s step_avg:663.12ms
step:2317/3325 train_time:1536.446s step_avg:663.12ms
step:2318/3325 train_time:1537.104s step_avg:663.12ms
step:2319/3325 train_time:1537.767s step_avg:663.12ms
step:2320/3325 train_time:1538.425s step_avg:663.11ms
step:2321/3325 train_time:1539.088s step_avg:663.11ms
step:2322/3325 train_time:1539.748s step_avg:663.11ms
step:2323/3325 train_time:1540.408s step_avg:663.11ms
step:2324/3325 train_time:1541.073s step_avg:663.11ms
step:2325/3325 train_time:1541.736s step_avg:663.11ms
step:2326/3325 train_time:1542.401s step_avg:663.11ms
step:2327/3325 train_time:1543.060s step_avg:663.11ms
step:2328/3325 train_time:1543.721s step_avg:663.11ms
step:2329/3325 train_time:1544.382s step_avg:663.11ms
step:2330/3325 train_time:1545.045s step_avg:663.11ms
step:2331/3325 train_time:1545.702s step_avg:663.11ms
step:2332/3325 train_time:1546.365s step_avg:663.11ms
step:2333/3325 train_time:1547.024s step_avg:663.11ms
step:2334/3325 train_time:1547.688s step_avg:663.11ms
step:2335/3325 train_time:1548.348s step_avg:663.10ms
step:2336/3325 train_time:1549.006s step_avg:663.10ms
step:2337/3325 train_time:1549.669s step_avg:663.10ms
step:2338/3325 train_time:1550.328s step_avg:663.10ms
step:2339/3325 train_time:1550.994s step_avg:663.10ms
step:2340/3325 train_time:1551.651s step_avg:663.10ms
step:2341/3325 train_time:1552.315s step_avg:663.10ms
step:2342/3325 train_time:1552.978s step_avg:663.10ms
step:2343/3325 train_time:1553.641s step_avg:663.10ms
step:2344/3325 train_time:1554.302s step_avg:663.10ms
step:2345/3325 train_time:1554.963s step_avg:663.10ms
step:2346/3325 train_time:1555.627s step_avg:663.10ms
step:2347/3325 train_time:1556.287s step_avg:663.10ms
step:2348/3325 train_time:1556.952s step_avg:663.10ms
step:2349/3325 train_time:1557.608s step_avg:663.09ms
step:2350/3325 train_time:1558.275s step_avg:663.10ms
step:2351/3325 train_time:1558.931s step_avg:663.09ms
step:2352/3325 train_time:1559.594s step_avg:663.09ms
step:2353/3325 train_time:1560.252s step_avg:663.09ms
step:2354/3325 train_time:1560.914s step_avg:663.09ms
step:2355/3325 train_time:1561.582s step_avg:663.09ms
step:2356/3325 train_time:1562.241s step_avg:663.09ms
step:2357/3325 train_time:1562.904s step_avg:663.09ms
step:2358/3325 train_time:1563.566s step_avg:663.09ms
step:2359/3325 train_time:1564.231s step_avg:663.09ms
step:2360/3325 train_time:1564.891s step_avg:663.09ms
step:2361/3325 train_time:1565.554s step_avg:663.09ms
step:2362/3325 train_time:1566.210s step_avg:663.09ms
step:2363/3325 train_time:1566.876s step_avg:663.09ms
step:2364/3325 train_time:1567.540s step_avg:663.09ms
step:2365/3325 train_time:1568.201s step_avg:663.09ms
step:2366/3325 train_time:1568.866s step_avg:663.09ms
step:2367/3325 train_time:1569.525s step_avg:663.09ms
step:2368/3325 train_time:1570.189s step_avg:663.09ms
step:2369/3325 train_time:1570.850s step_avg:663.09ms
step:2370/3325 train_time:1571.511s step_avg:663.08ms
step:2371/3325 train_time:1572.181s step_avg:663.09ms
step:2372/3325 train_time:1572.841s step_avg:663.09ms
step:2373/3325 train_time:1573.504s step_avg:663.09ms
step:2374/3325 train_time:1574.164s step_avg:663.09ms
step:2375/3325 train_time:1574.822s step_avg:663.08ms
step:2375/3325 val_loss:3.45146 train_time:1574.833s step_avg:661.84ms
step:2376/3325 train_time:1575.500s step_avg:663.09ms
step:2377/3325 train_time:1576.157s step_avg:663.09ms
step:2378/3325 train_time:1576.819s step_avg:663.09ms
step:2379/3325 train_time:1577.478s step_avg:663.08ms
step:2380/3325 train_time:1578.141s step_avg:663.08ms
step:2381/3325 train_time:1578.799s step_avg:663.08ms
step:2382/3325 train_time:1579.464s step_avg:663.08ms
step:2383/3325 train_time:1580.126s step_avg:663.08ms
step:2384/3325 train_time:1580.789s step_avg:663.08ms
step:2385/3325 train_time:1581.453s step_avg:663.08ms
step:2386/3325 train_time:1582.112s step_avg:663.08ms
step:2387/3325 train_time:1582.782s step_avg:663.08ms
step:2388/3325 train_time:1583.439s step_avg:663.08ms
step:2389/3325 train_time:1584.100s step_avg:663.08ms
step:2390/3325 train_time:1584.762s step_avg:663.08ms
step:2391/3325 train_time:1585.426s step_avg:663.08ms
step:2392/3325 train_time:1586.086s step_avg:663.08ms
step:2393/3325 train_time:1586.748s step_avg:663.08ms
step:2394/3325 train_time:1587.407s step_avg:663.08ms
step:2395/3325 train_time:1588.075s step_avg:663.08ms
step:2396/3325 train_time:1588.737s step_avg:663.08ms
step:2397/3325 train_time:1589.398s step_avg:663.08ms
step:2398/3325 train_time:1590.065s step_avg:663.08ms
step:2399/3325 train_time:1590.723s step_avg:663.08ms
step:2400/3325 train_time:1591.387s step_avg:663.08ms
step:2401/3325 train_time:1592.050s step_avg:663.08ms
step:2402/3325 train_time:1592.711s step_avg:663.08ms
step:2403/3325 train_time:1593.379s step_avg:663.08ms
step:2404/3325 train_time:1594.040s step_avg:663.08ms
step:2405/3325 train_time:1594.704s step_avg:663.08ms
step:2406/3325 train_time:1595.366s step_avg:663.08ms
step:2407/3325 train_time:1596.024s step_avg:663.08ms
step:2408/3325 train_time:1596.685s step_avg:663.08ms
step:2409/3325 train_time:1597.345s step_avg:663.07ms
step:2410/3325 train_time:1598.004s step_avg:663.07ms
step:2411/3325 train_time:1598.668s step_avg:663.07ms
step:2412/3325 train_time:1599.329s step_avg:663.07ms
step:2413/3325 train_time:1599.995s step_avg:663.07ms
step:2414/3325 train_time:1600.652s step_avg:663.07ms
step:2415/3325 train_time:1601.316s step_avg:663.07ms
step:2416/3325 train_time:1601.977s step_avg:663.07ms
step:2417/3325 train_time:1602.640s step_avg:663.07ms
step:2418/3325 train_time:1603.300s step_avg:663.07ms
step:2419/3325 train_time:1603.961s step_avg:663.07ms
step:2420/3325 train_time:1604.619s step_avg:663.07ms
step:2421/3325 train_time:1605.284s step_avg:663.07ms
step:2422/3325 train_time:1605.942s step_avg:663.06ms
step:2423/3325 train_time:1606.602s step_avg:663.06ms
step:2424/3325 train_time:1607.266s step_avg:663.06ms
step:2425/3325 train_time:1607.925s step_avg:663.06ms
step:2426/3325 train_time:1608.588s step_avg:663.06ms
step:2427/3325 train_time:1609.249s step_avg:663.06ms
step:2428/3325 train_time:1609.908s step_avg:663.06ms
step:2429/3325 train_time:1610.578s step_avg:663.06ms
step:2430/3325 train_time:1611.236s step_avg:663.06ms
step:2431/3325 train_time:1611.902s step_avg:663.06ms
step:2432/3325 train_time:1612.563s step_avg:663.06ms
step:2433/3325 train_time:1613.230s step_avg:663.06ms
step:2434/3325 train_time:1613.890s step_avg:663.06ms
step:2435/3325 train_time:1614.558s step_avg:663.06ms
step:2436/3325 train_time:1615.214s step_avg:663.06ms
step:2437/3325 train_time:1615.881s step_avg:663.06ms
step:2438/3325 train_time:1616.540s step_avg:663.06ms
step:2439/3325 train_time:1617.202s step_avg:663.06ms
step:2440/3325 train_time:1617.861s step_avg:663.06ms
step:2441/3325 train_time:1618.519s step_avg:663.06ms
step:2442/3325 train_time:1619.179s step_avg:663.05ms
step:2443/3325 train_time:1619.839s step_avg:663.05ms
step:2444/3325 train_time:1620.499s step_avg:663.05ms
step:2445/3325 train_time:1621.161s step_avg:663.05ms
step:2446/3325 train_time:1621.820s step_avg:663.05ms
step:2447/3325 train_time:1622.480s step_avg:663.05ms
step:2448/3325 train_time:1623.141s step_avg:663.05ms
step:2449/3325 train_time:1623.801s step_avg:663.05ms
step:2450/3325 train_time:1624.462s step_avg:663.05ms
step:2451/3325 train_time:1625.121s step_avg:663.04ms
step:2452/3325 train_time:1625.783s step_avg:663.04ms
step:2453/3325 train_time:1626.445s step_avg:663.04ms
step:2454/3325 train_time:1627.104s step_avg:663.04ms
step:2455/3325 train_time:1627.767s step_avg:663.04ms
step:2456/3325 train_time:1628.435s step_avg:663.04ms
step:2457/3325 train_time:1629.099s step_avg:663.04ms
step:2458/3325 train_time:1629.760s step_avg:663.04ms
step:2459/3325 train_time:1630.418s step_avg:663.04ms
step:2460/3325 train_time:1631.085s step_avg:663.04ms
step:2461/3325 train_time:1631.741s step_avg:663.04ms
step:2462/3325 train_time:1632.403s step_avg:663.04ms
step:2463/3325 train_time:1633.065s step_avg:663.04ms
step:2464/3325 train_time:1633.732s step_avg:663.04ms
step:2465/3325 train_time:1634.391s step_avg:663.04ms
step:2466/3325 train_time:1635.059s step_avg:663.04ms
step:2467/3325 train_time:1635.717s step_avg:663.04ms
step:2468/3325 train_time:1636.384s step_avg:663.04ms
step:2469/3325 train_time:1637.046s step_avg:663.04ms
step:2470/3325 train_time:1637.706s step_avg:663.04ms
step:2471/3325 train_time:1638.392s step_avg:663.05ms
step:2472/3325 train_time:1639.062s step_avg:663.05ms
step:2473/3325 train_time:1639.720s step_avg:663.05ms
step:2474/3325 train_time:1640.381s step_avg:663.05ms
step:2475/3325 train_time:1641.042s step_avg:663.05ms
step:2476/3325 train_time:1641.705s step_avg:663.05ms
step:2477/3325 train_time:1642.365s step_avg:663.05ms
step:2478/3325 train_time:1643.026s step_avg:663.05ms
step:2479/3325 train_time:1643.686s step_avg:663.04ms
step:2480/3325 train_time:1644.345s step_avg:663.04ms
step:2481/3325 train_time:1645.004s step_avg:663.04ms
step:2482/3325 train_time:1645.665s step_avg:663.04ms
step:2483/3325 train_time:1646.333s step_avg:663.04ms
step:2484/3325 train_time:1646.992s step_avg:663.04ms
step:2485/3325 train_time:1647.656s step_avg:663.04ms
step:2486/3325 train_time:1648.312s step_avg:663.04ms
step:2487/3325 train_time:1648.978s step_avg:663.04ms
step:2488/3325 train_time:1649.637s step_avg:663.04ms
step:2489/3325 train_time:1650.298s step_avg:663.04ms
step:2490/3325 train_time:1650.960s step_avg:663.04ms
step:2491/3325 train_time:1651.619s step_avg:663.03ms
step:2492/3325 train_time:1652.281s step_avg:663.03ms
step:2493/3325 train_time:1652.942s step_avg:663.03ms
step:2494/3325 train_time:1653.605s step_avg:663.03ms
step:2495/3325 train_time:1654.264s step_avg:663.03ms
step:2496/3325 train_time:1654.926s step_avg:663.03ms
step:2497/3325 train_time:1655.586s step_avg:663.03ms
step:2498/3325 train_time:1656.247s step_avg:663.03ms
step:2499/3325 train_time:1656.906s step_avg:663.03ms
step:2500/3325 train_time:1657.568s step_avg:663.03ms
step:2500/3325 val_loss:3.42712 train_time:1657.579s step_avg:661.97ms
step:2501/3325 train_time:1658.236s step_avg:663.03ms
step:2502/3325 train_time:1658.892s step_avg:663.03ms
step:2503/3325 train_time:1659.555s step_avg:663.03ms
step:2504/3325 train_time:1660.214s step_avg:663.02ms
step:2505/3325 train_time:1660.878s step_avg:663.02ms
step:2506/3325 train_time:1661.540s step_avg:663.02ms
step:2507/3325 train_time:1662.203s step_avg:663.02ms
step:2508/3325 train_time:1662.868s step_avg:663.03ms
step:2509/3325 train_time:1663.529s step_avg:663.02ms
step:2510/3325 train_time:1664.193s step_avg:663.02ms
step:2511/3325 train_time:1664.856s step_avg:663.03ms
step:2512/3325 train_time:1665.514s step_avg:663.02ms
step:2513/3325 train_time:1666.178s step_avg:663.02ms
step:2514/3325 train_time:1666.837s step_avg:663.02ms
step:2515/3325 train_time:1667.496s step_avg:663.02ms
step:2516/3325 train_time:1668.158s step_avg:663.02ms
step:2517/3325 train_time:1668.817s step_avg:663.02ms
step:2518/3325 train_time:1669.485s step_avg:663.02ms
step:2519/3325 train_time:1670.142s step_avg:663.02ms
step:2520/3325 train_time:1670.803s step_avg:663.02ms
step:2521/3325 train_time:1671.462s step_avg:663.02ms
step:2522/3325 train_time:1672.124s step_avg:663.02ms
step:2523/3325 train_time:1672.785s step_avg:663.01ms
step:2524/3325 train_time:1673.451s step_avg:663.02ms
step:2525/3325 train_time:1674.112s step_avg:663.01ms
step:2526/3325 train_time:1674.775s step_avg:663.01ms
step:2527/3325 train_time:1675.433s step_avg:663.01ms
step:2528/3325 train_time:1676.092s step_avg:663.01ms
step:2529/3325 train_time:1676.757s step_avg:663.01ms
step:2530/3325 train_time:1677.417s step_avg:663.01ms
step:2531/3325 train_time:1678.082s step_avg:663.01ms
step:2532/3325 train_time:1678.741s step_avg:663.01ms
step:2533/3325 train_time:1679.399s step_avg:663.01ms
step:2534/3325 train_time:1680.064s step_avg:663.01ms
step:2535/3325 train_time:1680.722s step_avg:663.01ms
step:2536/3325 train_time:1681.390s step_avg:663.01ms
step:2537/3325 train_time:1682.046s step_avg:663.01ms
step:2538/3325 train_time:1682.711s step_avg:663.01ms
step:2539/3325 train_time:1683.371s step_avg:663.01ms
step:2540/3325 train_time:1684.033s step_avg:663.01ms
step:2541/3325 train_time:1684.693s step_avg:663.00ms
step:2542/3325 train_time:1685.356s step_avg:663.00ms
step:2543/3325 train_time:1686.015s step_avg:663.00ms
step:2544/3325 train_time:1686.678s step_avg:663.00ms
step:2545/3325 train_time:1687.338s step_avg:663.00ms
step:2546/3325 train_time:1687.997s step_avg:663.00ms
step:2547/3325 train_time:1688.662s step_avg:663.00ms
step:2548/3325 train_time:1689.320s step_avg:663.00ms
step:2549/3325 train_time:1689.985s step_avg:663.00ms
step:2550/3325 train_time:1690.644s step_avg:663.00ms
step:2551/3325 train_time:1691.308s step_avg:663.00ms
step:2552/3325 train_time:1691.969s step_avg:663.00ms
step:2553/3325 train_time:1692.631s step_avg:663.00ms
step:2554/3325 train_time:1693.296s step_avg:663.00ms
step:2555/3325 train_time:1693.957s step_avg:663.00ms
step:2556/3325 train_time:1694.624s step_avg:663.00ms
step:2557/3325 train_time:1695.281s step_avg:663.00ms
step:2558/3325 train_time:1695.950s step_avg:663.00ms
step:2559/3325 train_time:1696.603s step_avg:662.99ms
step:2560/3325 train_time:1697.271s step_avg:663.00ms
step:2561/3325 train_time:1697.929s step_avg:662.99ms
step:2562/3325 train_time:1698.595s step_avg:663.00ms
step:2563/3325 train_time:1699.255s step_avg:662.99ms
step:2564/3325 train_time:1699.917s step_avg:662.99ms
step:2565/3325 train_time:1700.583s step_avg:663.00ms
step:2566/3325 train_time:1701.244s step_avg:662.99ms
step:2567/3325 train_time:1701.908s step_avg:662.99ms
step:2568/3325 train_time:1702.570s step_avg:662.99ms
step:2569/3325 train_time:1703.233s step_avg:662.99ms
step:2570/3325 train_time:1703.892s step_avg:662.99ms
step:2571/3325 train_time:1704.555s step_avg:662.99ms
step:2572/3325 train_time:1705.213s step_avg:662.99ms
step:2573/3325 train_time:1705.877s step_avg:662.99ms
step:2574/3325 train_time:1706.536s step_avg:662.99ms
step:2575/3325 train_time:1707.197s step_avg:662.99ms
step:2576/3325 train_time:1707.864s step_avg:662.99ms
step:2577/3325 train_time:1708.525s step_avg:662.99ms
step:2578/3325 train_time:1709.191s step_avg:662.99ms
step:2579/3325 train_time:1709.853s step_avg:662.99ms
step:2580/3325 train_time:1710.519s step_avg:662.99ms
step:2581/3325 train_time:1711.185s step_avg:662.99ms
step:2582/3325 train_time:1711.846s step_avg:662.99ms
step:2583/3325 train_time:1712.506s step_avg:662.99ms
step:2584/3325 train_time:1713.173s step_avg:662.99ms
step:2585/3325 train_time:1713.830s step_avg:662.99ms
step:2586/3325 train_time:1714.492s step_avg:662.99ms
step:2587/3325 train_time:1715.152s step_avg:662.99ms
step:2588/3325 train_time:1715.820s step_avg:662.99ms
step:2589/3325 train_time:1716.480s step_avg:662.99ms
step:2590/3325 train_time:1717.140s step_avg:662.99ms
step:2591/3325 train_time:1717.800s step_avg:662.99ms
step:2592/3325 train_time:1718.465s step_avg:662.99ms
step:2593/3325 train_time:1719.122s step_avg:662.99ms
step:2594/3325 train_time:1719.786s step_avg:662.99ms
step:2595/3325 train_time:1720.451s step_avg:662.99ms
step:2596/3325 train_time:1721.108s step_avg:662.98ms
step:2597/3325 train_time:1721.771s step_avg:662.98ms
step:2598/3325 train_time:1722.431s step_avg:662.98ms
step:2599/3325 train_time:1723.092s step_avg:662.98ms
step:2600/3325 train_time:1723.754s step_avg:662.98ms
step:2601/3325 train_time:1724.412s step_avg:662.98ms
step:2602/3325 train_time:1725.073s step_avg:662.98ms
step:2603/3325 train_time:1725.733s step_avg:662.98ms
step:2604/3325 train_time:1726.393s step_avg:662.98ms
step:2605/3325 train_time:1727.056s step_avg:662.98ms
step:2606/3325 train_time:1727.719s step_avg:662.98ms
step:2607/3325 train_time:1728.382s step_avg:662.98ms
step:2608/3325 train_time:1729.043s step_avg:662.98ms
step:2609/3325 train_time:1729.700s step_avg:662.97ms
step:2610/3325 train_time:1730.367s step_avg:662.98ms
step:2611/3325 train_time:1731.025s step_avg:662.97ms
step:2612/3325 train_time:1731.688s step_avg:662.97ms
step:2613/3325 train_time:1732.348s step_avg:662.97ms
step:2614/3325 train_time:1733.007s step_avg:662.97ms
step:2615/3325 train_time:1733.669s step_avg:662.97ms
step:2616/3325 train_time:1734.330s step_avg:662.97ms
step:2617/3325 train_time:1734.996s step_avg:662.97ms
step:2618/3325 train_time:1735.655s step_avg:662.97ms
step:2619/3325 train_time:1736.319s step_avg:662.97ms
step:2620/3325 train_time:1736.986s step_avg:662.97ms
step:2621/3325 train_time:1737.646s step_avg:662.97ms
step:2622/3325 train_time:1738.310s step_avg:662.97ms
step:2623/3325 train_time:1738.972s step_avg:662.97ms
step:2624/3325 train_time:1739.636s step_avg:662.97ms
step:2625/3325 train_time:1740.294s step_avg:662.97ms
step:2625/3325 val_loss:3.40209 train_time:1740.305s step_avg:661.81ms
step:2626/3325 train_time:1740.969s step_avg:662.97ms
step:2627/3325 train_time:1741.625s step_avg:662.97ms
step:2628/3325 train_time:1742.289s step_avg:662.97ms
step:2629/3325 train_time:1742.949s step_avg:662.97ms
step:2630/3325 train_time:1743.609s step_avg:662.97ms
step:2631/3325 train_time:1744.269s step_avg:662.97ms
step:2632/3325 train_time:1744.928s step_avg:662.97ms
step:2633/3325 train_time:1745.587s step_avg:662.97ms
step:2634/3325 train_time:1746.249s step_avg:662.96ms
step:2635/3325 train_time:1746.909s step_avg:662.96ms
step:2636/3325 train_time:1747.569s step_avg:662.96ms
step:2637/3325 train_time:1748.226s step_avg:662.96ms
step:2638/3325 train_time:1748.888s step_avg:662.96ms
step:2639/3325 train_time:1749.548s step_avg:662.96ms
step:2640/3325 train_time:1750.207s step_avg:662.96ms
step:2641/3325 train_time:1750.867s step_avg:662.96ms
step:2642/3325 train_time:1751.527s step_avg:662.95ms
step:2643/3325 train_time:1752.186s step_avg:662.95ms
step:2644/3325 train_time:1752.848s step_avg:662.95ms
step:2645/3325 train_time:1753.506s step_avg:662.95ms
step:2646/3325 train_time:1754.166s step_avg:662.95ms
step:2647/3325 train_time:1754.828s step_avg:662.95ms
step:2648/3325 train_time:1755.487s step_avg:662.95ms
step:2649/3325 train_time:1756.148s step_avg:662.95ms
step:2650/3325 train_time:1756.806s step_avg:662.95ms
step:2651/3325 train_time:1757.467s step_avg:662.94ms
step:2652/3325 train_time:1758.126s step_avg:662.94ms
step:2653/3325 train_time:1758.786s step_avg:662.94ms
step:2654/3325 train_time:1759.446s step_avg:662.94ms
step:2655/3325 train_time:1760.105s step_avg:662.94ms
step:2656/3325 train_time:1760.766s step_avg:662.94ms
step:2657/3325 train_time:1761.425s step_avg:662.94ms
step:2658/3325 train_time:1762.086s step_avg:662.94ms
step:2659/3325 train_time:1762.749s step_avg:662.94ms
step:2660/3325 train_time:1763.408s step_avg:662.94ms
step:2661/3325 train_time:1764.090s step_avg:662.94ms
step:2662/3325 train_time:1764.749s step_avg:662.94ms
step:2663/3325 train_time:1765.408s step_avg:662.94ms
step:2664/3325 train_time:1766.070s step_avg:662.94ms
step:2665/3325 train_time:1766.730s step_avg:662.94ms
step:2666/3325 train_time:1767.390s step_avg:662.94ms
step:2667/3325 train_time:1768.052s step_avg:662.94ms
step:2668/3325 train_time:1768.716s step_avg:662.94ms
step:2669/3325 train_time:1769.377s step_avg:662.94ms
step:2670/3325 train_time:1770.041s step_avg:662.94ms
step:2671/3325 train_time:1770.698s step_avg:662.93ms
step:2672/3325 train_time:1771.363s step_avg:662.94ms
step:2673/3325 train_time:1772.021s step_avg:662.93ms
step:2674/3325 train_time:1772.682s step_avg:662.93ms
step:2675/3325 train_time:1773.344s step_avg:662.93ms
step:2676/3325 train_time:1774.003s step_avg:662.93ms
step:2677/3325 train_time:1774.665s step_avg:662.93ms
step:2678/3325 train_time:1775.326s step_avg:662.93ms
step:2679/3325 train_time:1775.986s step_avg:662.93ms
step:2680/3325 train_time:1776.649s step_avg:662.93ms
step:2681/3325 train_time:1777.309s step_avg:662.93ms
step:2682/3325 train_time:1777.969s step_avg:662.93ms
step:2683/3325 train_time:1778.630s step_avg:662.93ms
step:2684/3325 train_time:1779.293s step_avg:662.93ms
step:2685/3325 train_time:1779.955s step_avg:662.93ms
step:2686/3325 train_time:1780.616s step_avg:662.92ms
step:2687/3325 train_time:1781.277s step_avg:662.92ms
step:2688/3325 train_time:1781.939s step_avg:662.92ms
step:2689/3325 train_time:1782.595s step_avg:662.92ms
step:2690/3325 train_time:1783.262s step_avg:662.92ms
step:2691/3325 train_time:1783.923s step_avg:662.92ms
step:2692/3325 train_time:1784.586s step_avg:662.92ms
step:2693/3325 train_time:1785.248s step_avg:662.92ms
step:2694/3325 train_time:1785.911s step_avg:662.92ms
step:2695/3325 train_time:1786.578s step_avg:662.92ms
step:2696/3325 train_time:1787.239s step_avg:662.92ms
step:2697/3325 train_time:1787.902s step_avg:662.92ms
step:2698/3325 train_time:1788.563s step_avg:662.92ms
step:2699/3325 train_time:1789.225s step_avg:662.92ms
step:2700/3325 train_time:1789.885s step_avg:662.92ms
step:2701/3325 train_time:1790.549s step_avg:662.92ms
step:2702/3325 train_time:1791.218s step_avg:662.92ms
step:2703/3325 train_time:1791.881s step_avg:662.92ms
step:2704/3325 train_time:1792.544s step_avg:662.92ms
step:2705/3325 train_time:1793.203s step_avg:662.92ms
step:2706/3325 train_time:1793.868s step_avg:662.92ms
step:2707/3325 train_time:1794.526s step_avg:662.92ms
step:2708/3325 train_time:1795.188s step_avg:662.92ms
step:2709/3325 train_time:1795.850s step_avg:662.92ms
step:2710/3325 train_time:1796.518s step_avg:662.92ms
step:2711/3325 train_time:1797.177s step_avg:662.92ms
step:2712/3325 train_time:1797.843s step_avg:662.92ms
step:2713/3325 train_time:1798.501s step_avg:662.92ms
step:2714/3325 train_time:1799.166s step_avg:662.92ms
step:2715/3325 train_time:1799.828s step_avg:662.92ms
step:2716/3325 train_time:1800.487s step_avg:662.92ms
step:2717/3325 train_time:1801.155s step_avg:662.92ms
step:2718/3325 train_time:1801.816s step_avg:662.92ms
step:2719/3325 train_time:1802.481s step_avg:662.92ms
step:2720/3325 train_time:1803.140s step_avg:662.92ms
step:2721/3325 train_time:1803.804s step_avg:662.92ms
step:2722/3325 train_time:1804.467s step_avg:662.92ms
step:2723/3325 train_time:1805.129s step_avg:662.92ms
step:2724/3325 train_time:1805.789s step_avg:662.92ms
step:2725/3325 train_time:1806.453s step_avg:662.92ms
step:2726/3325 train_time:1807.113s step_avg:662.92ms
step:2727/3325 train_time:1807.777s step_avg:662.92ms
step:2728/3325 train_time:1808.436s step_avg:662.92ms
step:2729/3325 train_time:1809.095s step_avg:662.91ms
step:2730/3325 train_time:1809.774s step_avg:662.92ms
step:2731/3325 train_time:1810.457s step_avg:662.93ms
step:2732/3325 train_time:1811.141s step_avg:662.94ms
step:2733/3325 train_time:1811.849s step_avg:662.95ms
step:2734/3325 train_time:1812.532s step_avg:662.96ms
step:2735/3325 train_time:1813.213s step_avg:662.97ms
step:2736/3325 train_time:1813.882s step_avg:662.97ms
step:2737/3325 train_time:1814.548s step_avg:662.97ms
step:2738/3325 train_time:1815.223s step_avg:662.97ms
step:2739/3325 train_time:1815.892s step_avg:662.98ms
step:2740/3325 train_time:1816.570s step_avg:662.98ms
step:2741/3325 train_time:1817.248s step_avg:662.99ms
step:2742/3325 train_time:1817.924s step_avg:662.99ms
step:2743/3325 train_time:1818.603s step_avg:663.00ms
step:2744/3325 train_time:1819.278s step_avg:663.00ms
step:2745/3325 train_time:1819.979s step_avg:663.02ms
step:2746/3325 train_time:1820.712s step_avg:663.04ms
step:2747/3325 train_time:1821.385s step_avg:663.05ms
step:2748/3325 train_time:1822.048s step_avg:663.05ms
step:2749/3325 train_time:1822.707s step_avg:663.04ms
step:2750/3325 train_time:1823.428s step_avg:663.06ms
step:2750/3325 val_loss:3.37870 train_time:1823.440s step_avg:665.08ms
step:2751/3325 train_time:1824.105s step_avg:663.07ms
step:2752/3325 train_time:1824.763s step_avg:663.07ms
step:2753/3325 train_time:1825.425s step_avg:663.07ms
step:2754/3325 train_time:1826.085s step_avg:663.07ms
step:2755/3325 train_time:1826.752s step_avg:663.07ms
step:2756/3325 train_time:1827.411s step_avg:663.07ms
step:2757/3325 train_time:1828.081s step_avg:663.07ms
step:2758/3325 train_time:1828.740s step_avg:663.07ms
step:2759/3325 train_time:1829.405s step_avg:663.07ms
step:2760/3325 train_time:1830.066s step_avg:663.07ms
step:2761/3325 train_time:1830.728s step_avg:663.07ms
step:2762/3325 train_time:1831.387s step_avg:663.07ms
step:2763/3325 train_time:1832.054s step_avg:663.07ms
step:2764/3325 train_time:1832.710s step_avg:663.06ms
step:2765/3325 train_time:1833.378s step_avg:663.07ms
step:2766/3325 train_time:1834.040s step_avg:663.07ms
step:2767/3325 train_time:1834.700s step_avg:663.06ms
step:2768/3325 train_time:1835.363s step_avg:663.06ms
step:2769/3325 train_time:1836.022s step_avg:663.06ms
step:2770/3325 train_time:1836.682s step_avg:663.06ms
step:2771/3325 train_time:1837.345s step_avg:663.06ms
step:2772/3325 train_time:1838.008s step_avg:663.06ms
step:2773/3325 train_time:1838.670s step_avg:663.06ms
step:2774/3325 train_time:1839.334s step_avg:663.06ms
step:2775/3325 train_time:1839.991s step_avg:663.06ms
step:2776/3325 train_time:1840.657s step_avg:663.06ms
step:2777/3325 train_time:1841.317s step_avg:663.06ms
step:2778/3325 train_time:1841.978s step_avg:663.06ms
step:2779/3325 train_time:1842.640s step_avg:663.06ms
step:2780/3325 train_time:1843.300s step_avg:663.06ms
step:2781/3325 train_time:1843.962s step_avg:663.06ms
step:2782/3325 train_time:1844.622s step_avg:663.06ms
step:2783/3325 train_time:1845.282s step_avg:663.05ms
step:2784/3325 train_time:1845.945s step_avg:663.05ms
step:2785/3325 train_time:1846.602s step_avg:663.05ms
step:2786/3325 train_time:1847.263s step_avg:663.05ms
step:2787/3325 train_time:1847.923s step_avg:663.05ms
step:2788/3325 train_time:1848.582s step_avg:663.05ms
step:2789/3325 train_time:1849.244s step_avg:663.05ms
step:2790/3325 train_time:1849.903s step_avg:663.05ms
step:2791/3325 train_time:1850.562s step_avg:663.05ms
step:2792/3325 train_time:1851.222s step_avg:663.05ms
step:2793/3325 train_time:1851.882s step_avg:663.04ms
step:2794/3325 train_time:1852.545s step_avg:663.04ms
step:2795/3325 train_time:1853.202s step_avg:663.04ms
step:2796/3325 train_time:1853.865s step_avg:663.04ms
step:2797/3325 train_time:1854.526s step_avg:663.04ms
step:2798/3325 train_time:1855.185s step_avg:663.04ms
step:2799/3325 train_time:1855.846s step_avg:663.04ms
step:2800/3325 train_time:1856.506s step_avg:663.04ms
step:2801/3325 train_time:1857.169s step_avg:663.04ms
step:2802/3325 train_time:1857.836s step_avg:663.04ms
step:2803/3325 train_time:1858.493s step_avg:663.04ms
step:2804/3325 train_time:1859.164s step_avg:663.04ms
step:2805/3325 train_time:1859.822s step_avg:663.04ms
step:2806/3325 train_time:1860.485s step_avg:663.04ms
step:2807/3325 train_time:1861.147s step_avg:663.04ms
step:2808/3325 train_time:1861.816s step_avg:663.04ms
step:2809/3325 train_time:1862.469s step_avg:663.04ms
step:2810/3325 train_time:1863.134s step_avg:663.04ms
step:2811/3325 train_time:1863.788s step_avg:663.03ms
step:2812/3325 train_time:1864.457s step_avg:663.04ms
step:2813/3325 train_time:1865.114s step_avg:663.03ms
step:2814/3325 train_time:1865.775s step_avg:663.03ms
step:2815/3325 train_time:1866.436s step_avg:663.03ms
step:2816/3325 train_time:1867.095s step_avg:663.03ms
step:2817/3325 train_time:1867.761s step_avg:663.03ms
step:2818/3325 train_time:1868.422s step_avg:663.03ms
step:2819/3325 train_time:1869.084s step_avg:663.03ms
step:2820/3325 train_time:1869.747s step_avg:663.03ms
step:2821/3325 train_time:1870.407s step_avg:663.03ms
step:2822/3325 train_time:1871.076s step_avg:663.03ms
step:2823/3325 train_time:1871.734s step_avg:663.03ms
step:2824/3325 train_time:1872.397s step_avg:663.03ms
step:2825/3325 train_time:1873.057s step_avg:663.03ms
step:2826/3325 train_time:1873.723s step_avg:663.03ms
step:2827/3325 train_time:1874.384s step_avg:663.03ms
step:2828/3325 train_time:1875.045s step_avg:663.03ms
step:2829/3325 train_time:1875.706s step_avg:663.03ms
step:2830/3325 train_time:1876.373s step_avg:663.03ms
step:2831/3325 train_time:1877.031s step_avg:663.03ms
step:2832/3325 train_time:1877.696s step_avg:663.03ms
step:2833/3325 train_time:1878.359s step_avg:663.03ms
step:2834/3325 train_time:1879.022s step_avg:663.03ms
step:2835/3325 train_time:1879.681s step_avg:663.03ms
step:2836/3325 train_time:1880.344s step_avg:663.03ms
step:2837/3325 train_time:1881.007s step_avg:663.03ms
step:2838/3325 train_time:1881.670s step_avg:663.03ms
step:2839/3325 train_time:1882.332s step_avg:663.03ms
step:2840/3325 train_time:1882.990s step_avg:663.02ms
step:2841/3325 train_time:1883.662s step_avg:663.03ms
step:2842/3325 train_time:1884.320s step_avg:663.03ms
step:2843/3325 train_time:1884.981s step_avg:663.03ms
step:2844/3325 train_time:1885.642s step_avg:663.02ms
step:2845/3325 train_time:1886.302s step_avg:663.02ms
step:2846/3325 train_time:1886.964s step_avg:663.02ms
step:2847/3325 train_time:1887.622s step_avg:663.02ms
step:2848/3325 train_time:1888.281s step_avg:663.02ms
step:2849/3325 train_time:1888.943s step_avg:663.02ms
step:2850/3325 train_time:1889.602s step_avg:663.02ms
step:2851/3325 train_time:1890.282s step_avg:663.02ms
step:2852/3325 train_time:1890.946s step_avg:663.02ms
step:2853/3325 train_time:1891.605s step_avg:663.02ms
step:2854/3325 train_time:1892.268s step_avg:663.02ms
step:2855/3325 train_time:1892.927s step_avg:663.02ms
step:2856/3325 train_time:1893.585s step_avg:663.02ms
step:2857/3325 train_time:1894.246s step_avg:663.02ms
step:2858/3325 train_time:1894.905s step_avg:663.02ms
step:2859/3325 train_time:1895.565s step_avg:663.02ms
step:2860/3325 train_time:1896.224s step_avg:663.02ms
step:2861/3325 train_time:1896.883s step_avg:663.01ms
step:2862/3325 train_time:1897.545s step_avg:663.01ms
step:2863/3325 train_time:1898.202s step_avg:663.01ms
step:2864/3325 train_time:1898.863s step_avg:663.01ms
step:2865/3325 train_time:1899.524s step_avg:663.01ms
step:2866/3325 train_time:1900.181s step_avg:663.01ms
step:2867/3325 train_time:1900.845s step_avg:663.01ms
step:2868/3325 train_time:1901.501s step_avg:663.01ms
step:2869/3325 train_time:1902.164s step_avg:663.01ms
step:2870/3325 train_time:1902.826s step_avg:663.01ms
step:2871/3325 train_time:1903.483s step_avg:663.00ms
step:2872/3325 train_time:1904.147s step_avg:663.00ms
step:2873/3325 train_time:1904.806s step_avg:663.00ms
step:2874/3325 train_time:1905.468s step_avg:663.00ms
step:2875/3325 train_time:1906.128s step_avg:663.00ms
step:2875/3325 val_loss:3.35500 train_time:1906.139s step_avg:661.59ms
step:2876/3325 train_time:1906.805s step_avg:663.01ms
step:2877/3325 train_time:1907.462s step_avg:663.00ms
step:2878/3325 train_time:1908.125s step_avg:663.00ms
step:2879/3325 train_time:1908.786s step_avg:663.00ms
step:2880/3325 train_time:1909.448s step_avg:663.00ms
step:2881/3325 train_time:1910.112s step_avg:663.00ms
step:2882/3325 train_time:1910.775s step_avg:663.00ms
step:2883/3325 train_time:1911.441s step_avg:663.00ms
step:2884/3325 train_time:1912.097s step_avg:663.00ms
step:2885/3325 train_time:1912.762s step_avg:663.00ms
step:2886/3325 train_time:1913.421s step_avg:663.00ms
step:2887/3325 train_time:1914.087s step_avg:663.00ms
step:2888/3325 train_time:1914.748s step_avg:663.00ms
step:2889/3325 train_time:1915.409s step_avg:663.00ms
step:2890/3325 train_time:1916.077s step_avg:663.00ms
step:2891/3325 train_time:1916.737s step_avg:663.00ms
step:2892/3325 train_time:1917.397s step_avg:663.00ms
step:2893/3325 train_time:1918.063s step_avg:663.00ms
step:2894/3325 train_time:1918.727s step_avg:663.00ms
step:2895/3325 train_time:1919.386s step_avg:663.00ms
step:2896/3325 train_time:1920.050s step_avg:663.00ms
step:2897/3325 train_time:1920.709s step_avg:663.00ms
step:2898/3325 train_time:1921.372s step_avg:663.00ms
step:2899/3325 train_time:1922.033s step_avg:663.00ms
step:2900/3325 train_time:1922.695s step_avg:663.00ms
step:2901/3325 train_time:1923.361s step_avg:663.00ms
step:2902/3325 train_time:1924.024s step_avg:663.00ms
step:2903/3325 train_time:1924.682s step_avg:663.00ms
step:2904/3325 train_time:1925.348s step_avg:663.00ms
step:2905/3325 train_time:1926.008s step_avg:663.00ms
step:2906/3325 train_time:1926.673s step_avg:663.00ms
step:2907/3325 train_time:1927.335s step_avg:663.00ms
step:2908/3325 train_time:1927.994s step_avg:663.00ms
step:2909/3325 train_time:1928.665s step_avg:663.00ms
step:2910/3325 train_time:1929.323s step_avg:663.00ms
step:2911/3325 train_time:1929.986s step_avg:663.00ms
step:2912/3325 train_time:1930.647s step_avg:663.00ms
step:2913/3325 train_time:1931.316s step_avg:663.00ms
step:2914/3325 train_time:1931.972s step_avg:663.00ms
step:2915/3325 train_time:1932.635s step_avg:663.00ms
step:2916/3325 train_time:1933.293s step_avg:662.99ms
step:2917/3325 train_time:1933.958s step_avg:663.00ms
step:2918/3325 train_time:1934.614s step_avg:662.99ms
step:2919/3325 train_time:1935.282s step_avg:662.99ms
step:2920/3325 train_time:1935.941s step_avg:662.99ms
step:2921/3325 train_time:1936.601s step_avg:662.99ms
step:2922/3325 train_time:1937.263s step_avg:662.99ms
step:2923/3325 train_time:1937.925s step_avg:662.99ms
step:2924/3325 train_time:1938.585s step_avg:662.99ms
step:2925/3325 train_time:1939.244s step_avg:662.99ms
step:2926/3325 train_time:1939.906s step_avg:662.99ms
step:2927/3325 train_time:1940.573s step_avg:662.99ms
step:2928/3325 train_time:1941.233s step_avg:662.99ms
step:2929/3325 train_time:1941.893s step_avg:662.99ms
step:2930/3325 train_time:1942.562s step_avg:662.99ms
step:2931/3325 train_time:1943.225s step_avg:662.99ms
step:2932/3325 train_time:1943.886s step_avg:662.99ms
step:2933/3325 train_time:1944.546s step_avg:662.99ms
step:2934/3325 train_time:1945.205s step_avg:662.99ms
step:2935/3325 train_time:1945.865s step_avg:662.99ms
step:2936/3325 train_time:1946.525s step_avg:662.99ms
step:2937/3325 train_time:1947.185s step_avg:662.98ms
step:2938/3325 train_time:1947.846s step_avg:662.98ms
step:2939/3325 train_time:1948.507s step_avg:662.98ms
step:2940/3325 train_time:1949.168s step_avg:662.98ms
step:2941/3325 train_time:1949.828s step_avg:662.98ms
step:2942/3325 train_time:1950.490s step_avg:662.98ms
step:2943/3325 train_time:1951.150s step_avg:662.98ms
step:2944/3325 train_time:1951.882s step_avg:663.00ms
step:2945/3325 train_time:1952.559s step_avg:663.01ms
step:2946/3325 train_time:1953.255s step_avg:663.02ms
step:2947/3325 train_time:1953.938s step_avg:663.03ms
step:2948/3325 train_time:1954.640s step_avg:663.04ms
step:2949/3325 train_time:1955.308s step_avg:663.04ms
step:2950/3325 train_time:1955.996s step_avg:663.05ms
step:2951/3325 train_time:1956.658s step_avg:663.05ms
step:2952/3325 train_time:1957.321s step_avg:663.05ms
step:2953/3325 train_time:1957.995s step_avg:663.05ms
step:2954/3325 train_time:1958.671s step_avg:663.06ms
step:2955/3325 train_time:1959.344s step_avg:663.06ms
step:2956/3325 train_time:1960.015s step_avg:663.06ms
step:2957/3325 train_time:1960.697s step_avg:663.07ms
step:2958/3325 train_time:1961.373s step_avg:663.07ms
step:2959/3325 train_time:1962.048s step_avg:663.08ms
step:2960/3325 train_time:1962.728s step_avg:663.08ms
step:2961/3325 train_time:1963.461s step_avg:663.11ms
step:2962/3325 train_time:1964.167s step_avg:663.12ms
step:2963/3325 train_time:1964.825s step_avg:663.12ms
step:2964/3325 train_time:1965.487s step_avg:663.12ms
step:2965/3325 train_time:1966.196s step_avg:663.14ms
step:2966/3325 train_time:1966.885s step_avg:663.14ms
step:2967/3325 train_time:1967.549s step_avg:663.14ms
step:2968/3325 train_time:1968.213s step_avg:663.14ms
step:2969/3325 train_time:1968.883s step_avg:663.15ms
step:2970/3325 train_time:1969.549s step_avg:663.15ms
step:2971/3325 train_time:1970.217s step_avg:663.15ms
step:2972/3325 train_time:1970.881s step_avg:663.15ms
step:2973/3325 train_time:1971.546s step_avg:663.15ms
step:2974/3325 train_time:1972.212s step_avg:663.15ms
step:2975/3325 train_time:1972.877s step_avg:663.15ms
step:2976/3325 train_time:1973.541s step_avg:663.15ms
step:2977/3325 train_time:1974.200s step_avg:663.15ms
step:2978/3325 train_time:1974.868s step_avg:663.15ms
step:2979/3325 train_time:1975.530s step_avg:663.15ms
step:2980/3325 train_time:1976.191s step_avg:663.15ms
step:2981/3325 train_time:1976.859s step_avg:663.15ms
step:2982/3325 train_time:1977.523s step_avg:663.15ms
step:2983/3325 train_time:1978.184s step_avg:663.15ms
step:2984/3325 train_time:1978.849s step_avg:663.15ms
step:2985/3325 train_time:1979.531s step_avg:663.16ms
step:2986/3325 train_time:1980.229s step_avg:663.17ms
step:2987/3325 train_time:1980.965s step_avg:663.20ms
step:2988/3325 train_time:1981.644s step_avg:663.20ms
step:2989/3325 train_time:1982.303s step_avg:663.20ms
step:2990/3325 train_time:1982.968s step_avg:663.20ms
step:2991/3325 train_time:1983.647s step_avg:663.21ms
step:2992/3325 train_time:1984.331s step_avg:663.21ms
step:2993/3325 train_time:1985.012s step_avg:663.22ms
step:2994/3325 train_time:1985.801s step_avg:663.26ms
step:2995/3325 train_time:1986.466s step_avg:663.26ms
step:2996/3325 train_time:1987.128s step_avg:663.26ms
step:2997/3325 train_time:1987.787s step_avg:663.26ms
step:2998/3325 train_time:1988.451s step_avg:663.26ms
step:2999/3325 train_time:1989.111s step_avg:663.26ms
step:3000/3325 train_time:1989.775s step_avg:663.26ms
step:3000/3325 val_loss:3.33194 train_time:1989.786s step_avg:669.18ms
step:3001/3325 train_time:1990.448s step_avg:663.26ms
step:3002/3325 train_time:1991.106s step_avg:663.26ms
step:3003/3325 train_time:1991.773s step_avg:663.26ms
step:3004/3325 train_time:1992.430s step_avg:663.26ms
step:3005/3325 train_time:1993.092s step_avg:663.26ms
step:3006/3325 train_time:1993.755s step_avg:663.26ms
step:3007/3325 train_time:1994.418s step_avg:663.26ms
step:3008/3325 train_time:1995.080s step_avg:663.26ms
step:3009/3325 train_time:1995.741s step_avg:663.26ms
step:3010/3325 train_time:1996.407s step_avg:663.26ms
step:3011/3325 train_time:1997.067s step_avg:663.26ms
step:3012/3325 train_time:1997.736s step_avg:663.26ms
step:3013/3325 train_time:1998.391s step_avg:663.26ms
step:3014/3325 train_time:1999.058s step_avg:663.26ms
step:3015/3325 train_time:1999.719s step_avg:663.26ms
step:3016/3325 train_time:2000.385s step_avg:663.26ms
step:3017/3325 train_time:2001.044s step_avg:663.26ms
step:3018/3325 train_time:2001.709s step_avg:663.26ms
step:3019/3325 train_time:2002.375s step_avg:663.26ms
step:3020/3325 train_time:2003.037s step_avg:663.26ms
step:3021/3325 train_time:2003.696s step_avg:663.26ms
step:3022/3325 train_time:2004.359s step_avg:663.26ms
step:3023/3325 train_time:2005.029s step_avg:663.26ms
step:3024/3325 train_time:2005.686s step_avg:663.26ms
step:3025/3325 train_time:2006.357s step_avg:663.26ms
step:3026/3325 train_time:2007.017s step_avg:663.26ms
step:3027/3325 train_time:2007.682s step_avg:663.26ms
step:3028/3325 train_time:2008.344s step_avg:663.26ms
step:3029/3325 train_time:2009.013s step_avg:663.26ms
step:3030/3325 train_time:2009.671s step_avg:663.26ms
step:3031/3325 train_time:2010.341s step_avg:663.26ms
step:3032/3325 train_time:2011.304s step_avg:663.36ms
step:3033/3325 train_time:2011.961s step_avg:663.36ms
step:3034/3325 train_time:2012.624s step_avg:663.36ms
step:3035/3325 train_time:2013.282s step_avg:663.35ms
step:3036/3325 train_time:2013.945s step_avg:663.35ms
step:3037/3325 train_time:2014.613s step_avg:663.36ms
step:3038/3325 train_time:2015.272s step_avg:663.35ms
step:3039/3325 train_time:2015.941s step_avg:663.36ms
step:3040/3325 train_time:2016.603s step_avg:663.36ms
step:3041/3325 train_time:2017.284s step_avg:663.36ms
step:3042/3325 train_time:2017.947s step_avg:663.36ms
step:3043/3325 train_time:2018.611s step_avg:663.36ms
step:3044/3325 train_time:2019.272s step_avg:663.36ms
step:3045/3325 train_time:2019.936s step_avg:663.36ms
step:3046/3325 train_time:2020.598s step_avg:663.36ms
step:3047/3325 train_time:2021.264s step_avg:663.36ms
step:3048/3325 train_time:2021.923s step_avg:663.36ms
step:3049/3325 train_time:2022.585s step_avg:663.36ms
step:3050/3325 train_time:2023.254s step_avg:663.36ms
step:3051/3325 train_time:2023.918s step_avg:663.36ms
step:3052/3325 train_time:2024.582s step_avg:663.36ms
step:3053/3325 train_time:2025.243s step_avg:663.36ms
step:3054/3325 train_time:2025.905s step_avg:663.36ms
step:3055/3325 train_time:2026.574s step_avg:663.36ms
step:3056/3325 train_time:2027.232s step_avg:663.36ms
step:3057/3325 train_time:2027.896s step_avg:663.36ms
step:3058/3325 train_time:2028.555s step_avg:663.36ms
step:3059/3325 train_time:2029.218s step_avg:663.36ms
step:3060/3325 train_time:2029.879s step_avg:663.36ms
step:3061/3325 train_time:2030.540s step_avg:663.36ms
step:3062/3325 train_time:2031.199s step_avg:663.36ms
step:3063/3325 train_time:2031.859s step_avg:663.36ms
step:3064/3325 train_time:2032.518s step_avg:663.35ms
step:3065/3325 train_time:2033.177s step_avg:663.35ms
step:3066/3325 train_time:2033.840s step_avg:663.35ms
step:3067/3325 train_time:2034.499s step_avg:663.35ms
step:3068/3325 train_time:2035.160s step_avg:663.35ms
step:3069/3325 train_time:2035.820s step_avg:663.35ms
step:3070/3325 train_time:2036.480s step_avg:663.35ms
step:3071/3325 train_time:2037.143s step_avg:663.35ms
step:3072/3325 train_time:2037.801s step_avg:663.35ms
step:3073/3325 train_time:2038.462s step_avg:663.35ms
step:3074/3325 train_time:2039.122s step_avg:663.34ms
step:3075/3325 train_time:2039.781s step_avg:663.34ms
step:3076/3325 train_time:2040.444s step_avg:663.34ms
step:3077/3325 train_time:2041.105s step_avg:663.34ms
step:3078/3325 train_time:2041.767s step_avg:663.34ms
step:3079/3325 train_time:2042.427s step_avg:663.34ms
step:3080/3325 train_time:2043.086s step_avg:663.34ms
step:3081/3325 train_time:2043.754s step_avg:663.34ms
step:3082/3325 train_time:2044.416s step_avg:663.34ms
step:3083/3325 train_time:2045.079s step_avg:663.34ms
step:3084/3325 train_time:2045.742s step_avg:663.34ms
step:3085/3325 train_time:2046.401s step_avg:663.34ms
step:3086/3325 train_time:2047.063s step_avg:663.34ms
step:3087/3325 train_time:2047.723s step_avg:663.34ms
step:3088/3325 train_time:2048.384s step_avg:663.34ms
step:3089/3325 train_time:2049.045s step_avg:663.34ms
step:3090/3325 train_time:2049.706s step_avg:663.34ms
step:3091/3325 train_time:2050.372s step_avg:663.34ms
step:3092/3325 train_time:2051.032s step_avg:663.34ms
step:3093/3325 train_time:2051.696s step_avg:663.34ms
step:3094/3325 train_time:2052.359s step_avg:663.34ms
step:3095/3325 train_time:2053.023s step_avg:663.34ms
step:3096/3325 train_time:2053.681s step_avg:663.33ms
step:3097/3325 train_time:2054.343s step_avg:663.33ms
step:3098/3325 train_time:2055.003s step_avg:663.33ms
step:3099/3325 train_time:2055.667s step_avg:663.33ms
step:3100/3325 train_time:2056.334s step_avg:663.33ms
step:3101/3325 train_time:2056.994s step_avg:663.33ms
step:3102/3325 train_time:2057.663s step_avg:663.33ms
step:3103/3325 train_time:2058.321s step_avg:663.33ms
step:3104/3325 train_time:2058.985s step_avg:663.33ms
step:3105/3325 train_time:2059.650s step_avg:663.33ms
step:3106/3325 train_time:2060.317s step_avg:663.33ms
step:3107/3325 train_time:2060.978s step_avg:663.33ms
step:3108/3325 train_time:2061.640s step_avg:663.33ms
step:3109/3325 train_time:2062.302s step_avg:663.33ms
step:3110/3325 train_time:2062.969s step_avg:663.33ms
step:3111/3325 train_time:2063.627s step_avg:663.33ms
step:3112/3325 train_time:2064.291s step_avg:663.33ms
step:3113/3325 train_time:2064.956s step_avg:663.33ms
step:3114/3325 train_time:2065.620s step_avg:663.33ms
step:3115/3325 train_time:2066.277s step_avg:663.33ms
step:3116/3325 train_time:2066.945s step_avg:663.33ms
step:3117/3325 train_time:2067.613s step_avg:663.33ms
step:3118/3325 train_time:2068.277s step_avg:663.33ms
step:3119/3325 train_time:2068.942s step_avg:663.34ms
step:3120/3325 train_time:2069.601s step_avg:663.33ms
step:3121/3325 train_time:2070.273s step_avg:663.34ms
step:3122/3325 train_time:2070.927s step_avg:663.33ms
step:3123/3325 train_time:2071.594s step_avg:663.33ms
step:3124/3325 train_time:2072.253s step_avg:663.33ms
step:3125/3325 train_time:2072.921s step_avg:663.33ms
step:3125/3325 val_loss:3.30974 train_time:2072.932s step_avg:665.17ms
step:3126/3325 train_time:2073.596s step_avg:663.34ms
step:3127/3325 train_time:2074.253s step_avg:663.34ms
step:3128/3325 train_time:2074.923s step_avg:663.34ms
step:3129/3325 train_time:2075.577s step_avg:663.34ms
step:3130/3325 train_time:2076.249s step_avg:663.34ms
step:3131/3325 train_time:2076.907s step_avg:663.34ms
step:3132/3325 train_time:2077.573s step_avg:663.34ms
step:3133/3325 train_time:2078.233s step_avg:663.34ms
step:3134/3325 train_time:2078.895s step_avg:663.34ms
step:3135/3325 train_time:2079.565s step_avg:663.34ms
step:3136/3325 train_time:2080.225s step_avg:663.34ms
step:3137/3325 train_time:2080.886s step_avg:663.34ms
step:3138/3325 train_time:2081.549s step_avg:663.34ms
step:3139/3325 train_time:2082.215s step_avg:663.34ms
step:3140/3325 train_time:2082.874s step_avg:663.34ms
step:3141/3325 train_time:2083.539s step_avg:663.34ms
step:3142/3325 train_time:2084.200s step_avg:663.34ms
step:3143/3325 train_time:2084.868s step_avg:663.34ms
step:3144/3325 train_time:2085.528s step_avg:663.34ms
step:3145/3325 train_time:2086.190s step_avg:663.34ms
step:3146/3325 train_time:2086.853s step_avg:663.34ms
step:3147/3325 train_time:2087.517s step_avg:663.34ms
step:3148/3325 train_time:2088.177s step_avg:663.33ms
step:3149/3325 train_time:2088.843s step_avg:663.34ms
step:3150/3325 train_time:2089.502s step_avg:663.33ms
step:3151/3325 train_time:2090.165s step_avg:663.33ms
step:3152/3325 train_time:2090.827s step_avg:663.33ms
step:3153/3325 train_time:2091.486s step_avg:663.33ms
step:3154/3325 train_time:2092.153s step_avg:663.33ms
step:3155/3325 train_time:2092.813s step_avg:663.33ms
step:3156/3325 train_time:2093.474s step_avg:663.33ms
step:3157/3325 train_time:2094.137s step_avg:663.33ms
step:3158/3325 train_time:2094.805s step_avg:663.33ms
step:3159/3325 train_time:2095.465s step_avg:663.33ms
step:3160/3325 train_time:2096.130s step_avg:663.33ms
step:3161/3325 train_time:2096.791s step_avg:663.33ms
step:3162/3325 train_time:2097.456s step_avg:663.33ms
step:3163/3325 train_time:2098.115s step_avg:663.33ms
step:3164/3325 train_time:2098.774s step_avg:663.33ms
step:3165/3325 train_time:2099.438s step_avg:663.33ms
step:3166/3325 train_time:2100.102s step_avg:663.33ms
step:3167/3325 train_time:2100.761s step_avg:663.33ms
step:3168/3325 train_time:2101.430s step_avg:663.33ms
step:3169/3325 train_time:2102.092s step_avg:663.33ms
step:3170/3325 train_time:2102.757s step_avg:663.33ms
step:3171/3325 train_time:2103.417s step_avg:663.33ms
step:3172/3325 train_time:2104.078s step_avg:663.33ms
step:3173/3325 train_time:2104.744s step_avg:663.33ms
step:3174/3325 train_time:2105.403s step_avg:663.33ms
step:3175/3325 train_time:2106.068s step_avg:663.33ms
step:3176/3325 train_time:2106.731s step_avg:663.33ms
step:3177/3325 train_time:2107.394s step_avg:663.33ms
step:3178/3325 train_time:2108.055s step_avg:663.33ms
step:3179/3325 train_time:2108.718s step_avg:663.33ms
step:3180/3325 train_time:2109.378s step_avg:663.33ms
step:3181/3325 train_time:2110.044s step_avg:663.33ms
step:3182/3325 train_time:2110.703s step_avg:663.33ms
step:3183/3325 train_time:2111.366s step_avg:663.33ms
step:3184/3325 train_time:2112.031s step_avg:663.33ms
step:3185/3325 train_time:2112.690s step_avg:663.32ms
step:3186/3325 train_time:2113.352s step_avg:663.32ms
step:3187/3325 train_time:2114.013s step_avg:663.32ms
step:3188/3325 train_time:2114.675s step_avg:663.32ms
step:3189/3325 train_time:2115.337s step_avg:663.32ms
step:3190/3325 train_time:2115.998s step_avg:663.32ms
step:3191/3325 train_time:2116.662s step_avg:663.32ms
step:3192/3325 train_time:2117.324s step_avg:663.32ms
step:3193/3325 train_time:2117.982s step_avg:663.32ms
step:3194/3325 train_time:2118.648s step_avg:663.32ms
step:3195/3325 train_time:2119.309s step_avg:663.32ms
step:3196/3325 train_time:2119.973s step_avg:663.32ms
step:3197/3325 train_time:2120.634s step_avg:663.32ms
step:3198/3325 train_time:2121.294s step_avg:663.32ms
step:3199/3325 train_time:2121.963s step_avg:663.32ms
step:3200/3325 train_time:2122.620s step_avg:663.32ms
step:3201/3325 train_time:2123.287s step_avg:663.32ms
step:3202/3325 train_time:2123.949s step_avg:663.32ms
step:3203/3325 train_time:2124.614s step_avg:663.32ms
step:3204/3325 train_time:2125.273s step_avg:663.32ms
step:3205/3325 train_time:2125.936s step_avg:663.32ms
step:3206/3325 train_time:2126.596s step_avg:663.32ms
step:3207/3325 train_time:2127.259s step_avg:663.32ms
step:3208/3325 train_time:2127.924s step_avg:663.32ms
step:3209/3325 train_time:2128.582s step_avg:663.32ms
step:3210/3325 train_time:2129.255s step_avg:663.32ms
step:3211/3325 train_time:2129.915s step_avg:663.32ms
step:3212/3325 train_time:2130.575s step_avg:663.32ms
step:3213/3325 train_time:2131.238s step_avg:663.32ms
step:3214/3325 train_time:2131.906s step_avg:663.32ms
step:3215/3325 train_time:2132.566s step_avg:663.32ms
step:3216/3325 train_time:2133.231s step_avg:663.32ms
step:3217/3325 train_time:2133.892s step_avg:663.32ms
step:3218/3325 train_time:2134.559s step_avg:663.32ms
step:3219/3325 train_time:2135.219s step_avg:663.32ms
step:3220/3325 train_time:2135.878s step_avg:663.32ms
step:3221/3325 train_time:2136.546s step_avg:663.32ms
step:3222/3325 train_time:2137.209s step_avg:663.32ms
step:3223/3325 train_time:2137.870s step_avg:663.32ms
step:3224/3325 train_time:2138.536s step_avg:663.32ms
step:3225/3325 train_time:2139.198s step_avg:663.32ms
step:3226/3325 train_time:2139.872s step_avg:663.32ms
step:3227/3325 train_time:2140.530s step_avg:663.32ms
step:3228/3325 train_time:2141.190s step_avg:663.32ms
step:3229/3325 train_time:2141.857s step_avg:663.32ms
step:3230/3325 train_time:2142.518s step_avg:663.32ms
step:3231/3325 train_time:2143.203s step_avg:663.33ms
step:3232/3325 train_time:2143.863s step_avg:663.32ms
step:3233/3325 train_time:2144.526s step_avg:663.32ms
step:3234/3325 train_time:2145.188s step_avg:663.32ms
step:3235/3325 train_time:2145.851s step_avg:663.32ms
step:3236/3325 train_time:2146.514s step_avg:663.32ms
step:3237/3325 train_time:2147.177s step_avg:663.32ms
step:3238/3325 train_time:2147.845s step_avg:663.32ms
step:3239/3325 train_time:2148.509s step_avg:663.32ms
step:3240/3325 train_time:2149.173s step_avg:663.33ms
step:3241/3325 train_time:2149.839s step_avg:663.33ms
step:3242/3325 train_time:2150.499s step_avg:663.32ms
step:3243/3325 train_time:2151.167s step_avg:663.33ms
step:3244/3325 train_time:2151.829s step_avg:663.33ms
step:3245/3325 train_time:2152.492s step_avg:663.33ms
step:3246/3325 train_time:2153.157s step_avg:663.33ms
step:3247/3325 train_time:2153.819s step_avg:663.33ms
step:3248/3325 train_time:2154.481s step_avg:663.33ms
step:3249/3325 train_time:2155.152s step_avg:663.33ms
step:3250/3325 train_time:2155.811s step_avg:663.33ms
step:3250/3325 val_loss:3.29221 train_time:2155.821s step_avg:663.12ms
step:3251/3325 train_time:2156.484s step_avg:663.33ms
step:3252/3325 train_time:2157.143s step_avg:663.33ms
step:3253/3325 train_time:2157.807s step_avg:663.33ms
step:3254/3325 train_time:2158.465s step_avg:663.33ms
step:3255/3325 train_time:2159.126s step_avg:663.33ms
step:3256/3325 train_time:2159.786s step_avg:663.33ms
step:3257/3325 train_time:2160.448s step_avg:663.32ms
step:3258/3325 train_time:2161.109s step_avg:663.32ms
step:3259/3325 train_time:2161.774s step_avg:663.32ms
step:3260/3325 train_time:2162.432s step_avg:663.32ms
step:3261/3325 train_time:2163.096s step_avg:663.32ms
step:3262/3325 train_time:2163.756s step_avg:663.32ms
step:3263/3325 train_time:2164.419s step_avg:663.32ms
step:3264/3325 train_time:2165.080s step_avg:663.32ms
step:3265/3325 train_time:2165.741s step_avg:663.32ms
step:3266/3325 train_time:2166.402s step_avg:663.32ms
step:3267/3325 train_time:2167.062s step_avg:663.32ms
step:3268/3325 train_time:2167.726s step_avg:663.32ms
step:3269/3325 train_time:2168.385s step_avg:663.32ms
step:3270/3325 train_time:2169.054s step_avg:663.32ms
step:3271/3325 train_time:2169.711s step_avg:663.32ms
step:3272/3325 train_time:2170.376s step_avg:663.32ms
step:3273/3325 train_time:2171.035s step_avg:663.32ms
step:3274/3325 train_time:2171.699s step_avg:663.32ms
step:3275/3325 train_time:2172.360s step_avg:663.32ms
step:3276/3325 train_time:2173.024s step_avg:663.32ms
step:3277/3325 train_time:2173.688s step_avg:663.32ms
step:3278/3325 train_time:2174.351s step_avg:663.32ms
step:3279/3325 train_time:2175.014s step_avg:663.32ms
step:3280/3325 train_time:2175.674s step_avg:663.32ms
step:3281/3325 train_time:2176.346s step_avg:663.32ms
step:3282/3325 train_time:2177.006s step_avg:663.32ms
step:3283/3325 train_time:2177.669s step_avg:663.32ms
step:3284/3325 train_time:2178.334s step_avg:663.32ms
step:3285/3325 train_time:2179.002s step_avg:663.32ms
step:3286/3325 train_time:2179.663s step_avg:663.32ms
step:3287/3325 train_time:2180.327s step_avg:663.32ms
step:3288/3325 train_time:2180.987s step_avg:663.32ms
step:3289/3325 train_time:2181.658s step_avg:663.32ms
step:3290/3325 train_time:2182.315s step_avg:663.32ms
step:3291/3325 train_time:2182.981s step_avg:663.32ms
step:3292/3325 train_time:2183.640s step_avg:663.32ms
step:3293/3325 train_time:2184.303s step_avg:663.32ms
step:3294/3325 train_time:2184.963s step_avg:663.32ms
step:3295/3325 train_time:2185.625s step_avg:663.32ms
step:3296/3325 train_time:2186.283s step_avg:663.31ms
step:3297/3325 train_time:2186.947s step_avg:663.31ms
step:3298/3325 train_time:2187.607s step_avg:663.31ms
step:3299/3325 train_time:2188.266s step_avg:663.31ms
step:3300/3325 train_time:2188.933s step_avg:663.31ms
step:3301/3325 train_time:2189.590s step_avg:663.31ms
step:3302/3325 train_time:2190.258s step_avg:663.31ms
step:3303/3325 train_time:2190.919s step_avg:663.31ms
step:3304/3325 train_time:2191.582s step_avg:663.31ms
step:3305/3325 train_time:2192.243s step_avg:663.31ms
step:3306/3325 train_time:2192.906s step_avg:663.31ms
step:3307/3325 train_time:2193.570s step_avg:663.31ms
step:3308/3325 train_time:2194.235s step_avg:663.31ms
step:3309/3325 train_time:2194.900s step_avg:663.31ms
step:3310/3325 train_time:2195.562s step_avg:663.31ms
step:3311/3325 train_time:2196.230s step_avg:663.31ms
step:3312/3325 train_time:2196.889s step_avg:663.31ms
step:3313/3325 train_time:2197.555s step_avg:663.31ms
step:3314/3325 train_time:2198.215s step_avg:663.31ms
step:3315/3325 train_time:2198.881s step_avg:663.31ms
step:3316/3325 train_time:2199.543s step_avg:663.31ms
step:3317/3325 train_time:2200.204s step_avg:663.31ms
step:3318/3325 train_time:2200.866s step_avg:663.31ms
step:3319/3325 train_time:2201.529s step_avg:663.31ms
step:3320/3325 train_time:2202.190s step_avg:663.31ms
step:3321/3325 train_time:2202.855s step_avg:663.31ms
step:3322/3325 train_time:2203.513s step_avg:663.31ms
step:3323/3325 train_time:2204.176s step_avg:663.31ms
step:3324/3325 train_time:2204.842s step_avg:663.31ms
step:3325/3325 train_time:2205.503s step_avg:663.31ms
step:3325/3325 val_loss:3.28713 train_time:2205.514s step_avg:662.57ms
